Command: bash /data/local/software/ModelArray/0_register_acpc_to_mni.sh -i /data/local/134_AF19/derivatives/qsirecon/derivatives/qsirecon-DIPYMAPMRI -m /data/local/134_AF19/derivatives/qsirecon/derivatives -s 02 -j 4 -n Linear
Started: 2026-03-30T08:02:24.920839
============================================================

============================================================
 ACPC → MNI152NLin2009cAsym Registration
============================================================
 Input dir  : /data/local/134_AF19/derivatives/qsirecon/derivatives/qsirecon-DIPYMAPMRI
 Output dir : (same as input)
 ModelArray : /data/local/134_AF19/derivatives/qsirecon/derivatives
 QSIPrep    : /data/local/134_AF19/derivatives/qsiprep
 Template   : /data/local/templateflow/tpl-MNI152NLin2009cAsym/tpl-MNI152NLin2009cAsym_res-02_T1w.nii.gz
 Res tag    : res-02  (voxel size: 2 mm, read from file)
 Interpolation: Linear
 Jobs       : 4
 Force      : no
============================================================

Subjects found in input : 117
Files to process        : 2142
Files skipped (exist)   : 0

  [PROC] sub-134001
sub-134001 ses-1
ses-1: sub-134001_ses-1_acq-1k3k64d_space-ACPC_model-mapmri_param-mapcoeffs_dwimap.nii.gz
  [DONE] → sub-134001_ses-1_acq-1k3k64d_space-MNI152NLin2009cAsym_res-02_model-mapmri_param-mapcoeffs_dwimap.nii.gz
  [PROC] sub-134001
sub-134001 ses-1
ses-1: sub-134001_ses-1_acq-1k3k64d_space-ACPC_model-mapmri_param-msd_dwimap.nii.gz
  [DONE] → sub-134001_ses-1_acq-1k3k64d_space-MNI152NLin2009cAsym_res-02_model-mapmri_param-msd_dwimap.nii.gz
  [PROC] sub-134001
sub-134001 ses-1
ses-1: sub-134001_ses-1_acq-1k3k64d_space-ACPC_model-mapmri_param-qiv_dwimap.nii.gz
  [DONE] → sub-134001_ses-1_acq-1k3k64d_space-MNI152NLin2009cAsym_res-02_model-mapmri_param-qiv_dwimap.nii.gz
  [PROC] sub-134001
sub-134001 ses-1
ses-1: sub-134001_ses-1_acq-1k3k64d_space-ACPC_model-mapmri_param-lapnorm_dwimap.nii.gz
  [DONE] → sub-134001_ses-1_acq-1k3k64d_space-MNI152NLin2009cAsym_res-02_model-mapmri_param-lapnorm_dwimap.nii.gz
  [PROC] sub-134001
sub-134001 ses-1
ses-1: sub-134001_ses-1_acq-1k3k64d_space-ACPC_model-mapmri_param-rtop_dwimap.nii.gz
  [DONE] → sub-134001_ses-1_acq-1k3k64d_space-MNI152NLin2009cAsym_res-02_model-mapmri_param-rtop_dwimap.nii.gz
  [PROC] sub-134001
sub-134001 ses-2
ses-2: sub-134001_ses-2_acq-1k3k64d_space-ACPC_model-mapmri_param-lapnorm_dwimap.nii.gz
  [DONE] → sub-134001_ses-2_acq-1k3k64d_space-MNI152NLin2009cAsym_res-02_model-mapmri_param-lapnorm_dwimap.nii.gz
  [PROC] sub-134001
sub-134001 ses-1
ses-1: sub-134001_ses-1_acq-1k3k64d_space-ACPC_model-mapmri_param-rtap_dwimap.nii.gz
  [DONE] → sub-134001_ses-1_acq-1k3k64d_space-MNI152NLin2009cAsym_res-02_model-mapmri_param-rtap_dwimap.nii.gz
  [PROC] sub-134001
sub-134001 ses-1
ses-1: sub-134001_ses-1_acq-1k3k64d_space-ACPC_model-mapmri_param-rtpp_dwimap.nii.gz
  [DONE] → sub-134001_ses-1_acq-1k3k64d_space-MNI152NLin2009cAsym_res-02_model-mapmri_param-rtpp_dwimap.nii.gz
  [PROC] sub-134001
sub-134001 ses-2
ses-2: sub-134001_ses-2_acq-1k3k64d_space-ACPC_model-mapmri_param-mapcoeffs_dwimap.nii.gz
  [DONE] → sub-134001_ses-2_acq-1k3k64d_space-MNI152NLin2009cAsym_res-02_model-mapmri_param-mapcoeffs_dwimap.nii.gz
  [PROC] sub-134001
sub-134001 ses-2
ses-2: sub-134001_ses-2_acq-1k3k64d_space-ACPC_model-mapmri_param-msd_dwimap.nii.gz
  [DONE] → sub-134001_ses-2_acq-1k3k64d_space-MNI152NLin2009cAsym_res-02_model-mapmri_param-msd_dwimap.nii.gz
  [PROC] sub-134001
sub-134001 ses-2
ses-2: sub-134001_ses-2_acq-1k3k64d_space-ACPC_model-mapmri_param-rtap_dwimap.nii.gz
  [DONE] → sub-134001_ses-2_acq-1k3k64d_space-MNI152NLin2009cAsym_res-02_model-mapmri_param-rtap_dwimap.nii.gz
  [PROC] sub-134001
sub-134001 ses-2
ses-2: sub-134001_ses-2_acq-1k3k64d_space-ACPC_model-mapmri_param-qiv_dwimap.nii.gz
  [DONE] → sub-134001_ses-2_acq-1k3k64d_space-MNI152NLin2009cAsym_res-02_model-mapmri_param-qiv_dwimap.nii.gz
  [PROC] sub-134001
sub-134001 ses-3
ses-3: sub-134001_ses-3_acq-1k3k64d_space-ACPC_model-mapmri_param-mapcoeffs_dwimap.nii.gz
  [DONE] → sub-134001_ses-3_acq-1k3k64d_space-MNI152NLin2009cAsym_res-02_model-mapmri_param-mapcoeffs_dwimap.nii.gz
  [PROC] sub-134001
sub-134001 ses-2
ses-2: sub-134001_ses-2_acq-1k3k64d_space-ACPC_model-mapmri_param-rtpp_dwimap.nii.gz
  [DONE] → sub-134001_ses-2_acq-1k3k64d_space-MNI152NLin2009cAsym_res-02_model-mapmri_param-rtpp_dwimap.nii.gz
  [PROC] sub-134001
sub-134001 ses-3
ses-3: sub-134001_ses-3_acq-1k3k64d_space-ACPC_model-mapmri_param-lapnorm_dwimap.nii.gz
  [DONE] → sub-134001_ses-3_acq-1k3k64d_space-MNI152NLin2009cAsym_res-02_model-mapmri_param-lapnorm_dwimap.nii.gz
  [PROC] sub-134001
sub-134001 ses-2
ses-2: sub-134001_ses-2_acq-1k3k64d_space-ACPC_model-mapmri_param-rtop_dwimap.nii.gz
  [DONE] → sub-134001_ses-2_acq-1k3k64d_space-MNI152NLin2009cAsym_res-02_model-mapmri_param-rtop_dwimap.nii.gz
  [PROC] sub-134001
sub-134001 ses-3
ses-3: sub-134001_ses-3_acq-1k3k64d_space-ACPC_model-mapmri_param-rtap_dwimap.nii.gz
  [DONE] → sub-134001_ses-3_acq-1k3k64d_space-MNI152NLin2009cAsym_res-02_model-mapmri_param-rtap_dwimap.nii.gz
  [PROC] sub-134001
sub-134001 ses-3
ses-3: sub-134001_ses-3_acq-1k3k64d_space-ACPC_model-mapmri_param-rtop_dwimap.nii.gz
  [DONE] → sub-134001_ses-3_acq-1k3k64d_space-MNI152NLin2009cAsym_res-02_model-mapmri_param-rtop_dwimap.nii.gz
  [PROC] sub-134001
sub-134001 ses-3
ses-3: sub-134001_ses-3_acq-1k3k64d_space-ACPC_model-mapmri_param-msd_dwimap.nii.gz
  [DONE] → sub-134001_ses-3_acq-1k3k64d_space-MNI152NLin2009cAsym_res-02_model-mapmri_param-msd_dwimap.nii.gz
  [PROC] sub-134001
sub-134001 ses-3
ses-3: sub-134001_ses-3_acq-1k3k64d_space-ACPC_model-mapmri_param-qiv_dwimap.nii.gz
  [DONE] → sub-134001_ses-3_acq-1k3k64d_space-MNI152NLin2009cAsym_res-02_model-mapmri_param-qiv_dwimap.nii.gz
  [PROC] sub-134001
sub-134001 ses-3
ses-3: sub-134001_ses-3_acq-1k3k64d_space-ACPC_model-mapmri_param-rtpp_dwimap.nii.gz
  [DONE] → sub-134001_ses-3_acq-1k3k64d_space-MNI152NLin2009cAsym_res-02_model-mapmri_param-rtpp_dwimap.nii.gz
  [PROC] sub-134002
sub-134002 ses-1
ses-1: sub-134002_ses-1_acq-1k3k64d_space-ACPC_model-mapmri_param-lapnorm_dwimap.nii.gz
  [DONE] → sub-134002_ses-1_acq-1k3k64d_space-MNI152NLin2009cAsym_res-02_model-mapmri_param-lapnorm_dwimap.nii.gz
  [PROC] sub-134002
sub-134002 ses-1
ses-1: sub-134002_ses-1_acq-1k3k64d_space-ACPC_model-mapmri_param-msd_dwimap.nii.gz
  [DONE] → sub-134002_ses-1_acq-1k3k64d_space-MNI152NLin2009cAsym_res-02_model-mapmri_param-msd_dwimap.nii.gz
  [PROC] sub-134002
sub-134002 ses-1
ses-1: sub-134002_ses-1_acq-1k3k64d_space-ACPC_model-mapmri_param-mapcoeffs_dwimap.nii.gz
  [DONE] → sub-134002_ses-1_acq-1k3k64d_space-MNI152NLin2009cAsym_res-02_model-mapmri_param-mapcoeffs_dwimap.nii.gz
  [PROC] sub-134002
sub-134002 ses-1
ses-1: sub-134002_ses-1_acq-1k3k64d_space-ACPC_model-mapmri_param-qiv_dwimap.nii.gz
  [DONE] → sub-134002_ses-1_acq-1k3k64d_space-MNI152NLin2009cAsym_res-02_model-mapmri_param-qiv_dwimap.nii.gz
  [PROC] sub-134002
sub-134002 ses-1
ses-1: sub-134002_ses-1_acq-1k3k64d_space-ACPC_model-mapmri_param-rtpp_dwimap.nii.gz
  [DONE] → sub-134002_ses-1_acq-1k3k64d_space-MNI152NLin2009cAsym_res-02_model-mapmri_param-rtpp_dwimap.nii.gz
  [PROC] sub-134002
sub-134002 ses-1
ses-1: sub-134002_ses-1_acq-1k3k64d_space-ACPC_model-mapmri_param-rtop_dwimap.nii.gz
  [DONE] → sub-134002_ses-1_acq-1k3k64d_space-MNI152NLin2009cAsym_res-02_model-mapmri_param-rtop_dwimap.nii.gz
  [PROC] sub-134002
sub-134002 ses-1
ses-1: sub-134002_ses-1_acq-1k3k64d_space-ACPC_model-mapmri_param-rtap_dwimap.nii.gz
  [DONE] → sub-134002_ses-1_acq-1k3k64d_space-MNI152NLin2009cAsym_res-02_model-mapmri_param-rtap_dwimap.nii.gz
  [PROC] sub-134002
sub-134002 ses-2
ses-2: sub-134002_ses-2_acq-1k3k64d_space-ACPC_model-mapmri_param-lapnorm_dwimap.nii.gz
  [DONE] → sub-134002_ses-2_acq-1k3k64d_space-MNI152NLin2009cAsym_res-02_model-mapmri_param-lapnorm_dwimap.nii.gz
  [PROC] sub-134002
sub-134002 ses-2
ses-2: sub-134002_ses-2_acq-1k3k64d_space-ACPC_model-mapmri_param-msd_dwimap.nii.gz
  [DONE] → sub-134002_ses-2_acq-1k3k64d_space-MNI152NLin2009cAsym_res-02_model-mapmri_param-msd_dwimap.nii.gz
  [PROC] sub-134002
sub-134002 ses-2
ses-2: sub-134002_ses-2_acq-1k3k64d_space-ACPC_model-mapmri_param-mapcoeffs_dwimap.nii.gz
  [DONE] → sub-134002_ses-2_acq-1k3k64d_space-MNI152NLin2009cAsym_res-02_model-mapmri_param-mapcoeffs_dwimap.nii.gz
  [PROC] sub-134002
sub-134002 ses-2
ses-2: sub-134002_ses-2_acq-1k3k64d_space-ACPC_model-mapmri_param-qiv_dwimap.nii.gz
  [DONE] → sub-134002_ses-2_acq-1k3k64d_space-MNI152NLin2009cAsym_res-02_model-mapmri_param-qiv_dwimap.nii.gz
  [PROC] sub-134002
sub-134002 ses-2
ses-2: sub-134002_ses-2_acq-1k3k64d_space-ACPC_model-mapmri_param-rtap_dwimap.nii.gz
  [DONE] → sub-134002_ses-2_acq-1k3k64d_space-MNI152NLin2009cAsym_res-02_model-mapmri_param-rtap_dwimap.nii.gz
  [PROC] sub-134002
sub-134002 ses-2
ses-2: sub-134002_ses-2_acq-1k3k64d_space-ACPC_model-mapmri_param-rtop_dwimap.nii.gz
  [DONE] → sub-134002_ses-2_acq-1k3k64d_space-MNI152NLin2009cAsym_res-02_model-mapmri_param-rtop_dwimap.nii.gz
  [PROC] sub-134002
sub-134002 ses-2
ses-2: sub-134002_ses-2_acq-1k3k64d_space-ACPC_model-mapmri_param-rtpp_dwimap.nii.gz
  [DONE] → sub-134002_ses-2_acq-1k3k64d_space-MNI152NLin2009cAsym_res-02_model-mapmri_param-rtpp_dwimap.nii.gz
  [PROC] sub-134002
sub-134002 ses-3
ses-3: sub-134002_ses-3_acq-1k3k64d_space-ACPC_model-mapmri_param-lapnorm_dwimap.nii.gz
  [DONE] → sub-134002_ses-3_acq-1k3k64d_space-MNI152NLin2009cAsym_res-02_model-mapmri_param-lapnorm_dwimap.nii.gz
  [PROC] sub-134002
sub-134002 ses-3
ses-3: sub-134002_ses-3_acq-1k3k64d_space-ACPC_model-mapmri_param-mapcoeffs_dwimap.nii.gz
  [DONE] → sub-134002_ses-3_acq-1k3k64d_space-MNI152NLin2009cAsym_res-02_model-mapmri_param-mapcoeffs_dwimap.nii.gz
  [PROC] sub-134002
sub-134002 ses-3
ses-3: sub-134002_ses-3_acq-1k3k64d_space-ACPC_model-mapmri_param-msd_dwimap.nii.gz
  [DONE] → sub-134002_ses-3_acq-1k3k64d_space-MNI152NLin2009cAsym_res-02_model-mapmri_param-msd_dwimap.nii.gz
  [PROC] sub-134002
sub-134002 ses-3
ses-3: sub-134002_ses-3_acq-1k3k64d_space-ACPC_model-mapmri_param-qiv_dwimap.nii.gz
  [DONE] → sub-134002_ses-3_acq-1k3k64d_space-MNI152NLin2009cAsym_res-02_model-mapmri_param-qiv_dwimap.nii.gz
  [PROC] sub-134002
sub-134002 ses-3
ses-3: sub-134002_ses-3_acq-1k3k64d_space-ACPC_model-mapmri_param-rtap_dwimap.nii.gz
  [DONE] → sub-134002_ses-3_acq-1k3k64d_space-MNI152NLin2009cAsym_res-02_model-mapmri_param-rtap_dwimap.nii.gz
  [PROC] sub-134002
sub-134002 ses-3
ses-3: sub-134002_ses-3_acq-1k3k64d_space-ACPC_model-mapmri_param-rtpp_dwimap.nii.gz
  [DONE] → sub-134002_ses-3_acq-1k3k64d_space-MNI152NLin2009cAsym_res-02_model-mapmri_param-rtpp_dwimap.nii.gz
  [PROC] sub-134002
sub-134002 ses-3
ses-3: sub-134002_ses-3_acq-1k3k64d_space-ACPC_model-mapmri_param-rtop_dwimap.nii.gz
  [DONE] → sub-134002_ses-3_acq-1k3k64d_space-MNI152NLin2009cAsym_res-02_model-mapmri_param-rtop_dwimap.nii.gz
  [PROC] sub-134003
sub-134003 ses-1
ses-1: sub-134003_ses-1_acq-1k3k64d_space-ACPC_model-mapmri_param-lapnorm_dwimap.nii.gz
  [DONE] → sub-134003_ses-1_acq-1k3k64d_space-MNI152NLin2009cAsym_res-02_model-mapmri_param-lapnorm_dwimap.nii.gz
  [PROC] sub-134003
sub-134003 ses-1
ses-1: sub-134003_ses-1_acq-1k3k64d_space-ACPC_model-mapmri_param-mapcoeffs_dwimap.nii.gz
  [DONE] → sub-134003_ses-1_acq-1k3k64d_space-MNI152NLin2009cAsym_res-02_model-mapmri_param-mapcoeffs_dwimap.nii.gz
  [PROC] sub-134003
sub-134003 ses-1
ses-1: sub-134003_ses-1_acq-1k3k64d_space-ACPC_model-mapmri_param-qiv_dwimap.nii.gz
  [DONE] → sub-134003_ses-1_acq-1k3k64d_space-MNI152NLin2009cAsym_res-02_model-mapmri_param-qiv_dwimap.nii.gz
  [PROC] sub-134003
sub-134003 ses-1
ses-1: sub-134003_ses-1_acq-1k3k64d_space-ACPC_model-mapmri_param-msd_dwimap.nii.gz
  [DONE] → sub-134003_ses-1_acq-1k3k64d_space-MNI152NLin2009cAsym_res-02_model-mapmri_param-msd_dwimap.nii.gz
  [PROC] sub-134003
sub-134003 ses-1
ses-1: sub-134003_ses-1_acq-1k3k64d_space-ACPC_model-mapmri_param-rtap_dwimap.nii.gz
  [DONE] → sub-134003_ses-1_acq-1k3k64d_space-MNI152NLin2009cAsym_res-02_model-mapmri_param-rtap_dwimap.nii.gz
  [PROC] sub-134003
sub-134003 ses-1
ses-1: sub-134003_ses-1_acq-1k3k64d_space-ACPC_model-mapmri_param-rtop_dwimap.nii.gz
  [DONE] → sub-134003_ses-1_acq-1k3k64d_space-MNI152NLin2009cAsym_res-02_model-mapmri_param-rtop_dwimap.nii.gz
  [PROC] sub-134003
sub-134003 ses-1
ses-1: sub-134003_ses-1_acq-1k3k64d_space-ACPC_model-mapmri_param-rtpp_dwimap.nii.gz
  [DONE] → sub-134003_ses-1_acq-1k3k64d_space-MNI152NLin2009cAsym_res-02_model-mapmri_param-rtpp_dwimap.nii.gz
  [PROC] sub-134003
sub-134003 ses-2
ses-2: sub-134003_ses-2_acq-1k3k64d_space-ACPC_model-mapmri_param-lapnorm_dwimap.nii.gz
  [DONE] → sub-134003_ses-2_acq-1k3k64d_space-MNI152NLin2009cAsym_res-02_model-mapmri_param-lapnorm_dwimap.nii.gz
  [PROC] sub-134003
sub-134003 ses-2
ses-2: sub-134003_ses-2_acq-1k3k64d_space-ACPC_model-mapmri_param-mapcoeffs_dwimap.nii.gz
  [DONE] → sub-134003_ses-2_acq-1k3k64d_space-MNI152NLin2009cAsym_res-02_model-mapmri_param-mapcoeffs_dwimap.nii.gz
  [PROC] sub-134003
sub-134003 ses-2
ses-2: sub-134003_ses-2_acq-1k3k64d_space-ACPC_model-mapmri_param-msd_dwimap.nii.gz
  [DONE] → sub-134003_ses-2_acq-1k3k64d_space-MNI152NLin2009cAsym_res-02_model-mapmri_param-msd_dwimap.nii.gz
  [PROC] sub-134003
sub-134003 ses-2
ses-2: sub-134003_ses-2_acq-1k3k64d_space-ACPC_model-mapmri_param-qiv_dwimap.nii.gz
  [DONE] → sub-134003_ses-2_acq-1k3k64d_space-MNI152NLin2009cAsym_res-02_model-mapmri_param-qiv_dwimap.nii.gz
  [PROC] sub-134003
sub-134003 ses-2
ses-2: sub-134003_ses-2_acq-1k3k64d_space-ACPC_model-mapmri_param-rtap_dwimap.nii.gz
  [DONE] → sub-134003_ses-2_acq-1k3k64d_space-MNI152NLin2009cAsym_res-02_model-mapmri_param-rtap_dwimap.nii.gz
  [PROC] sub-134003
sub-134003 ses-2
ses-2: sub-134003_ses-2_acq-1k3k64d_space-ACPC_model-mapmri_param-rtop_dwimap.nii.gz
  [DONE] → sub-134003_ses-2_acq-1k3k64d_space-MNI152NLin2009cAsym_res-02_model-mapmri_param-rtop_dwimap.nii.gz
  [PROC] sub-134003
sub-134003 ses-2
ses-2: sub-134003_ses-2_acq-1k3k64d_space-ACPC_model-mapmri_param-rtpp_dwimap.nii.gz
  [DONE] → sub-134003_ses-2_acq-1k3k64d_space-MNI152NLin2009cAsym_res-02_model-mapmri_param-rtpp_dwimap.nii.gz
  [PROC] sub-134003
sub-134003 ses-3
ses-3: sub-134003_ses-3_acq-1k3k64d_space-ACPC_model-mapmri_param-lapnorm_dwimap.nii.gz
  [DONE] → sub-134003_ses-3_acq-1k3k64d_space-MNI152NLin2009cAsym_res-02_model-mapmri_param-lapnorm_dwimap.nii.gz
  [PROC] sub-134003
sub-134003 ses-3
ses-3: sub-134003_ses-3_acq-1k3k64d_space-ACPC_model-mapmri_param-mapcoeffs_dwimap.nii.gz
  [DONE] → sub-134003_ses-3_acq-1k3k64d_space-MNI152NLin2009cAsym_res-02_model-mapmri_param-mapcoeffs_dwimap.nii.gz
  [PROC] sub-134003
sub-134003 ses-3
ses-3: sub-134003_ses-3_acq-1k3k64d_space-ACPC_model-mapmri_param-msd_dwimap.nii.gz
  [DONE] → sub-134003_ses-3_acq-1k3k64d_space-MNI152NLin2009cAsym_res-02_model-mapmri_param-msd_dwimap.nii.gz
  [PROC] sub-134003
sub-134003 ses-3
ses-3: sub-134003_ses-3_acq-1k3k64d_space-ACPC_model-mapmri_param-qiv_dwimap.nii.gz
  [DONE] → sub-134003_ses-3_acq-1k3k64d_space-MNI152NLin2009cAsym_res-02_model-mapmri_param-qiv_dwimap.nii.gz
  [PROC] sub-134003
sub-134003 ses-3
ses-3: sub-134003_ses-3_acq-1k3k64d_space-ACPC_model-mapmri_param-rtap_dwimap.nii.gz
  [DONE] → sub-134003_ses-3_acq-1k3k64d_space-MNI152NLin2009cAsym_res-02_model-mapmri_param-rtap_dwimap.nii.gz
  [PROC] sub-134003
sub-134003 ses-3
ses-3: sub-134003_ses-3_acq-1k3k64d_space-ACPC_model-mapmri_param-rtop_dwimap.nii.gz
  [DONE] → sub-134003_ses-3_acq-1k3k64d_space-MNI152NLin2009cAsym_res-02_model-mapmri_param-rtop_dwimap.nii.gz
  [PROC] sub-134003
sub-134003 ses-3
ses-3: sub-134003_ses-3_acq-1k3k64d_space-ACPC_model-mapmri_param-rtpp_dwimap.nii.gz
  [DONE] → sub-134003_ses-3_acq-1k3k64d_space-MNI152NLin2009cAsym_res-02_model-mapmri_param-rtpp_dwimap.nii.gz
  [PROC] sub-134004
sub-134004 ses-1
ses-1: sub-134004_ses-1_acq-1k3k64d_space-ACPC_model-mapmri_param-lapnorm_dwimap.nii.gz
  [DONE] → sub-134004_ses-1_acq-1k3k64d_space-MNI152NLin2009cAsym_res-02_model-mapmri_param-lapnorm_dwimap.nii.gz
  [PROC] sub-134004
sub-134004 ses-1
ses-1: sub-134004_ses-1_acq-1k3k64d_space-ACPC_model-mapmri_param-mapcoeffs_dwimap.nii.gz
  [DONE] → sub-134004_ses-1_acq-1k3k64d_space-MNI152NLin2009cAsym_res-02_model-mapmri_param-mapcoeffs_dwimap.nii.gz
  [PROC] sub-134004
sub-134004 ses-1
ses-1: sub-134004_ses-1_acq-1k3k64d_space-ACPC_model-mapmri_param-msd_dwimap.nii.gz
  [DONE] → sub-134004_ses-1_acq-1k3k64d_space-MNI152NLin2009cAsym_res-02_model-mapmri_param-msd_dwimap.nii.gz
  [PROC] sub-134004
sub-134004 ses-1
ses-1: sub-134004_ses-1_acq-1k3k64d_space-ACPC_model-mapmri_param-qiv_dwimap.nii.gz
  [DONE] → sub-134004_ses-1_acq-1k3k64d_space-MNI152NLin2009cAsym_res-02_model-mapmri_param-qiv_dwimap.nii.gz
  [PROC] sub-134004
sub-134004 ses-1
ses-1: sub-134004_ses-1_acq-1k3k64d_space-ACPC_model-mapmri_param-rtap_dwimap.nii.gz
  [DONE] → sub-134004_ses-1_acq-1k3k64d_space-MNI152NLin2009cAsym_res-02_model-mapmri_param-rtap_dwimap.nii.gz
  [PROC] sub-134004
sub-134004 ses-1
ses-1: sub-134004_ses-1_acq-1k3k64d_space-ACPC_model-mapmri_param-rtop_dwimap.nii.gz
  [DONE] → sub-134004_ses-1_acq-1k3k64d_space-MNI152NLin2009cAsym_res-02_model-mapmri_param-rtop_dwimap.nii.gz
  [PROC] sub-134004
sub-134004 ses-2
ses-2: sub-134004_ses-2_acq-1k3k64d_space-ACPC_model-mapmri_param-lapnorm_dwimap.nii.gz
  [DONE] → sub-134004_ses-2_acq-1k3k64d_space-MNI152NLin2009cAsym_res-02_model-mapmri_param-lapnorm_dwimap.nii.gz
  [PROC] sub-134004
sub-134004 ses-1
ses-1: sub-134004_ses-1_acq-1k3k64d_space-ACPC_model-mapmri_param-rtpp_dwimap.nii.gz
  [DONE] → sub-134004_ses-1_acq-1k3k64d_space-MNI152NLin2009cAsym_res-02_model-mapmri_param-rtpp_dwimap.nii.gz
  [PROC] sub-134004
sub-134004 ses-2
ses-2: sub-134004_ses-2_acq-1k3k64d_space-ACPC_model-mapmri_param-mapcoeffs_dwimap.nii.gz
  [DONE] → sub-134004_ses-2_acq-1k3k64d_space-MNI152NLin2009cAsym_res-02_model-mapmri_param-mapcoeffs_dwimap.nii.gz
  [PROC] sub-134004
sub-134004 ses-2
ses-2: sub-134004_ses-2_acq-1k3k64d_space-ACPC_model-mapmri_param-msd_dwimap.nii.gz
  [DONE] → sub-134004_ses-2_acq-1k3k64d_space-MNI152NLin2009cAsym_res-02_model-mapmri_param-msd_dwimap.nii.gz
  [PROC] sub-134004
sub-134004 ses-2
ses-2: sub-134004_ses-2_acq-1k3k64d_space-ACPC_model-mapmri_param-qiv_dwimap.nii.gz
  [DONE] → sub-134004_ses-2_acq-1k3k64d_space-MNI152NLin2009cAsym_res-02_model-mapmri_param-qiv_dwimap.nii.gz
  [PROC] sub-134004
sub-134004 ses-2
ses-2: sub-134004_ses-2_acq-1k3k64d_space-ACPC_model-mapmri_param-rtap_dwimap.nii.gz
  [DONE] → sub-134004_ses-2_acq-1k3k64d_space-MNI152NLin2009cAsym_res-02_model-mapmri_param-rtap_dwimap.nii.gz
  [PROC] sub-134004
sub-134004 ses-2
ses-2: sub-134004_ses-2_acq-1k3k64d_space-ACPC_model-mapmri_param-rtop_dwimap.nii.gz
  [DONE] → sub-134004_ses-2_acq-1k3k64d_space-MNI152NLin2009cAsym_res-02_model-mapmri_param-rtop_dwimap.nii.gz
  [PROC] sub-134004
sub-134004 ses-2
ses-2: sub-134004_ses-2_acq-1k3k64d_space-ACPC_model-mapmri_param-rtpp_dwimap.nii.gz
  [DONE] → sub-134004_ses-2_acq-1k3k64d_space-MNI152NLin2009cAsym_res-02_model-mapmri_param-rtpp_dwimap.nii.gz
  [PROC] sub-134004
sub-134004 ses-3
ses-3: sub-134004_ses-3_acq-1k3k64d_space-ACPC_model-mapmri_param-lapnorm_dwimap.nii.gz
  [DONE] → sub-134004_ses-3_acq-1k3k64d_space-MNI152NLin2009cAsym_res-02_model-mapmri_param-lapnorm_dwimap.nii.gz
  [PROC] sub-134004
sub-134004 ses-3
ses-3: sub-134004_ses-3_acq-1k3k64d_space-ACPC_model-mapmri_param-mapcoeffs_dwimap.nii.gz
  [DONE] → sub-134004_ses-3_acq-1k3k64d_space-MNI152NLin2009cAsym_res-02_model-mapmri_param-mapcoeffs_dwimap.nii.gz
  [PROC] sub-134004
sub-134004 ses-3
ses-3: sub-134004_ses-3_acq-1k3k64d_space-ACPC_model-mapmri_param-msd_dwimap.nii.gz
  [DONE] → sub-134004_ses-3_acq-1k3k64d_space-MNI152NLin2009cAsym_res-02_model-mapmri_param-msd_dwimap.nii.gz
  [PROC] sub-134004
sub-134004 ses-3
ses-3: sub-134004_ses-3_acq-1k3k64d_space-ACPC_model-mapmri_param-qiv_dwimap.nii.gz
  [DONE] → sub-134004_ses-3_acq-1k3k64d_space-MNI152NLin2009cAsym_res-02_model-mapmri_param-qiv_dwimap.nii.gz
  [PROC] sub-134004
sub-134004 ses-3
ses-3: sub-134004_ses-3_acq-1k3k64d_space-ACPC_model-mapmri_param-rtop_dwimap.nii.gz
  [DONE] → sub-134004_ses-3_acq-1k3k64d_space-MNI152NLin2009cAsym_res-02_model-mapmri_param-rtop_dwimap.nii.gz
  [PROC] sub-134004
sub-134004 ses-3
ses-3: sub-134004_ses-3_acq-1k3k64d_space-ACPC_model-mapmri_param-rtap_dwimap.nii.gz
  [DONE] → sub-134004_ses-3_acq-1k3k64d_space-MNI152NLin2009cAsym_res-02_model-mapmri_param-rtap_dwimap.nii.gz
  [PROC] sub-134004
sub-134004 ses-3
ses-3: sub-134004_ses-3_acq-1k3k64d_space-ACPC_model-mapmri_param-rtpp_dwimap.nii.gz
  [DONE] → sub-134004_ses-3_acq-1k3k64d_space-MNI152NLin2009cAsym_res-02_model-mapmri_param-rtpp_dwimap.nii.gz
  [PROC] sub-134005
sub-134005 ses-1
ses-1: sub-134005_ses-1_acq-1k3k64d_space-ACPC_model-mapmri_param-lapnorm_dwimap.nii.gz
  [DONE] → sub-134005_ses-1_acq-1k3k64d_space-MNI152NLin2009cAsym_res-02_model-mapmri_param-lapnorm_dwimap.nii.gz
  [PROC] sub-134005
sub-134005 ses-1
ses-1: sub-134005_ses-1_acq-1k3k64d_space-ACPC_model-mapmri_param-mapcoeffs_dwimap.nii.gz
  [DONE] → sub-134005_ses-1_acq-1k3k64d_space-MNI152NLin2009cAsym_res-02_model-mapmri_param-mapcoeffs_dwimap.nii.gz
  [PROC] sub-134005
sub-134005 ses-1
ses-1: sub-134005_ses-1_acq-1k3k64d_space-ACPC_model-mapmri_param-msd_dwimap.nii.gz
  [DONE] → sub-134005_ses-1_acq-1k3k64d_space-MNI152NLin2009cAsym_res-02_model-mapmri_param-msd_dwimap.nii.gz
  [PROC] sub-134005
sub-134005 ses-1
ses-1: sub-134005_ses-1_acq-1k3k64d_space-ACPC_model-mapmri_param-qiv_dwimap.nii.gz
  [DONE] → sub-134005_ses-1_acq-1k3k64d_space-MNI152NLin2009cAsym_res-02_model-mapmri_param-qiv_dwimap.nii.gz
  [PROC] sub-134005
sub-134005 ses-1
ses-1: sub-134005_ses-1_acq-1k3k64d_space-ACPC_model-mapmri_param-rtap_dwimap.nii.gz
  [DONE] → sub-134005_ses-1_acq-1k3k64d_space-MNI152NLin2009cAsym_res-02_model-mapmri_param-rtap_dwimap.nii.gz
  [PROC] sub-134005
sub-134005 ses-1
ses-1: sub-134005_ses-1_acq-1k3k64d_space-ACPC_model-mapmri_param-rtop_dwimap.nii.gz
  [DONE] → sub-134005_ses-1_acq-1k3k64d_space-MNI152NLin2009cAsym_res-02_model-mapmri_param-rtop_dwimap.nii.gz
  [PROC] sub-134005
sub-134005 ses-1
ses-1: sub-134005_ses-1_acq-1k3k64d_space-ACPC_model-mapmri_param-rtpp_dwimap.nii.gz
  [DONE] → sub-134005_ses-1_acq-1k3k64d_space-MNI152NLin2009cAsym_res-02_model-mapmri_param-rtpp_dwimap.nii.gz
  [PROC] sub-134005
sub-134005 ses-2
ses-2: sub-134005_ses-2_acq-1k3k64d_space-ACPC_model-mapmri_param-lapnorm_dwimap.nii.gz
  [DONE] → sub-134005_ses-2_acq-1k3k64d_space-MNI152NLin2009cAsym_res-02_model-mapmri_param-lapnorm_dwimap.nii.gz
  [PROC] sub-134005
sub-134005 ses-2
ses-2: sub-134005_ses-2_acq-1k3k64d_space-ACPC_model-mapmri_param-mapcoeffs_dwimap.nii.gz
  [DONE] → sub-134005_ses-2_acq-1k3k64d_space-MNI152NLin2009cAsym_res-02_model-mapmri_param-mapcoeffs_dwimap.nii.gz
  [PROC] sub-134005
sub-134005 ses-2
ses-2: sub-134005_ses-2_acq-1k3k64d_space-ACPC_model-mapmri_param-msd_dwimap.nii.gz
  [DONE] → sub-134005_ses-2_acq-1k3k64d_space-MNI152NLin2009cAsym_res-02_model-mapmri_param-msd_dwimap.nii.gz
  [PROC] sub-134005
sub-134005 ses-2
ses-2: sub-134005_ses-2_acq-1k3k64d_space-ACPC_model-mapmri_param-qiv_dwimap.nii.gz
  [DONE] → sub-134005_ses-2_acq-1k3k64d_space-MNI152NLin2009cAsym_res-02_model-mapmri_param-qiv_dwimap.nii.gz
  [PROC] sub-134005
sub-134005 ses-2
ses-2: sub-134005_ses-2_acq-1k3k64d_space-ACPC_model-mapmri_param-rtap_dwimap.nii.gz
  [DONE] → sub-134005_ses-2_acq-1k3k64d_space-MNI152NLin2009cAsym_res-02_model-mapmri_param-rtap_dwimap.nii.gz
  [PROC] sub-134005
sub-134005 ses-2
ses-2: sub-134005_ses-2_acq-1k3k64d_space-ACPC_model-mapmri_param-rtop_dwimap.nii.gz
  [DONE] → sub-134005_ses-2_acq-1k3k64d_space-MNI152NLin2009cAsym_res-02_model-mapmri_param-rtop_dwimap.nii.gz
  [PROC] sub-134005
sub-134005 ses-2
ses-2: sub-134005_ses-2_acq-1k3k64d_space-ACPC_model-mapmri_param-rtpp_dwimap.nii.gz
  [DONE] → sub-134005_ses-2_acq-1k3k64d_space-MNI152NLin2009cAsym_res-02_model-mapmri_param-rtpp_dwimap.nii.gz
  [PROC] sub-134006
sub-134006 ses-1
ses-1: sub-134006_ses-1_acq-1k3k64d_space-ACPC_model-mapmri_param-lapnorm_dwimap.nii.gz
  [DONE] → sub-134006_ses-1_acq-1k3k64d_space-MNI152NLin2009cAsym_res-02_model-mapmri_param-lapnorm_dwimap.nii.gz
  [PROC] sub-134006
sub-134006 ses-1
ses-1: sub-134006_ses-1_acq-1k3k64d_space-ACPC_model-mapmri_param-mapcoeffs_dwimap.nii.gz
  [DONE] → sub-134006_ses-1_acq-1k3k64d_space-MNI152NLin2009cAsym_res-02_model-mapmri_param-mapcoeffs_dwimap.nii.gz
  [PROC] sub-134006
sub-134006 ses-1
ses-1: sub-134006_ses-1_acq-1k3k64d_space-ACPC_model-mapmri_param-msd_dwimap.nii.gz
  [DONE] → sub-134006_ses-1_acq-1k3k64d_space-MNI152NLin2009cAsym_res-02_model-mapmri_param-msd_dwimap.nii.gz
  [PROC] sub-134006
sub-134006 ses-1
ses-1: sub-134006_ses-1_acq-1k3k64d_space-ACPC_model-mapmri_param-qiv_dwimap.nii.gz
  [DONE] → sub-134006_ses-1_acq-1k3k64d_space-MNI152NLin2009cAsym_res-02_model-mapmri_param-qiv_dwimap.nii.gz
  [PROC] sub-134006
sub-134006 ses-1
ses-1: sub-134006_ses-1_acq-1k3k64d_space-ACPC_model-mapmri_param-rtap_dwimap.nii.gz
  [DONE] → sub-134006_ses-1_acq-1k3k64d_space-MNI152NLin2009cAsym_res-02_model-mapmri_param-rtap_dwimap.nii.gz
  [PROC] sub-134006
sub-134006 ses-1
ses-1: sub-134006_ses-1_acq-1k3k64d_space-ACPC_model-mapmri_param-rtop_dwimap.nii.gz
  [DONE] → sub-134006_ses-1_acq-1k3k64d_space-MNI152NLin2009cAsym_res-02_model-mapmri_param-rtop_dwimap.nii.gz
  [PROC] sub-134006
sub-134006 ses-1
ses-1: sub-134006_ses-1_acq-1k3k64d_space-ACPC_model-mapmri_param-rtpp_dwimap.nii.gz
  [DONE] → sub-134006_ses-1_acq-1k3k64d_space-MNI152NLin2009cAsym_res-02_model-mapmri_param-rtpp_dwimap.nii.gz
  [PROC] sub-134006
sub-134006 ses-2
ses-2: sub-134006_ses-2_acq-1k3k64d_space-ACPC_model-mapmri_param-lapnorm_dwimap.nii.gz
  [DONE] → sub-134006_ses-2_acq-1k3k64d_space-MNI152NLin2009cAsym_res-02_model-mapmri_param-lapnorm_dwimap.nii.gz
  [PROC] sub-134006
sub-134006 ses-2
ses-2: sub-134006_ses-2_acq-1k3k64d_space-ACPC_model-mapmri_param-mapcoeffs_dwimap.nii.gz
  [DONE] → sub-134006_ses-2_acq-1k3k64d_space-MNI152NLin2009cAsym_res-02_model-mapmri_param-mapcoeffs_dwimap.nii.gz
  [PROC] sub-134006
sub-134006 ses-2
ses-2: sub-134006_ses-2_acq-1k3k64d_space-ACPC_model-mapmri_param-msd_dwimap.nii.gz
  [DONE] → sub-134006_ses-2_acq-1k3k64d_space-MNI152NLin2009cAsym_res-02_model-mapmri_param-msd_dwimap.nii.gz
  [PROC] sub-134006
sub-134006 ses-2
ses-2: sub-134006_ses-2_acq-1k3k64d_space-ACPC_model-mapmri_param-qiv_dwimap.nii.gz
  [DONE] → sub-134006_ses-2_acq-1k3k64d_space-MNI152NLin2009cAsym_res-02_model-mapmri_param-qiv_dwimap.nii.gz
  [PROC] sub-134006
sub-134006 ses-2
ses-2: sub-134006_ses-2_acq-1k3k64d_space-ACPC_model-mapmri_param-rtap_dwimap.nii.gz
  [DONE] → sub-134006_ses-2_acq-1k3k64d_space-MNI152NLin2009cAsym_res-02_model-mapmri_param-rtap_dwimap.nii.gz
  [PROC] sub-134006
sub-134006 ses-2
ses-2: sub-134006_ses-2_acq-1k3k64d_space-ACPC_model-mapmri_param-rtop_dwimap.nii.gz
  [DONE] → sub-134006_ses-2_acq-1k3k64d_space-MNI152NLin2009cAsym_res-02_model-mapmri_param-rtop_dwimap.nii.gz
  [PROC] sub-134006
sub-134006 ses-2
ses-2: sub-134006_ses-2_acq-1k3k64d_space-ACPC_model-mapmri_param-rtpp_dwimap.nii.gz
  [DONE] → sub-134006_ses-2_acq-1k3k64d_space-MNI152NLin2009cAsym_res-02_model-mapmri_param-rtpp_dwimap.nii.gz
  [PROC] sub-134006
sub-134006 ses-3
ses-3: sub-134006_ses-3_acq-1k3k64d_space-ACPC_model-mapmri_param-lapnorm_dwimap.nii.gz
  [DONE] → sub-134006_ses-3_acq-1k3k64d_space-MNI152NLin2009cAsym_res-02_model-mapmri_param-lapnorm_dwimap.nii.gz
  [PROC] sub-134006
sub-134006 ses-3
ses-3: sub-134006_ses-3_acq-1k3k64d_space-ACPC_model-mapmri_param-mapcoeffs_dwimap.nii.gz
  [DONE] → sub-134006_ses-3_acq-1k3k64d_space-MNI152NLin2009cAsym_res-02_model-mapmri_param-mapcoeffs_dwimap.nii.gz
  [PROC] sub-134006
sub-134006 ses-3
ses-3: sub-134006_ses-3_acq-1k3k64d_space-ACPC_model-mapmri_param-msd_dwimap.nii.gz
  [DONE] → sub-134006_ses-3_acq-1k3k64d_space-MNI152NLin2009cAsym_res-02_model-mapmri_param-msd_dwimap.nii.gz
  [PROC] sub-134006
sub-134006 ses-3
ses-3: sub-134006_ses-3_acq-1k3k64d_space-ACPC_model-mapmri_param-qiv_dwimap.nii.gz
  [DONE] → sub-134006_ses-3_acq-1k3k64d_space-MNI152NLin2009cAsym_res-02_model-mapmri_param-qiv_dwimap.nii.gz
  [PROC] sub-134006
sub-134006 ses-3
ses-3: sub-134006_ses-3_acq-1k3k64d_space-ACPC_model-mapmri_param-rtap_dwimap.nii.gz
  [DONE] → sub-134006_ses-3_acq-1k3k64d_space-MNI152NLin2009cAsym_res-02_model-mapmri_param-rtap_dwimap.nii.gz
  [PROC] sub-134006
sub-134006 ses-3
ses-3: sub-134006_ses-3_acq-1k3k64d_space-ACPC_model-mapmri_param-rtop_dwimap.nii.gz
  [DONE] → sub-134006_ses-3_acq-1k3k64d_space-MNI152NLin2009cAsym_res-02_model-mapmri_param-rtop_dwimap.nii.gz
  [PROC] sub-134007
sub-134007 ses-1
ses-1: sub-134007_ses-1_acq-1k3k64d_space-ACPC_model-mapmri_param-lapnorm_dwimap.nii.gz
  [DONE] → sub-134007_ses-1_acq-1k3k64d_space-MNI152NLin2009cAsym_res-02_model-mapmri_param-lapnorm_dwimap.nii.gz
  [PROC] sub-134006
sub-134006 ses-3
ses-3: sub-134006_ses-3_acq-1k3k64d_space-ACPC_model-mapmri_param-rtpp_dwimap.nii.gz
  [DONE] → sub-134006_ses-3_acq-1k3k64d_space-MNI152NLin2009cAsym_res-02_model-mapmri_param-rtpp_dwimap.nii.gz
  [PROC] sub-134007
sub-134007 ses-1
ses-1: sub-134007_ses-1_acq-1k3k64d_space-ACPC_model-mapmri_param-mapcoeffs_dwimap.nii.gz
  [DONE] → sub-134007_ses-1_acq-1k3k64d_space-MNI152NLin2009cAsym_res-02_model-mapmri_param-mapcoeffs_dwimap.nii.gz
  [PROC] sub-134007
sub-134007 ses-1
ses-1: sub-134007_ses-1_acq-1k3k64d_space-ACPC_model-mapmri_param-msd_dwimap.nii.gz
  [DONE] → sub-134007_ses-1_acq-1k3k64d_space-MNI152NLin2009cAsym_res-02_model-mapmri_param-msd_dwimap.nii.gz
  [PROC] sub-134007
sub-134007 ses-1
ses-1: sub-134007_ses-1_acq-1k3k64d_space-ACPC_model-mapmri_param-rtap_dwimap.nii.gz
  [DONE] → sub-134007_ses-1_acq-1k3k64d_space-MNI152NLin2009cAsym_res-02_model-mapmri_param-rtap_dwimap.nii.gz
  [PROC] sub-134007
sub-134007 ses-1
ses-1: sub-134007_ses-1_acq-1k3k64d_space-ACPC_model-mapmri_param-qiv_dwimap.nii.gz
  [DONE] → sub-134007_ses-1_acq-1k3k64d_space-MNI152NLin2009cAsym_res-02_model-mapmri_param-qiv_dwimap.nii.gz
  [PROC] sub-134007
sub-134007 ses-1
ses-1: sub-134007_ses-1_acq-1k3k64d_space-ACPC_model-mapmri_param-rtop_dwimap.nii.gz
  [DONE] → sub-134007_ses-1_acq-1k3k64d_space-MNI152NLin2009cAsym_res-02_model-mapmri_param-rtop_dwimap.nii.gz
  [PROC] sub-134007
sub-134007 ses-1
ses-1: sub-134007_ses-1_acq-1k3k64d_space-ACPC_model-mapmri_param-rtpp_dwimap.nii.gz
  [DONE] → sub-134007_ses-1_acq-1k3k64d_space-MNI152NLin2009cAsym_res-02_model-mapmri_param-rtpp_dwimap.nii.gz
  [PROC] sub-134007
sub-134007 ses-2
ses-2: sub-134007_ses-2_acq-1k3k64d_space-ACPC_model-mapmri_param-lapnorm_dwimap.nii.gz
  [DONE] → sub-134007_ses-2_acq-1k3k64d_space-MNI152NLin2009cAsym_res-02_model-mapmri_param-lapnorm_dwimap.nii.gz
  [PROC] sub-134007
sub-134007 ses-2
ses-2: sub-134007_ses-2_acq-1k3k64d_space-ACPC_model-mapmri_param-mapcoeffs_dwimap.nii.gz
  [DONE] → sub-134007_ses-2_acq-1k3k64d_space-MNI152NLin2009cAsym_res-02_model-mapmri_param-mapcoeffs_dwimap.nii.gz
  [PROC] sub-134007
sub-134007 ses-2
ses-2: sub-134007_ses-2_acq-1k3k64d_space-ACPC_model-mapmri_param-msd_dwimap.nii.gz
  [DONE] → sub-134007_ses-2_acq-1k3k64d_space-MNI152NLin2009cAsym_res-02_model-mapmri_param-msd_dwimap.nii.gz
  [PROC] sub-134007
sub-134007 ses-2
ses-2: sub-134007_ses-2_acq-1k3k64d_space-ACPC_model-mapmri_param-qiv_dwimap.nii.gz
  [DONE] → sub-134007_ses-2_acq-1k3k64d_space-MNI152NLin2009cAsym_res-02_model-mapmri_param-qiv_dwimap.nii.gz
  [PROC] sub-134007
sub-134007 ses-2
ses-2: sub-134007_ses-2_acq-1k3k64d_space-ACPC_model-mapmri_param-rtap_dwimap.nii.gz
  [DONE] → sub-134007_ses-2_acq-1k3k64d_space-MNI152NLin2009cAsym_res-02_model-mapmri_param-rtap_dwimap.nii.gz
  [PROC] sub-134007
sub-134007 ses-2
ses-2: sub-134007_ses-2_acq-1k3k64d_space-ACPC_model-mapmri_param-rtop_dwimap.nii.gz
  [DONE] → sub-134007_ses-2_acq-1k3k64d_space-MNI152NLin2009cAsym_res-02_model-mapmri_param-rtop_dwimap.nii.gz
  [PROC] sub-134007
sub-134007 ses-2
ses-2: sub-134007_ses-2_acq-1k3k64d_space-ACPC_model-mapmri_param-rtpp_dwimap.nii.gz
  [DONE] → sub-134007_ses-2_acq-1k3k64d_space-MNI152NLin2009cAsym_res-02_model-mapmri_param-rtpp_dwimap.nii.gz
  [PROC] sub-134007
sub-134007 ses-3
ses-3: sub-134007_ses-3_acq-1k3k64d_space-ACPC_model-mapmri_param-lapnorm_dwimap.nii.gz
  [DONE] → sub-134007_ses-3_acq-1k3k64d_space-MNI152NLin2009cAsym_res-02_model-mapmri_param-lapnorm_dwimap.nii.gz
  [PROC] sub-134007
sub-134007 ses-3
ses-3: sub-134007_ses-3_acq-1k3k64d_space-ACPC_model-mapmri_param-msd_dwimap.nii.gz
  [DONE] → sub-134007_ses-3_acq-1k3k64d_space-MNI152NLin2009cAsym_res-02_model-mapmri_param-msd_dwimap.nii.gz
  [PROC] sub-134007
sub-134007 ses-3
ses-3: sub-134007_ses-3_acq-1k3k64d_space-ACPC_model-mapmri_param-mapcoeffs_dwimap.nii.gz
  [DONE] → sub-134007_ses-3_acq-1k3k64d_space-MNI152NLin2009cAsym_res-02_model-mapmri_param-mapcoeffs_dwimap.nii.gz
  [PROC] sub-134007
sub-134007 ses-3
ses-3: sub-134007_ses-3_acq-1k3k64d_space-ACPC_model-mapmri_param-qiv_dwimap.nii.gz
  [DONE] → sub-134007_ses-3_acq-1k3k64d_space-MNI152NLin2009cAsym_res-02_model-mapmri_param-qiv_dwimap.nii.gz
  [PROC] sub-134007
sub-134007 ses-3
ses-3: sub-134007_ses-3_acq-1k3k64d_space-ACPC_model-mapmri_param-rtap_dwimap.nii.gz
  [DONE] → sub-134007_ses-3_acq-1k3k64d_space-MNI152NLin2009cAsym_res-02_model-mapmri_param-rtap_dwimap.nii.gz
  [PROC] sub-134007
sub-134007 ses-3
ses-3: sub-134007_ses-3_acq-1k3k64d_space-ACPC_model-mapmri_param-rtpp_dwimap.nii.gz
  [DONE] → sub-134007_ses-3_acq-1k3k64d_space-MNI152NLin2009cAsym_res-02_model-mapmri_param-rtpp_dwimap.nii.gz
  [PROC] sub-134007
sub-134007 ses-3
ses-3: sub-134007_ses-3_acq-1k3k64d_space-ACPC_model-mapmri_param-rtop_dwimap.nii.gz
  [DONE] → sub-134007_ses-3_acq-1k3k64d_space-MNI152NLin2009cAsym_res-02_model-mapmri_param-rtop_dwimap.nii.gz
  [PROC] sub-134008
sub-134008 ses-1
ses-1: sub-134008_ses-1_acq-1k3k64d_space-ACPC_model-mapmri_param-lapnorm_dwimap.nii.gz
  [DONE] → sub-134008_ses-1_acq-1k3k64d_space-MNI152NLin2009cAsym_res-02_model-mapmri_param-lapnorm_dwimap.nii.gz
  [PROC] sub-134008
sub-134008 ses-1
ses-1: sub-134008_ses-1_acq-1k3k64d_space-ACPC_model-mapmri_param-mapcoeffs_dwimap.nii.gz
  [DONE] → sub-134008_ses-1_acq-1k3k64d_space-MNI152NLin2009cAsym_res-02_model-mapmri_param-mapcoeffs_dwimap.nii.gz
  [PROC] sub-134008
sub-134008 ses-1
ses-1: sub-134008_ses-1_acq-1k3k64d_space-ACPC_model-mapmri_param-qiv_dwimap.nii.gz
  [DONE] → sub-134008_ses-1_acq-1k3k64d_space-MNI152NLin2009cAsym_res-02_model-mapmri_param-qiv_dwimap.nii.gz
  [PROC] sub-134008
sub-134008 ses-1
ses-1: sub-134008_ses-1_acq-1k3k64d_space-ACPC_model-mapmri_param-msd_dwimap.nii.gz
  [DONE] → sub-134008_ses-1_acq-1k3k64d_space-MNI152NLin2009cAsym_res-02_model-mapmri_param-msd_dwimap.nii.gz
  [PROC] sub-134008
sub-134008 ses-1
ses-1: sub-134008_ses-1_acq-1k3k64d_space-ACPC_model-mapmri_param-rtap_dwimap.nii.gz
  [DONE] → sub-134008_ses-1_acq-1k3k64d_space-MNI152NLin2009cAsym_res-02_model-mapmri_param-rtap_dwimap.nii.gz
  [PROC] sub-134008
sub-134008 ses-1
ses-1: sub-134008_ses-1_acq-1k3k64d_space-ACPC_model-mapmri_param-rtop_dwimap.nii.gz
  [DONE] → sub-134008_ses-1_acq-1k3k64d_space-MNI152NLin2009cAsym_res-02_model-mapmri_param-rtop_dwimap.nii.gz
  [PROC] sub-134008
sub-134008 ses-2
ses-2: sub-134008_ses-2_acq-1k3k64d_space-ACPC_model-mapmri_param-lapnorm_dwimap.nii.gz
  [DONE] → sub-134008_ses-2_acq-1k3k64d_space-MNI152NLin2009cAsym_res-02_model-mapmri_param-lapnorm_dwimap.nii.gz
  [PROC] sub-134008
sub-134008 ses-1
ses-1: sub-134008_ses-1_acq-1k3k64d_space-ACPC_model-mapmri_param-rtpp_dwimap.nii.gz
  [DONE] → sub-134008_ses-1_acq-1k3k64d_space-MNI152NLin2009cAsym_res-02_model-mapmri_param-rtpp_dwimap.nii.gz
  [PROC] sub-134008
sub-134008 ses-2
ses-2: sub-134008_ses-2_acq-1k3k64d_space-ACPC_model-mapmri_param-mapcoeffs_dwimap.nii.gz
  [DONE] → sub-134008_ses-2_acq-1k3k64d_space-MNI152NLin2009cAsym_res-02_model-mapmri_param-mapcoeffs_dwimap.nii.gz
  [PROC] sub-134008
sub-134008 ses-2
ses-2: sub-134008_ses-2_acq-1k3k64d_space-ACPC_model-mapmri_param-msd_dwimap.nii.gz
  [DONE] → sub-134008_ses-2_acq-1k3k64d_space-MNI152NLin2009cAsym_res-02_model-mapmri_param-msd_dwimap.nii.gz
  [PROC] sub-134008
sub-134008 ses-2
ses-2: sub-134008_ses-2_acq-1k3k64d_space-ACPC_model-mapmri_param-qiv_dwimap.nii.gz
  [DONE] → sub-134008_ses-2_acq-1k3k64d_space-MNI152NLin2009cAsym_res-02_model-mapmri_param-qiv_dwimap.nii.gz
  [PROC] sub-134008
sub-134008 ses-2
ses-2: sub-134008_ses-2_acq-1k3k64d_space-ACPC_model-mapmri_param-rtap_dwimap.nii.gz
  [DONE] → sub-134008_ses-2_acq-1k3k64d_space-MNI152NLin2009cAsym_res-02_model-mapmri_param-rtap_dwimap.nii.gz
  [PROC] sub-134008
sub-134008 ses-2
ses-2: sub-134008_ses-2_acq-1k3k64d_space-ACPC_model-mapmri_param-rtop_dwimap.nii.gz
  [DONE] → sub-134008_ses-2_acq-1k3k64d_space-MNI152NLin2009cAsym_res-02_model-mapmri_param-rtop_dwimap.nii.gz
  [PROC] sub-134008
sub-134008 ses-2
ses-2: sub-134008_ses-2_acq-1k3k64d_space-ACPC_model-mapmri_param-rtpp_dwimap.nii.gz
  [DONE] → sub-134008_ses-2_acq-1k3k64d_space-MNI152NLin2009cAsym_res-02_model-mapmri_param-rtpp_dwimap.nii.gz
  [PROC] sub-134008
sub-134008 ses-3
ses-3: sub-134008_ses-3_acq-1k3k64d_space-ACPC_model-mapmri_param-lapnorm_dwimap.nii.gz
  [DONE] → sub-134008_ses-3_acq-1k3k64d_space-MNI152NLin2009cAsym_res-02_model-mapmri_param-lapnorm_dwimap.nii.gz
  [PROC] sub-134008
sub-134008 ses-3
ses-3: sub-134008_ses-3_acq-1k3k64d_space-ACPC_model-mapmri_param-mapcoeffs_dwimap.nii.gz
  [DONE] → sub-134008_ses-3_acq-1k3k64d_space-MNI152NLin2009cAsym_res-02_model-mapmri_param-mapcoeffs_dwimap.nii.gz
  [PROC] sub-134008
sub-134008 ses-3
ses-3: sub-134008_ses-3_acq-1k3k64d_space-ACPC_model-mapmri_param-msd_dwimap.nii.gz
  [DONE] → sub-134008_ses-3_acq-1k3k64d_space-MNI152NLin2009cAsym_res-02_model-mapmri_param-msd_dwimap.nii.gz
  [PROC] sub-134008
sub-134008 ses-3
ses-3: sub-134008_ses-3_acq-1k3k64d_space-ACPC_model-mapmri_param-qiv_dwimap.nii.gz
  [DONE] → sub-134008_ses-3_acq-1k3k64d_space-MNI152NLin2009cAsym_res-02_model-mapmri_param-qiv_dwimap.nii.gz
  [PROC] sub-134008
sub-134008 ses-3
ses-3: sub-134008_ses-3_acq-1k3k64d_space-ACPC_model-mapmri_param-rtap_dwimap.nii.gz
  [DONE] → sub-134008_ses-3_acq-1k3k64d_space-MNI152NLin2009cAsym_res-02_model-mapmri_param-rtap_dwimap.nii.gz
  [PROC] sub-134008
sub-134008 ses-3
ses-3: sub-134008_ses-3_acq-1k3k64d_space-ACPC_model-mapmri_param-rtop_dwimap.nii.gz
  [DONE] → sub-134008_ses-3_acq-1k3k64d_space-MNI152NLin2009cAsym_res-02_model-mapmri_param-rtop_dwimap.nii.gz
  [PROC] sub-134008
sub-134008 ses-3
ses-3: sub-134008_ses-3_acq-1k3k64d_space-ACPC_model-mapmri_param-rtpp_dwimap.nii.gz
  [DONE] → sub-134008_ses-3_acq-1k3k64d_space-MNI152NLin2009cAsym_res-02_model-mapmri_param-rtpp_dwimap.nii.gz
  [PROC] sub-134009
sub-134009 ses-1
ses-1: sub-134009_ses-1_acq-1k3k64d_space-ACPC_model-mapmri_param-lapnorm_dwimap.nii.gz
  [DONE] → sub-134009_ses-1_acq-1k3k64d_space-MNI152NLin2009cAsym_res-02_model-mapmri_param-lapnorm_dwimap.nii.gz
  [PROC] sub-134009
sub-134009 ses-1
ses-1: sub-134009_ses-1_acq-1k3k64d_space-ACPC_model-mapmri_param-mapcoeffs_dwimap.nii.gz
  [DONE] → sub-134009_ses-1_acq-1k3k64d_space-MNI152NLin2009cAsym_res-02_model-mapmri_param-mapcoeffs_dwimap.nii.gz
  [PROC] sub-134009
sub-134009 ses-1
ses-1: sub-134009_ses-1_acq-1k3k64d_space-ACPC_model-mapmri_param-msd_dwimap.nii.gz
  [DONE] → sub-134009_ses-1_acq-1k3k64d_space-MNI152NLin2009cAsym_res-02_model-mapmri_param-msd_dwimap.nii.gz
  [PROC] sub-134009
sub-134009 ses-1
ses-1: sub-134009_ses-1_acq-1k3k64d_space-ACPC_model-mapmri_param-qiv_dwimap.nii.gz
  [DONE] → sub-134009_ses-1_acq-1k3k64d_space-MNI152NLin2009cAsym_res-02_model-mapmri_param-qiv_dwimap.nii.gz
  [PROC] sub-134009
sub-134009 ses-1
ses-1: sub-134009_ses-1_acq-1k3k64d_space-ACPC_model-mapmri_param-rtap_dwimap.nii.gz
  [DONE] → sub-134009_ses-1_acq-1k3k64d_space-MNI152NLin2009cAsym_res-02_model-mapmri_param-rtap_dwimap.nii.gz
  [PROC] sub-134009
sub-134009 ses-1
ses-1: sub-134009_ses-1_acq-1k3k64d_space-ACPC_model-mapmri_param-rtpp_dwimap.nii.gz
  [DONE] → sub-134009_ses-1_acq-1k3k64d_space-MNI152NLin2009cAsym_res-02_model-mapmri_param-rtpp_dwimap.nii.gz
  [PROC] sub-134009
sub-134009 ses-1
ses-1: sub-134009_ses-1_acq-1k3k64d_space-ACPC_model-mapmri_param-rtop_dwimap.nii.gz
  [DONE] → sub-134009_ses-1_acq-1k3k64d_space-MNI152NLin2009cAsym_res-02_model-mapmri_param-rtop_dwimap.nii.gz
  [PROC] sub-134009
sub-134009 ses-2
ses-2: sub-134009_ses-2_acq-1k3k64d_space-ACPC_model-mapmri_param-lapnorm_dwimap.nii.gz
  [DONE] → sub-134009_ses-2_acq-1k3k64d_space-MNI152NLin2009cAsym_res-02_model-mapmri_param-lapnorm_dwimap.nii.gz
  [PROC] sub-134009
sub-134009 ses-2
ses-2: sub-134009_ses-2_acq-1k3k64d_space-ACPC_model-mapmri_param-msd_dwimap.nii.gz
  [DONE] → sub-134009_ses-2_acq-1k3k64d_space-MNI152NLin2009cAsym_res-02_model-mapmri_param-msd_dwimap.nii.gz
  [PROC] sub-134009
sub-134009 ses-2
ses-2: sub-134009_ses-2_acq-1k3k64d_space-ACPC_model-mapmri_param-mapcoeffs_dwimap.nii.gz
  [DONE] → sub-134009_ses-2_acq-1k3k64d_space-MNI152NLin2009cAsym_res-02_model-mapmri_param-mapcoeffs_dwimap.nii.gz
  [PROC] sub-134009
sub-134009 ses-2
ses-2: sub-134009_ses-2_acq-1k3k64d_space-ACPC_model-mapmri_param-qiv_dwimap.nii.gz
  [DONE] → sub-134009_ses-2_acq-1k3k64d_space-MNI152NLin2009cAsym_res-02_model-mapmri_param-qiv_dwimap.nii.gz
  [PROC] sub-134009
sub-134009 ses-2
ses-2: sub-134009_ses-2_acq-1k3k64d_space-ACPC_model-mapmri_param-rtap_dwimap.nii.gz
  [DONE] → sub-134009_ses-2_acq-1k3k64d_space-MNI152NLin2009cAsym_res-02_model-mapmri_param-rtap_dwimap.nii.gz
  [PROC] sub-134009
sub-134009 ses-2
ses-2: sub-134009_ses-2_acq-1k3k64d_space-ACPC_model-mapmri_param-rtpp_dwimap.nii.gz
  [DONE] → sub-134009_ses-2_acq-1k3k64d_space-MNI152NLin2009cAsym_res-02_model-mapmri_param-rtpp_dwimap.nii.gz
  [PROC] sub-134009
sub-134009 ses-2
ses-2: sub-134009_ses-2_acq-1k3k64d_space-ACPC_model-mapmri_param-rtop_dwimap.nii.gz
  [DONE] → sub-134009_ses-2_acq-1k3k64d_space-MNI152NLin2009cAsym_res-02_model-mapmri_param-rtop_dwimap.nii.gz
  [PROC] sub-134009
sub-134009 ses-3
ses-3: sub-134009_ses-3_acq-1k3k64d_space-ACPC_model-mapmri_param-lapnorm_dwimap.nii.gz
  [DONE] → sub-134009_ses-3_acq-1k3k64d_space-MNI152NLin2009cAsym_res-02_model-mapmri_param-lapnorm_dwimap.nii.gz
  [PROC] sub-134009
sub-134009 ses-3
ses-3: sub-134009_ses-3_acq-1k3k64d_space-ACPC_model-mapmri_param-mapcoeffs_dwimap.nii.gz
  [DONE] → sub-134009_ses-3_acq-1k3k64d_space-MNI152NLin2009cAsym_res-02_model-mapmri_param-mapcoeffs_dwimap.nii.gz
  [PROC] sub-134009
sub-134009 ses-3
ses-3: sub-134009_ses-3_acq-1k3k64d_space-ACPC_model-mapmri_param-qiv_dwimap.nii.gz
  [DONE] → sub-134009_ses-3_acq-1k3k64d_space-MNI152NLin2009cAsym_res-02_model-mapmri_param-qiv_dwimap.nii.gz
  [PROC] sub-134009
sub-134009 ses-3
ses-3: sub-134009_ses-3_acq-1k3k64d_space-ACPC_model-mapmri_param-msd_dwimap.nii.gz
  [DONE] → sub-134009_ses-3_acq-1k3k64d_space-MNI152NLin2009cAsym_res-02_model-mapmri_param-msd_dwimap.nii.gz
  [PROC] sub-134009
sub-134009 ses-3
ses-3: sub-134009_ses-3_acq-1k3k64d_space-ACPC_model-mapmri_param-rtap_dwimap.nii.gz
  [DONE] → sub-134009_ses-3_acq-1k3k64d_space-MNI152NLin2009cAsym_res-02_model-mapmri_param-rtap_dwimap.nii.gz
  [PROC] sub-134009
sub-134009 ses-3
ses-3: sub-134009_ses-3_acq-1k3k64d_space-ACPC_model-mapmri_param-rtop_dwimap.nii.gz
  [DONE] → sub-134009_ses-3_acq-1k3k64d_space-MNI152NLin2009cAsym_res-02_model-mapmri_param-rtop_dwimap.nii.gz
  [PROC] sub-134010
sub-134010 ses-1
ses-1: sub-134010_ses-1_acq-1k3k64d_space-ACPC_model-mapmri_param-lapnorm_dwimap.nii.gz
  [DONE] → sub-134010_ses-1_acq-1k3k64d_space-MNI152NLin2009cAsym_res-02_model-mapmri_param-lapnorm_dwimap.nii.gz
  [PROC] sub-134009
sub-134009 ses-3
ses-3: sub-134009_ses-3_acq-1k3k64d_space-ACPC_model-mapmri_param-rtpp_dwimap.nii.gz
  [DONE] → sub-134009_ses-3_acq-1k3k64d_space-MNI152NLin2009cAsym_res-02_model-mapmri_param-rtpp_dwimap.nii.gz
  [PROC] sub-134010
sub-134010 ses-1
ses-1: sub-134010_ses-1_acq-1k3k64d_space-ACPC_model-mapmri_param-mapcoeffs_dwimap.nii.gz
  [DONE] → sub-134010_ses-1_acq-1k3k64d_space-MNI152NLin2009cAsym_res-02_model-mapmri_param-mapcoeffs_dwimap.nii.gz
  [PROC] sub-134010
sub-134010 ses-1
ses-1: sub-134010_ses-1_acq-1k3k64d_space-ACPC_model-mapmri_param-msd_dwimap.nii.gz
  [DONE] → sub-134010_ses-1_acq-1k3k64d_space-MNI152NLin2009cAsym_res-02_model-mapmri_param-msd_dwimap.nii.gz
  [PROC] sub-134010
sub-134010 ses-1
ses-1: sub-134010_ses-1_acq-1k3k64d_space-ACPC_model-mapmri_param-qiv_dwimap.nii.gz
  [DONE] → sub-134010_ses-1_acq-1k3k64d_space-MNI152NLin2009cAsym_res-02_model-mapmri_param-qiv_dwimap.nii.gz
  [PROC] sub-134010
sub-134010 ses-1
ses-1: sub-134010_ses-1_acq-1k3k64d_space-ACPC_model-mapmri_param-rtap_dwimap.nii.gz
  [DONE] → sub-134010_ses-1_acq-1k3k64d_space-MNI152NLin2009cAsym_res-02_model-mapmri_param-rtap_dwimap.nii.gz
  [PROC] sub-134010
sub-134010 ses-1
ses-1: sub-134010_ses-1_acq-1k3k64d_space-ACPC_model-mapmri_param-rtop_dwimap.nii.gz
  [DONE] → sub-134010_ses-1_acq-1k3k64d_space-MNI152NLin2009cAsym_res-02_model-mapmri_param-rtop_dwimap.nii.gz
  [PROC] sub-134010
sub-134010 ses-1
ses-1: sub-134010_ses-1_acq-1k3k64d_space-ACPC_model-mapmri_param-rtpp_dwimap.nii.gz
  [DONE] → sub-134010_ses-1_acq-1k3k64d_space-MNI152NLin2009cAsym_res-02_model-mapmri_param-rtpp_dwimap.nii.gz
  [PROC] sub-134010
sub-134010 ses-2
ses-2: sub-134010_ses-2_acq-1k3k64d_space-ACPC_model-mapmri_param-lapnorm_dwimap.nii.gz
  [DONE] → sub-134010_ses-2_acq-1k3k64d_space-MNI152NLin2009cAsym_res-02_model-mapmri_param-lapnorm_dwimap.nii.gz
  [PROC] sub-134010
sub-134010 ses-2
ses-2: sub-134010_ses-2_acq-1k3k64d_space-ACPC_model-mapmri_param-mapcoeffs_dwimap.nii.gz
  [DONE] → sub-134010_ses-2_acq-1k3k64d_space-MNI152NLin2009cAsym_res-02_model-mapmri_param-mapcoeffs_dwimap.nii.gz
  [PROC] sub-134010
sub-134010 ses-2
ses-2: sub-134010_ses-2_acq-1k3k64d_space-ACPC_model-mapmri_param-msd_dwimap.nii.gz
  [DONE] → sub-134010_ses-2_acq-1k3k64d_space-MNI152NLin2009cAsym_res-02_model-mapmri_param-msd_dwimap.nii.gz
  [PROC] sub-134010
sub-134010 ses-2
ses-2: sub-134010_ses-2_acq-1k3k64d_space-ACPC_model-mapmri_param-qiv_dwimap.nii.gz
  [DONE] → sub-134010_ses-2_acq-1k3k64d_space-MNI152NLin2009cAsym_res-02_model-mapmri_param-qiv_dwimap.nii.gz
  [PROC] sub-134010
sub-134010 ses-2
ses-2: sub-134010_ses-2_acq-1k3k64d_space-ACPC_model-mapmri_param-rtop_dwimap.nii.gz
  [DONE] → sub-134010_ses-2_acq-1k3k64d_space-MNI152NLin2009cAsym_res-02_model-mapmri_param-rtop_dwimap.nii.gz
  [PROC] sub-134010
sub-134010 ses-2
ses-2: sub-134010_ses-2_acq-1k3k64d_space-ACPC_model-mapmri_param-rtap_dwimap.nii.gz
  [DONE] → sub-134010_ses-2_acq-1k3k64d_space-MNI152NLin2009cAsym_res-02_model-mapmri_param-rtap_dwimap.nii.gz
  [PROC] sub-134010
sub-134010 ses-2
ses-2: sub-134010_ses-2_acq-1k3k64d_space-ACPC_model-mapmri_param-rtpp_dwimap.nii.gz
  [DONE] → sub-134010_ses-2_acq-1k3k64d_space-MNI152NLin2009cAsym_res-02_model-mapmri_param-rtpp_dwimap.nii.gz
  [PROC] sub-134010
sub-134010 ses-3
ses-3: sub-134010_ses-3_acq-1k3k64d_space-ACPC_model-mapmri_param-lapnorm_dwimap.nii.gz
  [DONE] → sub-134010_ses-3_acq-1k3k64d_space-MNI152NLin2009cAsym_res-02_model-mapmri_param-lapnorm_dwimap.nii.gz
  [PROC] sub-134010
sub-134010 ses-3
ses-3: sub-134010_ses-3_acq-1k3k64d_space-ACPC_model-mapmri_param-mapcoeffs_dwimap.nii.gz
  [DONE] → sub-134010_ses-3_acq-1k3k64d_space-MNI152NLin2009cAsym_res-02_model-mapmri_param-mapcoeffs_dwimap.nii.gz
  [PROC] sub-134010
sub-134010 ses-3
ses-3: sub-134010_ses-3_acq-1k3k64d_space-ACPC_model-mapmri_param-msd_dwimap.nii.gz
  [DONE] → sub-134010_ses-3_acq-1k3k64d_space-MNI152NLin2009cAsym_res-02_model-mapmri_param-msd_dwimap.nii.gz
  [PROC] sub-134010
sub-134010 ses-3
ses-3: sub-134010_ses-3_acq-1k3k64d_space-ACPC_model-mapmri_param-qiv_dwimap.nii.gz
  [DONE] → sub-134010_ses-3_acq-1k3k64d_space-MNI152NLin2009cAsym_res-02_model-mapmri_param-qiv_dwimap.nii.gz
  [PROC] sub-134010
sub-134010 ses-3
ses-3: sub-134010_ses-3_acq-1k3k64d_space-ACPC_model-mapmri_param-rtap_dwimap.nii.gz
  [DONE] → sub-134010_ses-3_acq-1k3k64d_space-MNI152NLin2009cAsym_res-02_model-mapmri_param-rtap_dwimap.nii.gz
  [PROC] sub-134010
sub-134010 ses-3
ses-3: sub-134010_ses-3_acq-1k3k64d_space-ACPC_model-mapmri_param-rtpp_dwimap.nii.gz
  [DONE] → sub-134010_ses-3_acq-1k3k64d_space-MNI152NLin2009cAsym_res-02_model-mapmri_param-rtpp_dwimap.nii.gz
  [PROC] sub-134010
sub-134010 ses-3
ses-3: sub-134010_ses-3_acq-1k3k64d_space-ACPC_model-mapmri_param-rtop_dwimap.nii.gz
  [DONE] → sub-134010_ses-3_acq-1k3k64d_space-MNI152NLin2009cAsym_res-02_model-mapmri_param-rtop_dwimap.nii.gz
  [PROC] sub-134011
sub-134011 ses-1
ses-1: sub-134011_ses-1_acq-1k3k64d_space-ACPC_model-mapmri_param-lapnorm_dwimap.nii.gz
  [DONE] → sub-134011_ses-1_acq-1k3k64d_space-MNI152NLin2009cAsym_res-02_model-mapmri_param-lapnorm_dwimap.nii.gz
  [PROC] sub-134011
sub-134011 ses-1
ses-1: sub-134011_ses-1_acq-1k3k64d_space-ACPC_model-mapmri_param-mapcoeffs_dwimap.nii.gz
  [DONE] → sub-134011_ses-1_acq-1k3k64d_space-MNI152NLin2009cAsym_res-02_model-mapmri_param-mapcoeffs_dwimap.nii.gz
  [PROC] sub-134011
sub-134011 ses-1
ses-1: sub-134011_ses-1_acq-1k3k64d_space-ACPC_model-mapmri_param-qiv_dwimap.nii.gz
  [DONE] → sub-134011_ses-1_acq-1k3k64d_space-MNI152NLin2009cAsym_res-02_model-mapmri_param-qiv_dwimap.nii.gz
  [PROC] sub-134011
sub-134011 ses-1
ses-1: sub-134011_ses-1_acq-1k3k64d_space-ACPC_model-mapmri_param-msd_dwimap.nii.gz
  [DONE] → sub-134011_ses-1_acq-1k3k64d_space-MNI152NLin2009cAsym_res-02_model-mapmri_param-msd_dwimap.nii.gz
  [PROC] sub-134011
sub-134011 ses-1
ses-1: sub-134011_ses-1_acq-1k3k64d_space-ACPC_model-mapmri_param-rtap_dwimap.nii.gz
  [DONE] → sub-134011_ses-1_acq-1k3k64d_space-MNI152NLin2009cAsym_res-02_model-mapmri_param-rtap_dwimap.nii.gz
  [PROC] sub-134011
sub-134011 ses-1
ses-1: sub-134011_ses-1_acq-1k3k64d_space-ACPC_model-mapmri_param-rtop_dwimap.nii.gz
  [DONE] → sub-134011_ses-1_acq-1k3k64d_space-MNI152NLin2009cAsym_res-02_model-mapmri_param-rtop_dwimap.nii.gz
  [PROC] sub-134011
sub-134011 ses-1
ses-1: sub-134011_ses-1_acq-1k3k64d_space-ACPC_model-mapmri_param-rtpp_dwimap.nii.gz
  [DONE] → sub-134011_ses-1_acq-1k3k64d_space-MNI152NLin2009cAsym_res-02_model-mapmri_param-rtpp_dwimap.nii.gz
  [PROC] sub-134011
sub-134011 ses-2
ses-2: sub-134011_ses-2_acq-1k3k64d_space-ACPC_model-mapmri_param-lapnorm_dwimap.nii.gz
  [DONE] → sub-134011_ses-2_acq-1k3k64d_space-MNI152NLin2009cAsym_res-02_model-mapmri_param-lapnorm_dwimap.nii.gz
  [PROC] sub-134011
sub-134011 ses-2
ses-2: sub-134011_ses-2_acq-1k3k64d_space-ACPC_model-mapmri_param-mapcoeffs_dwimap.nii.gz
  [DONE] → sub-134011_ses-2_acq-1k3k64d_space-MNI152NLin2009cAsym_res-02_model-mapmri_param-mapcoeffs_dwimap.nii.gz
  [PROC] sub-134011
sub-134011 ses-2
ses-2: sub-134011_ses-2_acq-1k3k64d_space-ACPC_model-mapmri_param-msd_dwimap.nii.gz
  [DONE] → sub-134011_ses-2_acq-1k3k64d_space-MNI152NLin2009cAsym_res-02_model-mapmri_param-msd_dwimap.nii.gz
  [PROC] sub-134011
sub-134011 ses-2
ses-2: sub-134011_ses-2_acq-1k3k64d_space-ACPC_model-mapmri_param-qiv_dwimap.nii.gz
  [DONE] → sub-134011_ses-2_acq-1k3k64d_space-MNI152NLin2009cAsym_res-02_model-mapmri_param-qiv_dwimap.nii.gz
  [PROC] sub-134011
sub-134011 ses-2
ses-2: sub-134011_ses-2_acq-1k3k64d_space-ACPC_model-mapmri_param-rtap_dwimap.nii.gz
  [DONE] → sub-134011_ses-2_acq-1k3k64d_space-MNI152NLin2009cAsym_res-02_model-mapmri_param-rtap_dwimap.nii.gz
  [PROC] sub-134011
sub-134011 ses-2
ses-2: sub-134011_ses-2_acq-1k3k64d_space-ACPC_model-mapmri_param-rtop_dwimap.nii.gz
  [DONE] → sub-134011_ses-2_acq-1k3k64d_space-MNI152NLin2009cAsym_res-02_model-mapmri_param-rtop_dwimap.nii.gz
  [PROC] sub-134011
sub-134011 ses-2
ses-2: sub-134011_ses-2_acq-1k3k64d_space-ACPC_model-mapmri_param-rtpp_dwimap.nii.gz
  [DONE] → sub-134011_ses-2_acq-1k3k64d_space-MNI152NLin2009cAsym_res-02_model-mapmri_param-rtpp_dwimap.nii.gz
  [PROC] sub-134011
sub-134011 ses-3
ses-3: sub-134011_ses-3_acq-1k3k64d_space-ACPC_model-mapmri_param-lapnorm_dwimap.nii.gz
  [DONE] → sub-134011_ses-3_acq-1k3k64d_space-MNI152NLin2009cAsym_res-02_model-mapmri_param-lapnorm_dwimap.nii.gz
  [PROC] sub-134011
sub-134011 ses-3
ses-3: sub-134011_ses-3_acq-1k3k64d_space-ACPC_model-mapmri_param-mapcoeffs_dwimap.nii.gz
  [DONE] → sub-134011_ses-3_acq-1k3k64d_space-MNI152NLin2009cAsym_res-02_model-mapmri_param-mapcoeffs_dwimap.nii.gz
  [PROC] sub-134011
sub-134011 ses-3
ses-3: sub-134011_ses-3_acq-1k3k64d_space-ACPC_model-mapmri_param-msd_dwimap.nii.gz
  [DONE] → sub-134011_ses-3_acq-1k3k64d_space-MNI152NLin2009cAsym_res-02_model-mapmri_param-msd_dwimap.nii.gz
  [PROC] sub-134011
sub-134011 ses-3
ses-3: sub-134011_ses-3_acq-1k3k64d_space-ACPC_model-mapmri_param-qiv_dwimap.nii.gz
  [DONE] → sub-134011_ses-3_acq-1k3k64d_space-MNI152NLin2009cAsym_res-02_model-mapmri_param-qiv_dwimap.nii.gz
  [PROC] sub-134011
sub-134011 ses-3
ses-3: sub-134011_ses-3_acq-1k3k64d_space-ACPC_model-mapmri_param-rtap_dwimap.nii.gz
  [DONE] → sub-134011_ses-3_acq-1k3k64d_space-MNI152NLin2009cAsym_res-02_model-mapmri_param-rtap_dwimap.nii.gz
  [PROC] sub-134011
sub-134011 ses-3
ses-3: sub-134011_ses-3_acq-1k3k64d_space-ACPC_model-mapmri_param-rtop_dwimap.nii.gz
  [DONE] → sub-134011_ses-3_acq-1k3k64d_space-MNI152NLin2009cAsym_res-02_model-mapmri_param-rtop_dwimap.nii.gz
  [PROC] sub-134011
sub-134011 ses-3
ses-3: sub-134011_ses-3_acq-1k3k64d_space-ACPC_model-mapmri_param-rtpp_dwimap.nii.gz
  [DONE] → sub-134011_ses-3_acq-1k3k64d_space-MNI152NLin2009cAsym_res-02_model-mapmri_param-rtpp_dwimap.nii.gz
  [PROC] sub-134012
sub-134012 ses-1
ses-1: sub-134012_ses-1_acq-1k3k64d_space-ACPC_model-mapmri_param-lapnorm_dwimap.nii.gz
  [DONE] → sub-134012_ses-1_acq-1k3k64d_space-MNI152NLin2009cAsym_res-02_model-mapmri_param-lapnorm_dwimap.nii.gz
  [PROC] sub-134012
sub-134012 ses-1
ses-1: sub-134012_ses-1_acq-1k3k64d_space-ACPC_model-mapmri_param-mapcoeffs_dwimap.nii.gz
  [DONE] → sub-134012_ses-1_acq-1k3k64d_space-MNI152NLin2009cAsym_res-02_model-mapmri_param-mapcoeffs_dwimap.nii.gz
  [PROC] sub-134012
sub-134012 ses-1
ses-1: sub-134012_ses-1_acq-1k3k64d_space-ACPC_model-mapmri_param-msd_dwimap.nii.gz
  [DONE] → sub-134012_ses-1_acq-1k3k64d_space-MNI152NLin2009cAsym_res-02_model-mapmri_param-msd_dwimap.nii.gz
  [PROC] sub-134012
sub-134012 ses-1
ses-1: sub-134012_ses-1_acq-1k3k64d_space-ACPC_model-mapmri_param-qiv_dwimap.nii.gz
  [DONE] → sub-134012_ses-1_acq-1k3k64d_space-MNI152NLin2009cAsym_res-02_model-mapmri_param-qiv_dwimap.nii.gz
  [PROC] sub-134012
sub-134012 ses-1
ses-1: sub-134012_ses-1_acq-1k3k64d_space-ACPC_model-mapmri_param-rtop_dwimap.nii.gz
  [DONE] → sub-134012_ses-1_acq-1k3k64d_space-MNI152NLin2009cAsym_res-02_model-mapmri_param-rtop_dwimap.nii.gz
  [PROC] sub-134012
sub-134012 ses-1
ses-1: sub-134012_ses-1_acq-1k3k64d_space-ACPC_model-mapmri_param-rtap_dwimap.nii.gz
  [DONE] → sub-134012_ses-1_acq-1k3k64d_space-MNI152NLin2009cAsym_res-02_model-mapmri_param-rtap_dwimap.nii.gz
  [PROC] sub-134012
sub-134012 ses-1
ses-1: sub-134012_ses-1_acq-1k3k64d_space-ACPC_model-mapmri_param-rtpp_dwimap.nii.gz
  [DONE] → sub-134012_ses-1_acq-1k3k64d_space-MNI152NLin2009cAsym_res-02_model-mapmri_param-rtpp_dwimap.nii.gz
  [PROC] sub-134012
sub-134012 ses-2
ses-2: sub-134012_ses-2_acq-1k3k64d_space-ACPC_model-mapmri_param-lapnorm_dwimap.nii.gz
  [DONE] → sub-134012_ses-2_acq-1k3k64d_space-MNI152NLin2009cAsym_res-02_model-mapmri_param-lapnorm_dwimap.nii.gz
  [PROC] sub-134012
sub-134012 ses-2
ses-2: sub-134012_ses-2_acq-1k3k64d_space-ACPC_model-mapmri_param-msd_dwimap.nii.gz
  [DONE] → sub-134012_ses-2_acq-1k3k64d_space-MNI152NLin2009cAsym_res-02_model-mapmri_param-msd_dwimap.nii.gz
  [PROC] sub-134012
sub-134012 ses-2
ses-2: sub-134012_ses-2_acq-1k3k64d_space-ACPC_model-mapmri_param-mapcoeffs_dwimap.nii.gz
  [DONE] → sub-134012_ses-2_acq-1k3k64d_space-MNI152NLin2009cAsym_res-02_model-mapmri_param-mapcoeffs_dwimap.nii.gz
  [PROC] sub-134012
sub-134012 ses-2
ses-2: sub-134012_ses-2_acq-1k3k64d_space-ACPC_model-mapmri_param-qiv_dwimap.nii.gz
  [DONE] → sub-134012_ses-2_acq-1k3k64d_space-MNI152NLin2009cAsym_res-02_model-mapmri_param-qiv_dwimap.nii.gz
  [PROC] sub-134012
sub-134012 ses-2
ses-2: sub-134012_ses-2_acq-1k3k64d_space-ACPC_model-mapmri_param-rtap_dwimap.nii.gz
  [DONE] → sub-134012_ses-2_acq-1k3k64d_space-MNI152NLin2009cAsym_res-02_model-mapmri_param-rtap_dwimap.nii.gz
  [PROC] sub-134012
sub-134012 ses-2
ses-2: sub-134012_ses-2_acq-1k3k64d_space-ACPC_model-mapmri_param-rtop_dwimap.nii.gz
  [DONE] → sub-134012_ses-2_acq-1k3k64d_space-MNI152NLin2009cAsym_res-02_model-mapmri_param-rtop_dwimap.nii.gz
  [PROC] sub-134012
sub-134012 ses-2
ses-2: sub-134012_ses-2_acq-1k3k64d_space-ACPC_model-mapmri_param-rtpp_dwimap.nii.gz
  [DONE] → sub-134012_ses-2_acq-1k3k64d_space-MNI152NLin2009cAsym_res-02_model-mapmri_param-rtpp_dwimap.nii.gz
  [PROC] sub-134013
sub-134013 ses-1
ses-1: sub-134013_ses-1_acq-1k3k64d_space-ACPC_model-mapmri_param-lapnorm_dwimap.nii.gz
  [DONE] → sub-134013_ses-1_acq-1k3k64d_space-MNI152NLin2009cAsym_res-02_model-mapmri_param-lapnorm_dwimap.nii.gz
  [PROC] sub-134013
sub-134013 ses-1
ses-1: sub-134013_ses-1_acq-1k3k64d_space-ACPC_model-mapmri_param-mapcoeffs_dwimap.nii.gz
  [DONE] → sub-134013_ses-1_acq-1k3k64d_space-MNI152NLin2009cAsym_res-02_model-mapmri_param-mapcoeffs_dwimap.nii.gz
  [PROC] sub-134013
sub-134013 ses-1
ses-1: sub-134013_ses-1_acq-1k3k64d_space-ACPC_model-mapmri_param-msd_dwimap.nii.gz
  [DONE] → sub-134013_ses-1_acq-1k3k64d_space-MNI152NLin2009cAsym_res-02_model-mapmri_param-msd_dwimap.nii.gz
  [PROC] sub-134013
sub-134013 ses-1
ses-1: sub-134013_ses-1_acq-1k3k64d_space-ACPC_model-mapmri_param-qiv_dwimap.nii.gz
  [DONE] → sub-134013_ses-1_acq-1k3k64d_space-MNI152NLin2009cAsym_res-02_model-mapmri_param-qiv_dwimap.nii.gz
  [PROC] sub-134013
sub-134013 ses-1
ses-1: sub-134013_ses-1_acq-1k3k64d_space-ACPC_model-mapmri_param-rtap_dwimap.nii.gz
  [DONE] → sub-134013_ses-1_acq-1k3k64d_space-MNI152NLin2009cAsym_res-02_model-mapmri_param-rtap_dwimap.nii.gz
  [PROC] sub-134013
sub-134013 ses-1
ses-1: sub-134013_ses-1_acq-1k3k64d_space-ACPC_model-mapmri_param-rtop_dwimap.nii.gz
  [DONE] → sub-134013_ses-1_acq-1k3k64d_space-MNI152NLin2009cAsym_res-02_model-mapmri_param-rtop_dwimap.nii.gz
  [PROC] sub-134013
sub-134013 ses-1
ses-1: sub-134013_ses-1_acq-1k3k64d_space-ACPC_model-mapmri_param-rtpp_dwimap.nii.gz
  [DONE] → sub-134013_ses-1_acq-1k3k64d_space-MNI152NLin2009cAsym_res-02_model-mapmri_param-rtpp_dwimap.nii.gz
  [PROC] sub-134014
sub-134014 ses-1
ses-1: sub-134014_ses-1_acq-1k3k64d_space-ACPC_model-mapmri_param-lapnorm_dwimap.nii.gz
  [DONE] → sub-134014_ses-1_acq-1k3k64d_space-MNI152NLin2009cAsym_res-02_model-mapmri_param-lapnorm_dwimap.nii.gz
  [PROC] sub-134014
sub-134014 ses-1
ses-1: sub-134014_ses-1_acq-1k3k64d_space-ACPC_model-mapmri_param-mapcoeffs_dwimap.nii.gz
  [DONE] → sub-134014_ses-1_acq-1k3k64d_space-MNI152NLin2009cAsym_res-02_model-mapmri_param-mapcoeffs_dwimap.nii.gz
  [PROC] sub-134014
sub-134014 ses-1
ses-1: sub-134014_ses-1_acq-1k3k64d_space-ACPC_model-mapmri_param-msd_dwimap.nii.gz
  [DONE] → sub-134014_ses-1_acq-1k3k64d_space-MNI152NLin2009cAsym_res-02_model-mapmri_param-msd_dwimap.nii.gz
  [PROC] sub-134014
sub-134014 ses-1
ses-1: sub-134014_ses-1_acq-1k3k64d_space-ACPC_model-mapmri_param-qiv_dwimap.nii.gz
  [DONE] → sub-134014_ses-1_acq-1k3k64d_space-MNI152NLin2009cAsym_res-02_model-mapmri_param-qiv_dwimap.nii.gz
  [PROC] sub-134014
sub-134014 ses-1
ses-1: sub-134014_ses-1_acq-1k3k64d_space-ACPC_model-mapmri_param-rtap_dwimap.nii.gz
  [DONE] → sub-134014_ses-1_acq-1k3k64d_space-MNI152NLin2009cAsym_res-02_model-mapmri_param-rtap_dwimap.nii.gz
  [PROC] sub-134014
sub-134014 ses-1
ses-1: sub-134014_ses-1_acq-1k3k64d_space-ACPC_model-mapmri_param-rtop_dwimap.nii.gz
  [DONE] → sub-134014_ses-1_acq-1k3k64d_space-MNI152NLin2009cAsym_res-02_model-mapmri_param-rtop_dwimap.nii.gz
  [PROC] sub-134014
sub-134014 ses-1
ses-1: sub-134014_ses-1_acq-1k3k64d_space-ACPC_model-mapmri_param-rtpp_dwimap.nii.gz
  [DONE] → sub-134014_ses-1_acq-1k3k64d_space-MNI152NLin2009cAsym_res-02_model-mapmri_param-rtpp_dwimap.nii.gz
  [PROC] sub-134014
sub-134014 ses-2
ses-2: sub-134014_ses-2_acq-1k3k64d_space-ACPC_model-mapmri_param-lapnorm_dwimap.nii.gz
  [DONE] → sub-134014_ses-2_acq-1k3k64d_space-MNI152NLin2009cAsym_res-02_model-mapmri_param-lapnorm_dwimap.nii.gz
  [PROC] sub-134014
sub-134014 ses-2
ses-2: sub-134014_ses-2_acq-1k3k64d_space-ACPC_model-mapmri_param-mapcoeffs_dwimap.nii.gz
  [DONE] → sub-134014_ses-2_acq-1k3k64d_space-MNI152NLin2009cAsym_res-02_model-mapmri_param-mapcoeffs_dwimap.nii.gz
  [PROC] sub-134014
sub-134014 ses-2
ses-2: sub-134014_ses-2_acq-1k3k64d_space-ACPC_model-mapmri_param-msd_dwimap.nii.gz
  [DONE] → sub-134014_ses-2_acq-1k3k64d_space-MNI152NLin2009cAsym_res-02_model-mapmri_param-msd_dwimap.nii.gz
  [PROC] sub-134014
sub-134014 ses-2
ses-2: sub-134014_ses-2_acq-1k3k64d_space-ACPC_model-mapmri_param-qiv_dwimap.nii.gz
  [DONE] → sub-134014_ses-2_acq-1k3k64d_space-MNI152NLin2009cAsym_res-02_model-mapmri_param-qiv_dwimap.nii.gz
  [PROC] sub-134014
sub-134014 ses-2
ses-2: sub-134014_ses-2_acq-1k3k64d_space-ACPC_model-mapmri_param-rtap_dwimap.nii.gz
  [DONE] → sub-134014_ses-2_acq-1k3k64d_space-MNI152NLin2009cAsym_res-02_model-mapmri_param-rtap_dwimap.nii.gz
  [PROC] sub-134014
sub-134014 ses-2
ses-2: sub-134014_ses-2_acq-1k3k64d_space-ACPC_model-mapmri_param-rtop_dwimap.nii.gz
  [DONE] → sub-134014_ses-2_acq-1k3k64d_space-MNI152NLin2009cAsym_res-02_model-mapmri_param-rtop_dwimap.nii.gz
  [PROC] sub-134014
sub-134014 ses-2
ses-2: sub-134014_ses-2_acq-1k3k64d_space-ACPC_model-mapmri_param-rtpp_dwimap.nii.gz
  [DONE] → sub-134014_ses-2_acq-1k3k64d_space-MNI152NLin2009cAsym_res-02_model-mapmri_param-rtpp_dwimap.nii.gz
  [PROC] sub-134014
sub-134014 ses-3
ses-3: sub-134014_ses-3_acq-1k3k64d_space-ACPC_model-mapmri_param-lapnorm_dwimap.nii.gz
  [DONE] → sub-134014_ses-3_acq-1k3k64d_space-MNI152NLin2009cAsym_res-02_model-mapmri_param-lapnorm_dwimap.nii.gz
  [PROC] sub-134014
sub-134014 ses-3
ses-3: sub-134014_ses-3_acq-1k3k64d_space-ACPC_model-mapmri_param-msd_dwimap.nii.gz
  [DONE] → sub-134014_ses-3_acq-1k3k64d_space-MNI152NLin2009cAsym_res-02_model-mapmri_param-msd_dwimap.nii.gz
  [PROC] sub-134014
sub-134014 ses-3
ses-3: sub-134014_ses-3_acq-1k3k64d_space-ACPC_model-mapmri_param-mapcoeffs_dwimap.nii.gz
  [DONE] → sub-134014_ses-3_acq-1k3k64d_space-MNI152NLin2009cAsym_res-02_model-mapmri_param-mapcoeffs_dwimap.nii.gz
  [PROC] sub-134014
sub-134014 ses-3
ses-3: sub-134014_ses-3_acq-1k3k64d_space-ACPC_model-mapmri_param-qiv_dwimap.nii.gz
  [DONE] → sub-134014_ses-3_acq-1k3k64d_space-MNI152NLin2009cAsym_res-02_model-mapmri_param-qiv_dwimap.nii.gz
  [PROC] sub-134014
sub-134014 ses-3
ses-3: sub-134014_ses-3_acq-1k3k64d_space-ACPC_model-mapmri_param-rtap_dwimap.nii.gz
  [DONE] → sub-134014_ses-3_acq-1k3k64d_space-MNI152NLin2009cAsym_res-02_model-mapmri_param-rtap_dwimap.nii.gz
  [PROC] sub-134014
sub-134014 ses-3
ses-3: sub-134014_ses-3_acq-1k3k64d_space-ACPC_model-mapmri_param-rtpp_dwimap.nii.gz
  [DONE] → sub-134014_ses-3_acq-1k3k64d_space-MNI152NLin2009cAsym_res-02_model-mapmri_param-rtpp_dwimap.nii.gz
  [PROC] sub-134014
sub-134014 ses-3
ses-3: sub-134014_ses-3_acq-1k3k64d_space-ACPC_model-mapmri_param-rtop_dwimap.nii.gz
  [DONE] → sub-134014_ses-3_acq-1k3k64d_space-MNI152NLin2009cAsym_res-02_model-mapmri_param-rtop_dwimap.nii.gz
  [PROC] sub-134015
sub-134015 ses-1
ses-1: sub-134015_ses-1_acq-1k3k64d_space-ACPC_model-mapmri_param-lapnorm_dwimap.nii.gz
  [DONE] → sub-134015_ses-1_acq-1k3k64d_space-MNI152NLin2009cAsym_res-02_model-mapmri_param-lapnorm_dwimap.nii.gz
  [PROC] sub-134015
sub-134015 ses-1
ses-1: sub-134015_ses-1_acq-1k3k64d_space-ACPC_model-mapmri_param-mapcoeffs_dwimap.nii.gz
  [DONE] → sub-134015_ses-1_acq-1k3k64d_space-MNI152NLin2009cAsym_res-02_model-mapmri_param-mapcoeffs_dwimap.nii.gz
  [PROC] sub-134015
sub-134015 ses-1
ses-1: sub-134015_ses-1_acq-1k3k64d_space-ACPC_model-mapmri_param-msd_dwimap.nii.gz
  [DONE] → sub-134015_ses-1_acq-1k3k64d_space-MNI152NLin2009cAsym_res-02_model-mapmri_param-msd_dwimap.nii.gz
  [PROC] sub-134015
sub-134015 ses-1
ses-1: sub-134015_ses-1_acq-1k3k64d_space-ACPC_model-mapmri_param-qiv_dwimap.nii.gz
  [DONE] → sub-134015_ses-1_acq-1k3k64d_space-MNI152NLin2009cAsym_res-02_model-mapmri_param-qiv_dwimap.nii.gz
  [PROC] sub-134015
sub-134015 ses-1
ses-1: sub-134015_ses-1_acq-1k3k64d_space-ACPC_model-mapmri_param-rtap_dwimap.nii.gz
  [DONE] → sub-134015_ses-1_acq-1k3k64d_space-MNI152NLin2009cAsym_res-02_model-mapmri_param-rtap_dwimap.nii.gz
  [PROC] sub-134015
sub-134015 ses-1
ses-1: sub-134015_ses-1_acq-1k3k64d_space-ACPC_model-mapmri_param-rtop_dwimap.nii.gz
  [DONE] → sub-134015_ses-1_acq-1k3k64d_space-MNI152NLin2009cAsym_res-02_model-mapmri_param-rtop_dwimap.nii.gz
  [PROC] sub-134015
sub-134015 ses-1
ses-1: sub-134015_ses-1_acq-1k3k64d_space-ACPC_model-mapmri_param-rtpp_dwimap.nii.gz
  [DONE] → sub-134015_ses-1_acq-1k3k64d_space-MNI152NLin2009cAsym_res-02_model-mapmri_param-rtpp_dwimap.nii.gz
  [PROC] sub-134015
sub-134015 ses-2
ses-2: sub-134015_ses-2_acq-1k3k64d_space-ACPC_model-mapmri_param-lapnorm_dwimap.nii.gz
  [DONE] → sub-134015_ses-2_acq-1k3k64d_space-MNI152NLin2009cAsym_res-02_model-mapmri_param-lapnorm_dwimap.nii.gz
  [PROC] sub-134015
sub-134015 ses-2
ses-2: sub-134015_ses-2_acq-1k3k64d_space-ACPC_model-mapmri_param-mapcoeffs_dwimap.nii.gz
  [DONE] → sub-134015_ses-2_acq-1k3k64d_space-MNI152NLin2009cAsym_res-02_model-mapmri_param-mapcoeffs_dwimap.nii.gz
  [PROC] sub-134015
sub-134015 ses-2
ses-2: sub-134015_ses-2_acq-1k3k64d_space-ACPC_model-mapmri_param-msd_dwimap.nii.gz
  [DONE] → sub-134015_ses-2_acq-1k3k64d_space-MNI152NLin2009cAsym_res-02_model-mapmri_param-msd_dwimap.nii.gz
  [PROC] sub-134015
sub-134015 ses-2
ses-2: sub-134015_ses-2_acq-1k3k64d_space-ACPC_model-mapmri_param-qiv_dwimap.nii.gz
  [DONE] → sub-134015_ses-2_acq-1k3k64d_space-MNI152NLin2009cAsym_res-02_model-mapmri_param-qiv_dwimap.nii.gz
  [PROC] sub-134015
sub-134015 ses-2
ses-2: sub-134015_ses-2_acq-1k3k64d_space-ACPC_model-mapmri_param-rtap_dwimap.nii.gz
  [DONE] → sub-134015_ses-2_acq-1k3k64d_space-MNI152NLin2009cAsym_res-02_model-mapmri_param-rtap_dwimap.nii.gz
  [PROC] sub-134015
sub-134015 ses-2
ses-2: sub-134015_ses-2_acq-1k3k64d_space-ACPC_model-mapmri_param-rtop_dwimap.nii.gz
  [DONE] → sub-134015_ses-2_acq-1k3k64d_space-MNI152NLin2009cAsym_res-02_model-mapmri_param-rtop_dwimap.nii.gz
  [PROC] sub-134015
sub-134015 ses-2
ses-2: sub-134015_ses-2_acq-1k3k64d_space-ACPC_model-mapmri_param-rtpp_dwimap.nii.gz
  [DONE] → sub-134015_ses-2_acq-1k3k64d_space-MNI152NLin2009cAsym_res-02_model-mapmri_param-rtpp_dwimap.nii.gz
  [PROC] sub-134015
sub-134015 ses-3
ses-3: sub-134015_ses-3_acq-1k3k64d_space-ACPC_model-mapmri_param-lapnorm_dwimap.nii.gz
  [DONE] → sub-134015_ses-3_acq-1k3k64d_space-MNI152NLin2009cAsym_res-02_model-mapmri_param-lapnorm_dwimap.nii.gz
  [PROC] sub-134015
sub-134015 ses-3
ses-3: sub-134015_ses-3_acq-1k3k64d_space-ACPC_model-mapmri_param-mapcoeffs_dwimap.nii.gz
  [DONE] → sub-134015_ses-3_acq-1k3k64d_space-MNI152NLin2009cAsym_res-02_model-mapmri_param-mapcoeffs_dwimap.nii.gz
  [PROC] sub-134015
sub-134015 ses-3
ses-3: sub-134015_ses-3_acq-1k3k64d_space-ACPC_model-mapmri_param-msd_dwimap.nii.gz
  [DONE] → sub-134015_ses-3_acq-1k3k64d_space-MNI152NLin2009cAsym_res-02_model-mapmri_param-msd_dwimap.nii.gz
  [PROC] sub-134015
sub-134015 ses-3
ses-3: sub-134015_ses-3_acq-1k3k64d_space-ACPC_model-mapmri_param-qiv_dwimap.nii.gz
  [DONE] → sub-134015_ses-3_acq-1k3k64d_space-MNI152NLin2009cAsym_res-02_model-mapmri_param-qiv_dwimap.nii.gz
  [PROC] sub-134015
sub-134015 ses-3
ses-3: sub-134015_ses-3_acq-1k3k64d_space-ACPC_model-mapmri_param-rtap_dwimap.nii.gz
  [DONE] → sub-134015_ses-3_acq-1k3k64d_space-MNI152NLin2009cAsym_res-02_model-mapmri_param-rtap_dwimap.nii.gz
  [PROC] sub-134015
sub-134015 ses-3
ses-3: sub-134015_ses-3_acq-1k3k64d_space-ACPC_model-mapmri_param-rtop_dwimap.nii.gz
  [DONE] → sub-134015_ses-3_acq-1k3k64d_space-MNI152NLin2009cAsym_res-02_model-mapmri_param-rtop_dwimap.nii.gz
  [PROC] sub-134015
sub-134015 ses-3
ses-3: sub-134015_ses-3_acq-1k3k64d_space-ACPC_model-mapmri_param-rtpp_dwimap.nii.gz
  [DONE] → sub-134015_ses-3_acq-1k3k64d_space-MNI152NLin2009cAsym_res-02_model-mapmri_param-rtpp_dwimap.nii.gz
  [PROC] sub-134016
sub-134016 ses-1
ses-1: sub-134016_ses-1_acq-1k3k64d_space-ACPC_model-mapmri_param-lapnorm_dwimap.nii.gz
  [DONE] → sub-134016_ses-1_acq-1k3k64d_space-MNI152NLin2009cAsym_res-02_model-mapmri_param-lapnorm_dwimap.nii.gz
  [PROC] sub-134016
sub-134016 ses-1
ses-1: sub-134016_ses-1_acq-1k3k64d_space-ACPC_model-mapmri_param-mapcoeffs_dwimap.nii.gz
  [DONE] → sub-134016_ses-1_acq-1k3k64d_space-MNI152NLin2009cAsym_res-02_model-mapmri_param-mapcoeffs_dwimap.nii.gz
  [PROC] sub-134016
sub-134016 ses-1
ses-1: sub-134016_ses-1_acq-1k3k64d_space-ACPC_model-mapmri_param-msd_dwimap.nii.gz
  [DONE] → sub-134016_ses-1_acq-1k3k64d_space-MNI152NLin2009cAsym_res-02_model-mapmri_param-msd_dwimap.nii.gz
  [PROC] sub-134016
sub-134016 ses-1
ses-1: sub-134016_ses-1_acq-1k3k64d_space-ACPC_model-mapmri_param-qiv_dwimap.nii.gz
  [DONE] → sub-134016_ses-1_acq-1k3k64d_space-MNI152NLin2009cAsym_res-02_model-mapmri_param-qiv_dwimap.nii.gz
  [PROC] sub-134016
sub-134016 ses-1
ses-1: sub-134016_ses-1_acq-1k3k64d_space-ACPC_model-mapmri_param-rtap_dwimap.nii.gz
  [DONE] → sub-134016_ses-1_acq-1k3k64d_space-MNI152NLin2009cAsym_res-02_model-mapmri_param-rtap_dwimap.nii.gz
  [PROC] sub-134016
sub-134016 ses-1
ses-1: sub-134016_ses-1_acq-1k3k64d_space-ACPC_model-mapmri_param-rtop_dwimap.nii.gz
  [DONE] → sub-134016_ses-1_acq-1k3k64d_space-MNI152NLin2009cAsym_res-02_model-mapmri_param-rtop_dwimap.nii.gz
  [PROC] sub-134016
sub-134016 ses-1
ses-1: sub-134016_ses-1_acq-1k3k64d_space-ACPC_model-mapmri_param-rtpp_dwimap.nii.gz
  [DONE] → sub-134016_ses-1_acq-1k3k64d_space-MNI152NLin2009cAsym_res-02_model-mapmri_param-rtpp_dwimap.nii.gz
  [PROC] sub-134016
sub-134016 ses-2
ses-2: sub-134016_ses-2_acq-1k3k64d_space-ACPC_model-mapmri_param-lapnorm_dwimap.nii.gz
  [DONE] → sub-134016_ses-2_acq-1k3k64d_space-MNI152NLin2009cAsym_res-02_model-mapmri_param-lapnorm_dwimap.nii.gz
  [PROC] sub-134016
sub-134016 ses-2
ses-2: sub-134016_ses-2_acq-1k3k64d_space-ACPC_model-mapmri_param-mapcoeffs_dwimap.nii.gz
  [DONE] → sub-134016_ses-2_acq-1k3k64d_space-MNI152NLin2009cAsym_res-02_model-mapmri_param-mapcoeffs_dwimap.nii.gz
  [PROC] sub-134016
sub-134016 ses-2
ses-2: sub-134016_ses-2_acq-1k3k64d_space-ACPC_model-mapmri_param-msd_dwimap.nii.gz
  [DONE] → sub-134016_ses-2_acq-1k3k64d_space-MNI152NLin2009cAsym_res-02_model-mapmri_param-msd_dwimap.nii.gz
  [PROC] sub-134016
sub-134016 ses-2
ses-2: sub-134016_ses-2_acq-1k3k64d_space-ACPC_model-mapmri_param-qiv_dwimap.nii.gz
  [DONE] → sub-134016_ses-2_acq-1k3k64d_space-MNI152NLin2009cAsym_res-02_model-mapmri_param-qiv_dwimap.nii.gz
  [PROC] sub-134016
sub-134016 ses-2
ses-2: sub-134016_ses-2_acq-1k3k64d_space-ACPC_model-mapmri_param-rtop_dwimap.nii.gz
  [DONE] → sub-134016_ses-2_acq-1k3k64d_space-MNI152NLin2009cAsym_res-02_model-mapmri_param-rtop_dwimap.nii.gz
  [PROC] sub-134016
sub-134016 ses-2
ses-2: sub-134016_ses-2_acq-1k3k64d_space-ACPC_model-mapmri_param-rtap_dwimap.nii.gz
  [DONE] → sub-134016_ses-2_acq-1k3k64d_space-MNI152NLin2009cAsym_res-02_model-mapmri_param-rtap_dwimap.nii.gz
  [PROC] sub-134016
sub-134016 ses-2
ses-2: sub-134016_ses-2_acq-1k3k64d_space-ACPC_model-mapmri_param-rtpp_dwimap.nii.gz
  [DONE] → sub-134016_ses-2_acq-1k3k64d_space-MNI152NLin2009cAsym_res-02_model-mapmri_param-rtpp_dwimap.nii.gz
  [PROC] sub-134016
sub-134016 ses-3
ses-3: sub-134016_ses-3_acq-1k3k64d_space-ACPC_model-mapmri_param-lapnorm_dwimap.nii.gz
  [DONE] → sub-134016_ses-3_acq-1k3k64d_space-MNI152NLin2009cAsym_res-02_model-mapmri_param-lapnorm_dwimap.nii.gz
  [PROC] sub-134016
sub-134016 ses-3
ses-3: sub-134016_ses-3_acq-1k3k64d_space-ACPC_model-mapmri_param-mapcoeffs_dwimap.nii.gz
  [DONE] → sub-134016_ses-3_acq-1k3k64d_space-MNI152NLin2009cAsym_res-02_model-mapmri_param-mapcoeffs_dwimap.nii.gz
  [PROC] sub-134016
sub-134016 ses-3
ses-3: sub-134016_ses-3_acq-1k3k64d_space-ACPC_model-mapmri_param-msd_dwimap.nii.gz
  [DONE] → sub-134016_ses-3_acq-1k3k64d_space-MNI152NLin2009cAsym_res-02_model-mapmri_param-msd_dwimap.nii.gz
  [PROC] sub-134016
sub-134016 ses-3
ses-3: sub-134016_ses-3_acq-1k3k64d_space-ACPC_model-mapmri_param-qiv_dwimap.nii.gz
  [DONE] → sub-134016_ses-3_acq-1k3k64d_space-MNI152NLin2009cAsym_res-02_model-mapmri_param-qiv_dwimap.nii.gz
  [PROC] sub-134016
sub-134016 ses-3
ses-3: sub-134016_ses-3_acq-1k3k64d_space-ACPC_model-mapmri_param-rtap_dwimap.nii.gz
  [DONE] → sub-134016_ses-3_acq-1k3k64d_space-MNI152NLin2009cAsym_res-02_model-mapmri_param-rtap_dwimap.nii.gz
  [PROC] sub-134016
sub-134016 ses-3
ses-3: sub-134016_ses-3_acq-1k3k64d_space-ACPC_model-mapmri_param-rtop_dwimap.nii.gz
  [DONE] → sub-134016_ses-3_acq-1k3k64d_space-MNI152NLin2009cAsym_res-02_model-mapmri_param-rtop_dwimap.nii.gz
  [PROC] sub-134016
sub-134016 ses-3
ses-3: sub-134016_ses-3_acq-1k3k64d_space-ACPC_model-mapmri_param-rtpp_dwimap.nii.gz
  [DONE] → sub-134016_ses-3_acq-1k3k64d_space-MNI152NLin2009cAsym_res-02_model-mapmri_param-rtpp_dwimap.nii.gz
  [PROC] sub-134017
sub-134017 ses-1
ses-1: sub-134017_ses-1_acq-1k3k64d_space-ACPC_model-mapmri_param-lapnorm_dwimap.nii.gz
  [DONE] → sub-134017_ses-1_acq-1k3k64d_space-MNI152NLin2009cAsym_res-02_model-mapmri_param-lapnorm_dwimap.nii.gz
  [PROC] sub-134017
sub-134017 ses-1
ses-1: sub-134017_ses-1_acq-1k3k64d_space-ACPC_model-mapmri_param-mapcoeffs_dwimap.nii.gz
  [DONE] → sub-134017_ses-1_acq-1k3k64d_space-MNI152NLin2009cAsym_res-02_model-mapmri_param-mapcoeffs_dwimap.nii.gz
  [PROC] sub-134017
sub-134017 ses-1
ses-1: sub-134017_ses-1_acq-1k3k64d_space-ACPC_model-mapmri_param-msd_dwimap.nii.gz
  [DONE] → sub-134017_ses-1_acq-1k3k64d_space-MNI152NLin2009cAsym_res-02_model-mapmri_param-msd_dwimap.nii.gz
  [PROC] sub-134017
sub-134017 ses-1
ses-1: sub-134017_ses-1_acq-1k3k64d_space-ACPC_model-mapmri_param-qiv_dwimap.nii.gz
  [DONE] → sub-134017_ses-1_acq-1k3k64d_space-MNI152NLin2009cAsym_res-02_model-mapmri_param-qiv_dwimap.nii.gz
  [PROC] sub-134017
sub-134017 ses-1
ses-1: sub-134017_ses-1_acq-1k3k64d_space-ACPC_model-mapmri_param-rtap_dwimap.nii.gz
  [DONE] → sub-134017_ses-1_acq-1k3k64d_space-MNI152NLin2009cAsym_res-02_model-mapmri_param-rtap_dwimap.nii.gz
  [PROC] sub-134017
sub-134017 ses-1
ses-1: sub-134017_ses-1_acq-1k3k64d_space-ACPC_model-mapmri_param-rtop_dwimap.nii.gz
  [DONE] → sub-134017_ses-1_acq-1k3k64d_space-MNI152NLin2009cAsym_res-02_model-mapmri_param-rtop_dwimap.nii.gz
  [PROC] sub-134017
sub-134017 ses-1
ses-1: sub-134017_ses-1_acq-1k3k64d_space-ACPC_model-mapmri_param-rtpp_dwimap.nii.gz
  [DONE] → sub-134017_ses-1_acq-1k3k64d_space-MNI152NLin2009cAsym_res-02_model-mapmri_param-rtpp_dwimap.nii.gz
  [PROC] sub-134017
sub-134017 ses-2
ses-2: sub-134017_ses-2_acq-1k3k64d_space-ACPC_model-mapmri_param-lapnorm_dwimap.nii.gz
  [DONE] → sub-134017_ses-2_acq-1k3k64d_space-MNI152NLin2009cAsym_res-02_model-mapmri_param-lapnorm_dwimap.nii.gz
  [PROC] sub-134017
sub-134017 ses-2
ses-2: sub-134017_ses-2_acq-1k3k64d_space-ACPC_model-mapmri_param-mapcoeffs_dwimap.nii.gz
  [DONE] → sub-134017_ses-2_acq-1k3k64d_space-MNI152NLin2009cAsym_res-02_model-mapmri_param-mapcoeffs_dwimap.nii.gz
  [PROC] sub-134017
sub-134017 ses-2
ses-2: sub-134017_ses-2_acq-1k3k64d_space-ACPC_model-mapmri_param-msd_dwimap.nii.gz
  [DONE] → sub-134017_ses-2_acq-1k3k64d_space-MNI152NLin2009cAsym_res-02_model-mapmri_param-msd_dwimap.nii.gz
  [PROC] sub-134017
sub-134017 ses-2
ses-2: sub-134017_ses-2_acq-1k3k64d_space-ACPC_model-mapmri_param-qiv_dwimap.nii.gz
  [DONE] → sub-134017_ses-2_acq-1k3k64d_space-MNI152NLin2009cAsym_res-02_model-mapmri_param-qiv_dwimap.nii.gz
  [PROC] sub-134017
sub-134017 ses-2
ses-2: sub-134017_ses-2_acq-1k3k64d_space-ACPC_model-mapmri_param-rtap_dwimap.nii.gz
  [DONE] → sub-134017_ses-2_acq-1k3k64d_space-MNI152NLin2009cAsym_res-02_model-mapmri_param-rtap_dwimap.nii.gz
  [PROC] sub-134017
sub-134017 ses-2
ses-2: sub-134017_ses-2_acq-1k3k64d_space-ACPC_model-mapmri_param-rtop_dwimap.nii.gz
  [DONE] → sub-134017_ses-2_acq-1k3k64d_space-MNI152NLin2009cAsym_res-02_model-mapmri_param-rtop_dwimap.nii.gz
  [PROC] sub-134017
sub-134017 ses-2
ses-2: sub-134017_ses-2_acq-1k3k64d_space-ACPC_model-mapmri_param-rtpp_dwimap.nii.gz
  [DONE] → sub-134017_ses-2_acq-1k3k64d_space-MNI152NLin2009cAsym_res-02_model-mapmri_param-rtpp_dwimap.nii.gz
  [PROC] sub-134017
sub-134017 ses-3
ses-3: sub-134017_ses-3_acq-1k3k64d_space-ACPC_model-mapmri_param-lapnorm_dwimap.nii.gz
  [DONE] → sub-134017_ses-3_acq-1k3k64d_space-MNI152NLin2009cAsym_res-02_model-mapmri_param-lapnorm_dwimap.nii.gz
  [PROC] sub-134017
sub-134017 ses-3
ses-3: sub-134017_ses-3_acq-1k3k64d_space-ACPC_model-mapmri_param-mapcoeffs_dwimap.nii.gz
  [DONE] → sub-134017_ses-3_acq-1k3k64d_space-MNI152NLin2009cAsym_res-02_model-mapmri_param-mapcoeffs_dwimap.nii.gz
  [PROC] sub-134017
sub-134017 ses-3
ses-3: sub-134017_ses-3_acq-1k3k64d_space-ACPC_model-mapmri_param-msd_dwimap.nii.gz
  [DONE] → sub-134017_ses-3_acq-1k3k64d_space-MNI152NLin2009cAsym_res-02_model-mapmri_param-msd_dwimap.nii.gz
  [PROC] sub-134017
sub-134017 ses-3
ses-3: sub-134017_ses-3_acq-1k3k64d_space-ACPC_model-mapmri_param-qiv_dwimap.nii.gz
  [DONE] → sub-134017_ses-3_acq-1k3k64d_space-MNI152NLin2009cAsym_res-02_model-mapmri_param-qiv_dwimap.nii.gz
  [PROC] sub-134017
sub-134017 ses-3
ses-3: sub-134017_ses-3_acq-1k3k64d_space-ACPC_model-mapmri_param-rtap_dwimap.nii.gz
  [DONE] → sub-134017_ses-3_acq-1k3k64d_space-MNI152NLin2009cAsym_res-02_model-mapmri_param-rtap_dwimap.nii.gz
  [PROC] sub-134017
sub-134017 ses-3
ses-3: sub-134017_ses-3_acq-1k3k64d_space-ACPC_model-mapmri_param-rtop_dwimap.nii.gz
  [DONE] → sub-134017_ses-3_acq-1k3k64d_space-MNI152NLin2009cAsym_res-02_model-mapmri_param-rtop_dwimap.nii.gz
  [PROC] sub-134017
sub-134017 ses-3
ses-3: sub-134017_ses-3_acq-1k3k64d_space-ACPC_model-mapmri_param-rtpp_dwimap.nii.gz
  [DONE] → sub-134017_ses-3_acq-1k3k64d_space-MNI152NLin2009cAsym_res-02_model-mapmri_param-rtpp_dwimap.nii.gz
  [PROC] sub-134018
sub-134018 ses-1
ses-1: sub-134018_ses-1_acq-1k3k64d_space-ACPC_model-mapmri_param-lapnorm_dwimap.nii.gz
  [DONE] → sub-134018_ses-1_acq-1k3k64d_space-MNI152NLin2009cAsym_res-02_model-mapmri_param-lapnorm_dwimap.nii.gz
  [PROC] sub-134018
sub-134018 ses-1
ses-1: sub-134018_ses-1_acq-1k3k64d_space-ACPC_model-mapmri_param-mapcoeffs_dwimap.nii.gz
  [DONE] → sub-134018_ses-1_acq-1k3k64d_space-MNI152NLin2009cAsym_res-02_model-mapmri_param-mapcoeffs_dwimap.nii.gz
  [PROC] sub-134018
sub-134018 ses-1
ses-1: sub-134018_ses-1_acq-1k3k64d_space-ACPC_model-mapmri_param-msd_dwimap.nii.gz
  [DONE] → sub-134018_ses-1_acq-1k3k64d_space-MNI152NLin2009cAsym_res-02_model-mapmri_param-msd_dwimap.nii.gz
  [PROC] sub-134018
sub-134018 ses-1
ses-1: sub-134018_ses-1_acq-1k3k64d_space-ACPC_model-mapmri_param-qiv_dwimap.nii.gz
  [DONE] → sub-134018_ses-1_acq-1k3k64d_space-MNI152NLin2009cAsym_res-02_model-mapmri_param-qiv_dwimap.nii.gz
  [PROC] sub-134018
sub-134018 ses-1
ses-1: sub-134018_ses-1_acq-1k3k64d_space-ACPC_model-mapmri_param-rtap_dwimap.nii.gz
  [DONE] → sub-134018_ses-1_acq-1k3k64d_space-MNI152NLin2009cAsym_res-02_model-mapmri_param-rtap_dwimap.nii.gz
  [PROC] sub-134018
sub-134018 ses-1
ses-1: sub-134018_ses-1_acq-1k3k64d_space-ACPC_model-mapmri_param-rtop_dwimap.nii.gz
  [DONE] → sub-134018_ses-1_acq-1k3k64d_space-MNI152NLin2009cAsym_res-02_model-mapmri_param-rtop_dwimap.nii.gz
  [PROC] sub-134018
sub-134018 ses-1
ses-1: sub-134018_ses-1_acq-1k3k64d_space-ACPC_model-mapmri_param-rtpp_dwimap.nii.gz
  [DONE] → sub-134018_ses-1_acq-1k3k64d_space-MNI152NLin2009cAsym_res-02_model-mapmri_param-rtpp_dwimap.nii.gz
  [PROC] sub-134018
sub-134018 ses-2
ses-2: sub-134018_ses-2_acq-1k3k64d_space-ACPC_model-mapmri_param-lapnorm_dwimap.nii.gz
  [DONE] → sub-134018_ses-2_acq-1k3k64d_space-MNI152NLin2009cAsym_res-02_model-mapmri_param-lapnorm_dwimap.nii.gz
  [PROC] sub-134018
sub-134018 ses-2
ses-2: sub-134018_ses-2_acq-1k3k64d_space-ACPC_model-mapmri_param-mapcoeffs_dwimap.nii.gz
  [DONE] → sub-134018_ses-2_acq-1k3k64d_space-MNI152NLin2009cAsym_res-02_model-mapmri_param-mapcoeffs_dwimap.nii.gz
  [PROC] sub-134018
sub-134018 ses-2
ses-2: sub-134018_ses-2_acq-1k3k64d_space-ACPC_model-mapmri_param-msd_dwimap.nii.gz
  [DONE] → sub-134018_ses-2_acq-1k3k64d_space-MNI152NLin2009cAsym_res-02_model-mapmri_param-msd_dwimap.nii.gz
  [PROC] sub-134018
sub-134018 ses-2
ses-2: sub-134018_ses-2_acq-1k3k64d_space-ACPC_model-mapmri_param-qiv_dwimap.nii.gz
  [DONE] → sub-134018_ses-2_acq-1k3k64d_space-MNI152NLin2009cAsym_res-02_model-mapmri_param-qiv_dwimap.nii.gz
  [PROC] sub-134018
sub-134018 ses-2
ses-2: sub-134018_ses-2_acq-1k3k64d_space-ACPC_model-mapmri_param-rtap_dwimap.nii.gz
  [DONE] → sub-134018_ses-2_acq-1k3k64d_space-MNI152NLin2009cAsym_res-02_model-mapmri_param-rtap_dwimap.nii.gz
  [PROC] sub-134018
sub-134018 ses-2
ses-2: sub-134018_ses-2_acq-1k3k64d_space-ACPC_model-mapmri_param-rtop_dwimap.nii.gz
  [DONE] → sub-134018_ses-2_acq-1k3k64d_space-MNI152NLin2009cAsym_res-02_model-mapmri_param-rtop_dwimap.nii.gz
  [PROC] sub-134018
sub-134018 ses-2
ses-2: sub-134018_ses-2_acq-1k3k64d_space-ACPC_model-mapmri_param-rtpp_dwimap.nii.gz
  [DONE] → sub-134018_ses-2_acq-1k3k64d_space-MNI152NLin2009cAsym_res-02_model-mapmri_param-rtpp_dwimap.nii.gz
  [PROC] sub-134018
sub-134018 ses-3
ses-3: sub-134018_ses-3_acq-1k3k64d_space-ACPC_model-mapmri_param-lapnorm_dwimap.nii.gz
  [DONE] → sub-134018_ses-3_acq-1k3k64d_space-MNI152NLin2009cAsym_res-02_model-mapmri_param-lapnorm_dwimap.nii.gz
  [PROC] sub-134018
sub-134018 ses-3
ses-3: sub-134018_ses-3_acq-1k3k64d_space-ACPC_model-mapmri_param-mapcoeffs_dwimap.nii.gz
  [DONE] → sub-134018_ses-3_acq-1k3k64d_space-MNI152NLin2009cAsym_res-02_model-mapmri_param-mapcoeffs_dwimap.nii.gz
  [PROC] sub-134018
sub-134018 ses-3
ses-3: sub-134018_ses-3_acq-1k3k64d_space-ACPC_model-mapmri_param-msd_dwimap.nii.gz
  [DONE] → sub-134018_ses-3_acq-1k3k64d_space-MNI152NLin2009cAsym_res-02_model-mapmri_param-msd_dwimap.nii.gz
  [PROC] sub-134018
sub-134018 ses-3
ses-3: sub-134018_ses-3_acq-1k3k64d_space-ACPC_model-mapmri_param-qiv_dwimap.nii.gz
  [DONE] → sub-134018_ses-3_acq-1k3k64d_space-MNI152NLin2009cAsym_res-02_model-mapmri_param-qiv_dwimap.nii.gz
  [PROC] sub-134018
sub-134018 ses-3
ses-3: sub-134018_ses-3_acq-1k3k64d_space-ACPC_model-mapmri_param-rtap_dwimap.nii.gz
  [DONE] → sub-134018_ses-3_acq-1k3k64d_space-MNI152NLin2009cAsym_res-02_model-mapmri_param-rtap_dwimap.nii.gz
  [PROC] sub-134018
sub-134018 ses-3
ses-3: sub-134018_ses-3_acq-1k3k64d_space-ACPC_model-mapmri_param-rtop_dwimap.nii.gz
  [DONE] → sub-134018_ses-3_acq-1k3k64d_space-MNI152NLin2009cAsym_res-02_model-mapmri_param-rtop_dwimap.nii.gz
  [PROC] sub-134018
sub-134018 ses-3
ses-3: sub-134018_ses-3_acq-1k3k64d_space-ACPC_model-mapmri_param-rtpp_dwimap.nii.gz
  [DONE] → sub-134018_ses-3_acq-1k3k64d_space-MNI152NLin2009cAsym_res-02_model-mapmri_param-rtpp_dwimap.nii.gz
  [PROC] sub-134019
sub-134019 ses-1
ses-1: sub-134019_ses-1_acq-1k3k64d_space-ACPC_model-mapmri_param-lapnorm_dwimap.nii.gz
  [DONE] → sub-134019_ses-1_acq-1k3k64d_space-MNI152NLin2009cAsym_res-02_model-mapmri_param-lapnorm_dwimap.nii.gz
  [PROC] sub-134019
sub-134019 ses-1
ses-1: sub-134019_ses-1_acq-1k3k64d_space-ACPC_model-mapmri_param-mapcoeffs_dwimap.nii.gz
  [DONE] → sub-134019_ses-1_acq-1k3k64d_space-MNI152NLin2009cAsym_res-02_model-mapmri_param-mapcoeffs_dwimap.nii.gz
  [PROC] sub-134019
sub-134019 ses-1
ses-1: sub-134019_ses-1_acq-1k3k64d_space-ACPC_model-mapmri_param-msd_dwimap.nii.gz
  [DONE] → sub-134019_ses-1_acq-1k3k64d_space-MNI152NLin2009cAsym_res-02_model-mapmri_param-msd_dwimap.nii.gz
  [PROC] sub-134019
sub-134019 ses-1
ses-1: sub-134019_ses-1_acq-1k3k64d_space-ACPC_model-mapmri_param-qiv_dwimap.nii.gz
  [DONE] → sub-134019_ses-1_acq-1k3k64d_space-MNI152NLin2009cAsym_res-02_model-mapmri_param-qiv_dwimap.nii.gz
  [PROC] sub-134019
sub-134019 ses-1
ses-1: sub-134019_ses-1_acq-1k3k64d_space-ACPC_model-mapmri_param-rtap_dwimap.nii.gz
  [DONE] → sub-134019_ses-1_acq-1k3k64d_space-MNI152NLin2009cAsym_res-02_model-mapmri_param-rtap_dwimap.nii.gz
  [PROC] sub-134019
sub-134019 ses-1
ses-1: sub-134019_ses-1_acq-1k3k64d_space-ACPC_model-mapmri_param-rtop_dwimap.nii.gz
  [DONE] → sub-134019_ses-1_acq-1k3k64d_space-MNI152NLin2009cAsym_res-02_model-mapmri_param-rtop_dwimap.nii.gz
  [PROC] sub-134019
sub-134019 ses-1
ses-1: sub-134019_ses-1_acq-1k3k64d_space-ACPC_model-mapmri_param-rtpp_dwimap.nii.gz
  [DONE] → sub-134019_ses-1_acq-1k3k64d_space-MNI152NLin2009cAsym_res-02_model-mapmri_param-rtpp_dwimap.nii.gz
  [PROC] sub-134019
sub-134019 ses-2
ses-2: sub-134019_ses-2_acq-1k3k64d_space-ACPC_model-mapmri_param-lapnorm_dwimap.nii.gz
  [DONE] → sub-134019_ses-2_acq-1k3k64d_space-MNI152NLin2009cAsym_res-02_model-mapmri_param-lapnorm_dwimap.nii.gz
  [PROC] sub-134019
sub-134019 ses-2
ses-2: sub-134019_ses-2_acq-1k3k64d_space-ACPC_model-mapmri_param-mapcoeffs_dwimap.nii.gz
  [DONE] → sub-134019_ses-2_acq-1k3k64d_space-MNI152NLin2009cAsym_res-02_model-mapmri_param-mapcoeffs_dwimap.nii.gz
  [PROC] sub-134019
sub-134019 ses-2
ses-2: sub-134019_ses-2_acq-1k3k64d_space-ACPC_model-mapmri_param-msd_dwimap.nii.gz
  [DONE] → sub-134019_ses-2_acq-1k3k64d_space-MNI152NLin2009cAsym_res-02_model-mapmri_param-msd_dwimap.nii.gz
  [PROC] sub-134019
sub-134019 ses-2
ses-2: sub-134019_ses-2_acq-1k3k64d_space-ACPC_model-mapmri_param-rtap_dwimap.nii.gz
  [DONE] → sub-134019_ses-2_acq-1k3k64d_space-MNI152NLin2009cAsym_res-02_model-mapmri_param-rtap_dwimap.nii.gz
  [PROC] sub-134019
sub-134019 ses-2
ses-2: sub-134019_ses-2_acq-1k3k64d_space-ACPC_model-mapmri_param-qiv_dwimap.nii.gz
  [DONE] → sub-134019_ses-2_acq-1k3k64d_space-MNI152NLin2009cAsym_res-02_model-mapmri_param-qiv_dwimap.nii.gz
  [PROC] sub-134019
sub-134019 ses-2
ses-2: sub-134019_ses-2_acq-1k3k64d_space-ACPC_model-mapmri_param-rtop_dwimap.nii.gz
  [DONE] → sub-134019_ses-2_acq-1k3k64d_space-MNI152NLin2009cAsym_res-02_model-mapmri_param-rtop_dwimap.nii.gz
  [PROC] sub-134019
sub-134019 ses-2
ses-2: sub-134019_ses-2_acq-1k3k64d_space-ACPC_model-mapmri_param-rtpp_dwimap.nii.gz
  [DONE] → sub-134019_ses-2_acq-1k3k64d_space-MNI152NLin2009cAsym_res-02_model-mapmri_param-rtpp_dwimap.nii.gz
  [PROC] sub-134019
sub-134019 ses-3
ses-3: sub-134019_ses-3_acq-1k3k64d_space-ACPC_model-mapmri_param-lapnorm_dwimap.nii.gz
  [DONE] → sub-134019_ses-3_acq-1k3k64d_space-MNI152NLin2009cAsym_res-02_model-mapmri_param-lapnorm_dwimap.nii.gz
  [PROC] sub-134019
sub-134019 ses-3
ses-3: sub-134019_ses-3_acq-1k3k64d_space-ACPC_model-mapmri_param-mapcoeffs_dwimap.nii.gz
  [DONE] → sub-134019_ses-3_acq-1k3k64d_space-MNI152NLin2009cAsym_res-02_model-mapmri_param-mapcoeffs_dwimap.nii.gz
  [PROC] sub-134019
sub-134019 ses-3
ses-3: sub-134019_ses-3_acq-1k3k64d_space-ACPC_model-mapmri_param-msd_dwimap.nii.gz
  [DONE] → sub-134019_ses-3_acq-1k3k64d_space-MNI152NLin2009cAsym_res-02_model-mapmri_param-msd_dwimap.nii.gz
  [PROC] sub-134019
sub-134019 ses-3
ses-3: sub-134019_ses-3_acq-1k3k64d_space-ACPC_model-mapmri_param-qiv_dwimap.nii.gz
  [DONE] → sub-134019_ses-3_acq-1k3k64d_space-MNI152NLin2009cAsym_res-02_model-mapmri_param-qiv_dwimap.nii.gz
  [PROC] sub-134019
sub-134019 ses-3
ses-3: sub-134019_ses-3_acq-1k3k64d_space-ACPC_model-mapmri_param-rtap_dwimap.nii.gz
  [DONE] → sub-134019_ses-3_acq-1k3k64d_space-MNI152NLin2009cAsym_res-02_model-mapmri_param-rtap_dwimap.nii.gz
  [PROC] sub-134019
sub-134019 ses-3
ses-3: sub-134019_ses-3_acq-1k3k64d_space-ACPC_model-mapmri_param-rtop_dwimap.nii.gz
  [DONE] → sub-134019_ses-3_acq-1k3k64d_space-MNI152NLin2009cAsym_res-02_model-mapmri_param-rtop_dwimap.nii.gz
  [PROC] sub-134019
sub-134019 ses-3
ses-3: sub-134019_ses-3_acq-1k3k64d_space-ACPC_model-mapmri_param-rtpp_dwimap.nii.gz
  [DONE] → sub-134019_ses-3_acq-1k3k64d_space-MNI152NLin2009cAsym_res-02_model-mapmri_param-rtpp_dwimap.nii.gz
  [PROC] sub-134020
sub-134020 ses-1
ses-1: sub-134020_ses-1_acq-1k3k64d_space-ACPC_model-mapmri_param-lapnorm_dwimap.nii.gz
  [DONE] → sub-134020_ses-1_acq-1k3k64d_space-MNI152NLin2009cAsym_res-02_model-mapmri_param-lapnorm_dwimap.nii.gz
  [PROC] sub-134020
sub-134020 ses-1
ses-1: sub-134020_ses-1_acq-1k3k64d_space-ACPC_model-mapmri_param-mapcoeffs_dwimap.nii.gz
  [DONE] → sub-134020_ses-1_acq-1k3k64d_space-MNI152NLin2009cAsym_res-02_model-mapmri_param-mapcoeffs_dwimap.nii.gz
  [PROC] sub-134020
sub-134020 ses-1
ses-1: sub-134020_ses-1_acq-1k3k64d_space-ACPC_model-mapmri_param-msd_dwimap.nii.gz
  [DONE] → sub-134020_ses-1_acq-1k3k64d_space-MNI152NLin2009cAsym_res-02_model-mapmri_param-msd_dwimap.nii.gz
  [PROC] sub-134020
sub-134020 ses-1
ses-1: sub-134020_ses-1_acq-1k3k64d_space-ACPC_model-mapmri_param-qiv_dwimap.nii.gz
  [DONE] → sub-134020_ses-1_acq-1k3k64d_space-MNI152NLin2009cAsym_res-02_model-mapmri_param-qiv_dwimap.nii.gz
  [PROC] sub-134020
sub-134020 ses-1
ses-1: sub-134020_ses-1_acq-1k3k64d_space-ACPC_model-mapmri_param-rtap_dwimap.nii.gz
  [DONE] → sub-134020_ses-1_acq-1k3k64d_space-MNI152NLin2009cAsym_res-02_model-mapmri_param-rtap_dwimap.nii.gz
  [PROC] sub-134020
sub-134020 ses-1
ses-1: sub-134020_ses-1_acq-1k3k64d_space-ACPC_model-mapmri_param-rtpp_dwimap.nii.gz
  [DONE] → sub-134020_ses-1_acq-1k3k64d_space-MNI152NLin2009cAsym_res-02_model-mapmri_param-rtpp_dwimap.nii.gz
  [PROC] sub-134020
sub-134020 ses-1
ses-1: sub-134020_ses-1_acq-1k3k64d_space-ACPC_model-mapmri_param-rtop_dwimap.nii.gz
  [DONE] → sub-134020_ses-1_acq-1k3k64d_space-MNI152NLin2009cAsym_res-02_model-mapmri_param-rtop_dwimap.nii.gz
  [PROC] sub-134020
sub-134020 ses-2
ses-2: sub-134020_ses-2_acq-1k3k64d_space-ACPC_model-mapmri_param-lapnorm_dwimap.nii.gz
  [DONE] → sub-134020_ses-2_acq-1k3k64d_space-MNI152NLin2009cAsym_res-02_model-mapmri_param-lapnorm_dwimap.nii.gz
  [PROC] sub-134020
sub-134020 ses-2
ses-2: sub-134020_ses-2_acq-1k3k64d_space-ACPC_model-mapmri_param-mapcoeffs_dwimap.nii.gz
  [DONE] → sub-134020_ses-2_acq-1k3k64d_space-MNI152NLin2009cAsym_res-02_model-mapmri_param-mapcoeffs_dwimap.nii.gz
  [PROC] sub-134020
sub-134020 ses-2
ses-2: sub-134020_ses-2_acq-1k3k64d_space-ACPC_model-mapmri_param-msd_dwimap.nii.gz
  [DONE] → sub-134020_ses-2_acq-1k3k64d_space-MNI152NLin2009cAsym_res-02_model-mapmri_param-msd_dwimap.nii.gz
  [PROC] sub-134020
sub-134020 ses-2
ses-2: sub-134020_ses-2_acq-1k3k64d_space-ACPC_model-mapmri_param-qiv_dwimap.nii.gz
  [DONE] → sub-134020_ses-2_acq-1k3k64d_space-MNI152NLin2009cAsym_res-02_model-mapmri_param-qiv_dwimap.nii.gz
  [PROC] sub-134020
sub-134020 ses-2
ses-2: sub-134020_ses-2_acq-1k3k64d_space-ACPC_model-mapmri_param-rtap_dwimap.nii.gz
  [DONE] → sub-134020_ses-2_acq-1k3k64d_space-MNI152NLin2009cAsym_res-02_model-mapmri_param-rtap_dwimap.nii.gz
  [PROC] sub-134020
sub-134020 ses-2
ses-2: sub-134020_ses-2_acq-1k3k64d_space-ACPC_model-mapmri_param-rtop_dwimap.nii.gz
  [DONE] → sub-134020_ses-2_acq-1k3k64d_space-MNI152NLin2009cAsym_res-02_model-mapmri_param-rtop_dwimap.nii.gz
  [PROC] sub-134020
sub-134020 ses-2
ses-2: sub-134020_ses-2_acq-1k3k64d_space-ACPC_model-mapmri_param-rtpp_dwimap.nii.gz
  [DONE] → sub-134020_ses-2_acq-1k3k64d_space-MNI152NLin2009cAsym_res-02_model-mapmri_param-rtpp_dwimap.nii.gz
  [PROC] sub-134020
sub-134020 ses-3
ses-3: sub-134020_ses-3_acq-1k3k64d_space-ACPC_model-mapmri_param-lapnorm_dwimap.nii.gz
  [DONE] → sub-134020_ses-3_acq-1k3k64d_space-MNI152NLin2009cAsym_res-02_model-mapmri_param-lapnorm_dwimap.nii.gz
  [PROC] sub-134020
sub-134020 ses-3
ses-3: sub-134020_ses-3_acq-1k3k64d_space-ACPC_model-mapmri_param-mapcoeffs_dwimap.nii.gz
  [DONE] → sub-134020_ses-3_acq-1k3k64d_space-MNI152NLin2009cAsym_res-02_model-mapmri_param-mapcoeffs_dwimap.nii.gz
  [PROC] sub-134020
sub-134020 ses-3
ses-3: sub-134020_ses-3_acq-1k3k64d_space-ACPC_model-mapmri_param-msd_dwimap.nii.gz
  [DONE] → sub-134020_ses-3_acq-1k3k64d_space-MNI152NLin2009cAsym_res-02_model-mapmri_param-msd_dwimap.nii.gz
  [PROC] sub-134020
sub-134020 ses-3
ses-3: sub-134020_ses-3_acq-1k3k64d_space-ACPC_model-mapmri_param-qiv_dwimap.nii.gz
  [DONE] → sub-134020_ses-3_acq-1k3k64d_space-MNI152NLin2009cAsym_res-02_model-mapmri_param-qiv_dwimap.nii.gz
  [PROC] sub-134020
sub-134020 ses-3
ses-3: sub-134020_ses-3_acq-1k3k64d_space-ACPC_model-mapmri_param-rtap_dwimap.nii.gz
  [DONE] → sub-134020_ses-3_acq-1k3k64d_space-MNI152NLin2009cAsym_res-02_model-mapmri_param-rtap_dwimap.nii.gz
  [PROC] sub-134020
sub-134020 ses-3
ses-3: sub-134020_ses-3_acq-1k3k64d_space-ACPC_model-mapmri_param-rtop_dwimap.nii.gz
  [DONE] → sub-134020_ses-3_acq-1k3k64d_space-MNI152NLin2009cAsym_res-02_model-mapmri_param-rtop_dwimap.nii.gz
  [PROC] sub-134020
sub-134020 ses-3
ses-3: sub-134020_ses-3_acq-1k3k64d_space-ACPC_model-mapmri_param-rtpp_dwimap.nii.gz
  [DONE] → sub-134020_ses-3_acq-1k3k64d_space-MNI152NLin2009cAsym_res-02_model-mapmri_param-rtpp_dwimap.nii.gz
  [PROC] sub-134021
sub-134021 ses-2
ses-2: sub-134021_ses-2_acq-1k3k64d_space-ACPC_model-mapmri_param-lapnorm_dwimap.nii.gz
  [DONE] → sub-134021_ses-2_acq-1k3k64d_space-MNI152NLin2009cAsym_res-02_model-mapmri_param-lapnorm_dwimap.nii.gz
  [PROC] sub-134021
sub-134021 ses-2
ses-2: sub-134021_ses-2_acq-1k3k64d_space-ACPC_model-mapmri_param-mapcoeffs_dwimap.nii.gz
  [DONE] → sub-134021_ses-2_acq-1k3k64d_space-MNI152NLin2009cAsym_res-02_model-mapmri_param-mapcoeffs_dwimap.nii.gz
  [PROC] sub-134021
sub-134021 ses-2
ses-2: sub-134021_ses-2_acq-1k3k64d_space-ACPC_model-mapmri_param-msd_dwimap.nii.gz
  [DONE] → sub-134021_ses-2_acq-1k3k64d_space-MNI152NLin2009cAsym_res-02_model-mapmri_param-msd_dwimap.nii.gz
  [PROC] sub-134021
sub-134021 ses-2
ses-2: sub-134021_ses-2_acq-1k3k64d_space-ACPC_model-mapmri_param-qiv_dwimap.nii.gz
  [DONE] → sub-134021_ses-2_acq-1k3k64d_space-MNI152NLin2009cAsym_res-02_model-mapmri_param-qiv_dwimap.nii.gz
  [PROC] sub-134021
sub-134021 ses-2
ses-2: sub-134021_ses-2_acq-1k3k64d_space-ACPC_model-mapmri_param-rtap_dwimap.nii.gz
  [DONE] → sub-134021_ses-2_acq-1k3k64d_space-MNI152NLin2009cAsym_res-02_model-mapmri_param-rtap_dwimap.nii.gz
  [PROC] sub-134021
sub-134021 ses-2
ses-2: sub-134021_ses-2_acq-1k3k64d_space-ACPC_model-mapmri_param-rtop_dwimap.nii.gz
  [DONE] → sub-134021_ses-2_acq-1k3k64d_space-MNI152NLin2009cAsym_res-02_model-mapmri_param-rtop_dwimap.nii.gz
  [PROC] sub-134021
sub-134021 ses-2
ses-2: sub-134021_ses-2_acq-1k3k64d_space-ACPC_model-mapmri_param-rtpp_dwimap.nii.gz
  [DONE] → sub-134021_ses-2_acq-1k3k64d_space-MNI152NLin2009cAsym_res-02_model-mapmri_param-rtpp_dwimap.nii.gz
  [PROC] sub-134021
sub-134021 ses-3
ses-3: sub-134021_ses-3_acq-1k3k64d_space-ACPC_model-mapmri_param-lapnorm_dwimap.nii.gz
  [DONE] → sub-134021_ses-3_acq-1k3k64d_space-MNI152NLin2009cAsym_res-02_model-mapmri_param-lapnorm_dwimap.nii.gz
  [PROC] sub-134021
sub-134021 ses-3
ses-3: sub-134021_ses-3_acq-1k3k64d_space-ACPC_model-mapmri_param-mapcoeffs_dwimap.nii.gz
  [DONE] → sub-134021_ses-3_acq-1k3k64d_space-MNI152NLin2009cAsym_res-02_model-mapmri_param-mapcoeffs_dwimap.nii.gz
  [PROC] sub-134021
sub-134021 ses-3
ses-3: sub-134021_ses-3_acq-1k3k64d_space-ACPC_model-mapmri_param-msd_dwimap.nii.gz
  [DONE] → sub-134021_ses-3_acq-1k3k64d_space-MNI152NLin2009cAsym_res-02_model-mapmri_param-msd_dwimap.nii.gz
  [PROC] sub-134021
sub-134021 ses-3
ses-3: sub-134021_ses-3_acq-1k3k64d_space-ACPC_model-mapmri_param-qiv_dwimap.nii.gz
  [DONE] → sub-134021_ses-3_acq-1k3k64d_space-MNI152NLin2009cAsym_res-02_model-mapmri_param-qiv_dwimap.nii.gz
  [PROC] sub-134021
sub-134021 ses-3
ses-3: sub-134021_ses-3_acq-1k3k64d_space-ACPC_model-mapmri_param-rtap_dwimap.nii.gz
  [DONE] → sub-134021_ses-3_acq-1k3k64d_space-MNI152NLin2009cAsym_res-02_model-mapmri_param-rtap_dwimap.nii.gz
  [PROC] sub-134021
sub-134021 ses-3
ses-3: sub-134021_ses-3_acq-1k3k64d_space-ACPC_model-mapmri_param-rtop_dwimap.nii.gz
  [DONE] → sub-134021_ses-3_acq-1k3k64d_space-MNI152NLin2009cAsym_res-02_model-mapmri_param-rtop_dwimap.nii.gz
  [PROC] sub-134021
sub-134021 ses-3
ses-3: sub-134021_ses-3_acq-1k3k64d_space-ACPC_model-mapmri_param-rtpp_dwimap.nii.gz
  [DONE] → sub-134021_ses-3_acq-1k3k64d_space-MNI152NLin2009cAsym_res-02_model-mapmri_param-rtpp_dwimap.nii.gz
  [PROC] sub-134022
sub-134022 ses-1
ses-1: sub-134022_ses-1_acq-1k3k64d_space-ACPC_model-mapmri_param-lapnorm_dwimap.nii.gz
  [DONE] → sub-134022_ses-1_acq-1k3k64d_space-MNI152NLin2009cAsym_res-02_model-mapmri_param-lapnorm_dwimap.nii.gz
  [PROC] sub-134022
sub-134022 ses-1
ses-1: sub-134022_ses-1_acq-1k3k64d_space-ACPC_model-mapmri_param-mapcoeffs_dwimap.nii.gz
  [DONE] → sub-134022_ses-1_acq-1k3k64d_space-MNI152NLin2009cAsym_res-02_model-mapmri_param-mapcoeffs_dwimap.nii.gz
  [PROC] sub-134022
sub-134022 ses-1
ses-1: sub-134022_ses-1_acq-1k3k64d_space-ACPC_model-mapmri_param-msd_dwimap.nii.gz
  [DONE] → sub-134022_ses-1_acq-1k3k64d_space-MNI152NLin2009cAsym_res-02_model-mapmri_param-msd_dwimap.nii.gz
  [PROC] sub-134022
sub-134022 ses-1
ses-1: sub-134022_ses-1_acq-1k3k64d_space-ACPC_model-mapmri_param-qiv_dwimap.nii.gz
  [DONE] → sub-134022_ses-1_acq-1k3k64d_space-MNI152NLin2009cAsym_res-02_model-mapmri_param-qiv_dwimap.nii.gz
  [PROC] sub-134022
sub-134022 ses-1
ses-1: sub-134022_ses-1_acq-1k3k64d_space-ACPC_model-mapmri_param-rtap_dwimap.nii.gz
  [DONE] → sub-134022_ses-1_acq-1k3k64d_space-MNI152NLin2009cAsym_res-02_model-mapmri_param-rtap_dwimap.nii.gz
  [PROC] sub-134022
sub-134022 ses-1
ses-1: sub-134022_ses-1_acq-1k3k64d_space-ACPC_model-mapmri_param-rtop_dwimap.nii.gz
  [DONE] → sub-134022_ses-1_acq-1k3k64d_space-MNI152NLin2009cAsym_res-02_model-mapmri_param-rtop_dwimap.nii.gz
  [PROC] sub-134022
sub-134022 ses-1
ses-1: sub-134022_ses-1_acq-1k3k64d_space-ACPC_model-mapmri_param-rtpp_dwimap.nii.gz
  [DONE] → sub-134022_ses-1_acq-1k3k64d_space-MNI152NLin2009cAsym_res-02_model-mapmri_param-rtpp_dwimap.nii.gz
  [PROC] sub-134023
sub-134023 ses-1
ses-1: sub-134023_ses-1_acq-1k3k64d_space-ACPC_model-mapmri_param-lapnorm_dwimap.nii.gz
  [DONE] → sub-134023_ses-1_acq-1k3k64d_space-MNI152NLin2009cAsym_res-02_model-mapmri_param-lapnorm_dwimap.nii.gz
  [PROC] sub-134023
sub-134023 ses-1
ses-1: sub-134023_ses-1_acq-1k3k64d_space-ACPC_model-mapmri_param-mapcoeffs_dwimap.nii.gz
  [DONE] → sub-134023_ses-1_acq-1k3k64d_space-MNI152NLin2009cAsym_res-02_model-mapmri_param-mapcoeffs_dwimap.nii.gz
  [PROC] sub-134023
sub-134023 ses-1
ses-1: sub-134023_ses-1_acq-1k3k64d_space-ACPC_model-mapmri_param-msd_dwimap.nii.gz
  [DONE] → sub-134023_ses-1_acq-1k3k64d_space-MNI152NLin2009cAsym_res-02_model-mapmri_param-msd_dwimap.nii.gz
  [PROC] sub-134023
sub-134023 ses-1
ses-1: sub-134023_ses-1_acq-1k3k64d_space-ACPC_model-mapmri_param-qiv_dwimap.nii.gz
  [DONE] → sub-134023_ses-1_acq-1k3k64d_space-MNI152NLin2009cAsym_res-02_model-mapmri_param-qiv_dwimap.nii.gz
  [PROC] sub-134023
sub-134023 ses-1
ses-1: sub-134023_ses-1_acq-1k3k64d_space-ACPC_model-mapmri_param-rtap_dwimap.nii.gz
  [DONE] → sub-134023_ses-1_acq-1k3k64d_space-MNI152NLin2009cAsym_res-02_model-mapmri_param-rtap_dwimap.nii.gz
  [PROC] sub-134023
sub-134023 ses-1
ses-1: sub-134023_ses-1_acq-1k3k64d_space-ACPC_model-mapmri_param-rtop_dwimap.nii.gz
  [DONE] → sub-134023_ses-1_acq-1k3k64d_space-MNI152NLin2009cAsym_res-02_model-mapmri_param-rtop_dwimap.nii.gz
  [PROC] sub-134023
sub-134023 ses-1
ses-1: sub-134023_ses-1_acq-1k3k64d_space-ACPC_model-mapmri_param-rtpp_dwimap.nii.gz
  [DONE] → sub-134023_ses-1_acq-1k3k64d_space-MNI152NLin2009cAsym_res-02_model-mapmri_param-rtpp_dwimap.nii.gz
  [PROC] sub-134023
sub-134023 ses-2
ses-2: sub-134023_ses-2_acq-1k3k64d_space-ACPC_model-mapmri_param-lapnorm_dwimap.nii.gz
  [DONE] → sub-134023_ses-2_acq-1k3k64d_space-MNI152NLin2009cAsym_res-02_model-mapmri_param-lapnorm_dwimap.nii.gz
  [PROC] sub-134023
sub-134023 ses-2
ses-2: sub-134023_ses-2_acq-1k3k64d_space-ACPC_model-mapmri_param-mapcoeffs_dwimap.nii.gz
  [DONE] → sub-134023_ses-2_acq-1k3k64d_space-MNI152NLin2009cAsym_res-02_model-mapmri_param-mapcoeffs_dwimap.nii.gz
  [PROC] sub-134023
sub-134023 ses-2
ses-2: sub-134023_ses-2_acq-1k3k64d_space-ACPC_model-mapmri_param-msd_dwimap.nii.gz
  [DONE] → sub-134023_ses-2_acq-1k3k64d_space-MNI152NLin2009cAsym_res-02_model-mapmri_param-msd_dwimap.nii.gz
  [PROC] sub-134023
sub-134023 ses-2
ses-2: sub-134023_ses-2_acq-1k3k64d_space-ACPC_model-mapmri_param-qiv_dwimap.nii.gz
  [DONE] → sub-134023_ses-2_acq-1k3k64d_space-MNI152NLin2009cAsym_res-02_model-mapmri_param-qiv_dwimap.nii.gz
  [PROC] sub-134023
sub-134023 ses-2
ses-2: sub-134023_ses-2_acq-1k3k64d_space-ACPC_model-mapmri_param-rtap_dwimap.nii.gz
  [DONE] → sub-134023_ses-2_acq-1k3k64d_space-MNI152NLin2009cAsym_res-02_model-mapmri_param-rtap_dwimap.nii.gz
  [PROC] sub-134023
sub-134023 ses-2
ses-2: sub-134023_ses-2_acq-1k3k64d_space-ACPC_model-mapmri_param-rtop_dwimap.nii.gz
  [DONE] → sub-134023_ses-2_acq-1k3k64d_space-MNI152NLin2009cAsym_res-02_model-mapmri_param-rtop_dwimap.nii.gz
  [PROC] sub-134023
sub-134023 ses-2
ses-2: sub-134023_ses-2_acq-1k3k64d_space-ACPC_model-mapmri_param-rtpp_dwimap.nii.gz
  [DONE] → sub-134023_ses-2_acq-1k3k64d_space-MNI152NLin2009cAsym_res-02_model-mapmri_param-rtpp_dwimap.nii.gz
  [PROC] sub-134023
sub-134023 ses-3
ses-3: sub-134023_ses-3_acq-1k3k64d_space-ACPC_model-mapmri_param-lapnorm_dwimap.nii.gz
  [DONE] → sub-134023_ses-3_acq-1k3k64d_space-MNI152NLin2009cAsym_res-02_model-mapmri_param-lapnorm_dwimap.nii.gz
  [PROC] sub-134023
sub-134023 ses-3
ses-3: sub-134023_ses-3_acq-1k3k64d_space-ACPC_model-mapmri_param-mapcoeffs_dwimap.nii.gz
  [DONE] → sub-134023_ses-3_acq-1k3k64d_space-MNI152NLin2009cAsym_res-02_model-mapmri_param-mapcoeffs_dwimap.nii.gz
  [PROC] sub-134023
sub-134023 ses-3
ses-3: sub-134023_ses-3_acq-1k3k64d_space-ACPC_model-mapmri_param-msd_dwimap.nii.gz
  [DONE] → sub-134023_ses-3_acq-1k3k64d_space-MNI152NLin2009cAsym_res-02_model-mapmri_param-msd_dwimap.nii.gz
  [PROC] sub-134023
sub-134023 ses-3
ses-3: sub-134023_ses-3_acq-1k3k64d_space-ACPC_model-mapmri_param-qiv_dwimap.nii.gz
  [DONE] → sub-134023_ses-3_acq-1k3k64d_space-MNI152NLin2009cAsym_res-02_model-mapmri_param-qiv_dwimap.nii.gz
  [PROC] sub-134023
sub-134023 ses-3
ses-3: sub-134023_ses-3_acq-1k3k64d_space-ACPC_model-mapmri_param-rtap_dwimap.nii.gz
  [DONE] → sub-134023_ses-3_acq-1k3k64d_space-MNI152NLin2009cAsym_res-02_model-mapmri_param-rtap_dwimap.nii.gz
  [PROC] sub-134023
sub-134023 ses-3
ses-3: sub-134023_ses-3_acq-1k3k64d_space-ACPC_model-mapmri_param-rtop_dwimap.nii.gz
  [DONE] → sub-134023_ses-3_acq-1k3k64d_space-MNI152NLin2009cAsym_res-02_model-mapmri_param-rtop_dwimap.nii.gz
  [PROC] sub-134023
sub-134023 ses-3
ses-3: sub-134023_ses-3_acq-1k3k64d_space-ACPC_model-mapmri_param-rtpp_dwimap.nii.gz
  [DONE] → sub-134023_ses-3_acq-1k3k64d_space-MNI152NLin2009cAsym_res-02_model-mapmri_param-rtpp_dwimap.nii.gz
  [PROC] sub-134024
sub-134024 ses-1
ses-1: sub-134024_ses-1_acq-1k3k64d_space-ACPC_model-mapmri_param-lapnorm_dwimap.nii.gz
  [DONE] → sub-134024_ses-1_acq-1k3k64d_space-MNI152NLin2009cAsym_res-02_model-mapmri_param-lapnorm_dwimap.nii.gz
  [PROC] sub-134024
sub-134024 ses-1
ses-1: sub-134024_ses-1_acq-1k3k64d_space-ACPC_model-mapmri_param-mapcoeffs_dwimap.nii.gz
  [DONE] → sub-134024_ses-1_acq-1k3k64d_space-MNI152NLin2009cAsym_res-02_model-mapmri_param-mapcoeffs_dwimap.nii.gz
  [PROC] sub-134024
sub-134024 ses-1
ses-1: sub-134024_ses-1_acq-1k3k64d_space-ACPC_model-mapmri_param-msd_dwimap.nii.gz
  [DONE] → sub-134024_ses-1_acq-1k3k64d_space-MNI152NLin2009cAsym_res-02_model-mapmri_param-msd_dwimap.nii.gz
  [PROC] sub-134024
sub-134024 ses-1
ses-1: sub-134024_ses-1_acq-1k3k64d_space-ACPC_model-mapmri_param-qiv_dwimap.nii.gz
  [DONE] → sub-134024_ses-1_acq-1k3k64d_space-MNI152NLin2009cAsym_res-02_model-mapmri_param-qiv_dwimap.nii.gz
  [PROC] sub-134024
sub-134024 ses-1
ses-1: sub-134024_ses-1_acq-1k3k64d_space-ACPC_model-mapmri_param-rtap_dwimap.nii.gz
  [DONE] → sub-134024_ses-1_acq-1k3k64d_space-MNI152NLin2009cAsym_res-02_model-mapmri_param-rtap_dwimap.nii.gz
  [PROC] sub-134024
sub-134024 ses-1
ses-1: sub-134024_ses-1_acq-1k3k64d_space-ACPC_model-mapmri_param-rtop_dwimap.nii.gz
  [DONE] → sub-134024_ses-1_acq-1k3k64d_space-MNI152NLin2009cAsym_res-02_model-mapmri_param-rtop_dwimap.nii.gz
  [PROC] sub-134024
sub-134024 ses-1
ses-1: sub-134024_ses-1_acq-1k3k64d_space-ACPC_model-mapmri_param-rtpp_dwimap.nii.gz
  [DONE] → sub-134024_ses-1_acq-1k3k64d_space-MNI152NLin2009cAsym_res-02_model-mapmri_param-rtpp_dwimap.nii.gz
  [PROC] sub-134024
sub-134024 ses-2
ses-2: sub-134024_ses-2_acq-1k3k64d_space-ACPC_model-mapmri_param-lapnorm_dwimap.nii.gz
  [DONE] → sub-134024_ses-2_acq-1k3k64d_space-MNI152NLin2009cAsym_res-02_model-mapmri_param-lapnorm_dwimap.nii.gz
  [PROC] sub-134024
sub-134024 ses-2
ses-2: sub-134024_ses-2_acq-1k3k64d_space-ACPC_model-mapmri_param-mapcoeffs_dwimap.nii.gz
  [DONE] → sub-134024_ses-2_acq-1k3k64d_space-MNI152NLin2009cAsym_res-02_model-mapmri_param-mapcoeffs_dwimap.nii.gz
  [PROC] sub-134024
sub-134024 ses-2
ses-2: sub-134024_ses-2_acq-1k3k64d_space-ACPC_model-mapmri_param-msd_dwimap.nii.gz
  [DONE] → sub-134024_ses-2_acq-1k3k64d_space-MNI152NLin2009cAsym_res-02_model-mapmri_param-msd_dwimap.nii.gz
  [PROC] sub-134024
sub-134024 ses-2
ses-2: sub-134024_ses-2_acq-1k3k64d_space-ACPC_model-mapmri_param-qiv_dwimap.nii.gz
  [DONE] → sub-134024_ses-2_acq-1k3k64d_space-MNI152NLin2009cAsym_res-02_model-mapmri_param-qiv_dwimap.nii.gz
  [PROC] sub-134024
sub-134024 ses-2
ses-2: sub-134024_ses-2_acq-1k3k64d_space-ACPC_model-mapmri_param-rtap_dwimap.nii.gz
  [DONE] → sub-134024_ses-2_acq-1k3k64d_space-MNI152NLin2009cAsym_res-02_model-mapmri_param-rtap_dwimap.nii.gz
  [PROC] sub-134024
sub-134024 ses-2
ses-2: sub-134024_ses-2_acq-1k3k64d_space-ACPC_model-mapmri_param-rtop_dwimap.nii.gz
  [DONE] → sub-134024_ses-2_acq-1k3k64d_space-MNI152NLin2009cAsym_res-02_model-mapmri_param-rtop_dwimap.nii.gz
  [PROC] sub-134024
sub-134024 ses-2
ses-2: sub-134024_ses-2_acq-1k3k64d_space-ACPC_model-mapmri_param-rtpp_dwimap.nii.gz
  [DONE] → sub-134024_ses-2_acq-1k3k64d_space-MNI152NLin2009cAsym_res-02_model-mapmri_param-rtpp_dwimap.nii.gz
  [PROC] sub-134024
sub-134024 ses-3
ses-3: sub-134024_ses-3_acq-1k3k64d_space-ACPC_model-mapmri_param-lapnorm_dwimap.nii.gz
  [DONE] → sub-134024_ses-3_acq-1k3k64d_space-MNI152NLin2009cAsym_res-02_model-mapmri_param-lapnorm_dwimap.nii.gz
  [PROC] sub-134024
sub-134024 ses-3
ses-3: sub-134024_ses-3_acq-1k3k64d_space-ACPC_model-mapmri_param-mapcoeffs_dwimap.nii.gz
  [DONE] → sub-134024_ses-3_acq-1k3k64d_space-MNI152NLin2009cAsym_res-02_model-mapmri_param-mapcoeffs_dwimap.nii.gz
  [PROC] sub-134024
sub-134024 ses-3
ses-3: sub-134024_ses-3_acq-1k3k64d_space-ACPC_model-mapmri_param-msd_dwimap.nii.gz
  [DONE] → sub-134024_ses-3_acq-1k3k64d_space-MNI152NLin2009cAsym_res-02_model-mapmri_param-msd_dwimap.nii.gz
  [PROC] sub-134024
sub-134024 ses-3
ses-3: sub-134024_ses-3_acq-1k3k64d_space-ACPC_model-mapmri_param-qiv_dwimap.nii.gz
  [DONE] → sub-134024_ses-3_acq-1k3k64d_space-MNI152NLin2009cAsym_res-02_model-mapmri_param-qiv_dwimap.nii.gz
  [PROC] sub-134024
sub-134024 ses-3
ses-3: sub-134024_ses-3_acq-1k3k64d_space-ACPC_model-mapmri_param-rtap_dwimap.nii.gz
  [DONE] → sub-134024_ses-3_acq-1k3k64d_space-MNI152NLin2009cAsym_res-02_model-mapmri_param-rtap_dwimap.nii.gz
  [PROC] sub-134024
sub-134024 ses-3
ses-3: sub-134024_ses-3_acq-1k3k64d_space-ACPC_model-mapmri_param-rtop_dwimap.nii.gz
  [DONE] → sub-134024_ses-3_acq-1k3k64d_space-MNI152NLin2009cAsym_res-02_model-mapmri_param-rtop_dwimap.nii.gz
  [PROC] sub-134025
sub-134025 ses-1
ses-1: sub-134025_ses-1_acq-1k3k64d_space-ACPC_model-mapmri_param-lapnorm_dwimap.nii.gz
  [DONE] → sub-134025_ses-1_acq-1k3k64d_space-MNI152NLin2009cAsym_res-02_model-mapmri_param-lapnorm_dwimap.nii.gz
  [PROC] sub-134024
sub-134024 ses-3
ses-3: sub-134024_ses-3_acq-1k3k64d_space-ACPC_model-mapmri_param-rtpp_dwimap.nii.gz
  [DONE] → sub-134024_ses-3_acq-1k3k64d_space-MNI152NLin2009cAsym_res-02_model-mapmri_param-rtpp_dwimap.nii.gz
  [PROC] sub-134025
sub-134025 ses-1
ses-1: sub-134025_ses-1_acq-1k3k64d_space-ACPC_model-mapmri_param-mapcoeffs_dwimap.nii.gz
  [DONE] → sub-134025_ses-1_acq-1k3k64d_space-MNI152NLin2009cAsym_res-02_model-mapmri_param-mapcoeffs_dwimap.nii.gz
  [PROC] sub-134025
sub-134025 ses-1
ses-1: sub-134025_ses-1_acq-1k3k64d_space-ACPC_model-mapmri_param-msd_dwimap.nii.gz
  [DONE] → sub-134025_ses-1_acq-1k3k64d_space-MNI152NLin2009cAsym_res-02_model-mapmri_param-msd_dwimap.nii.gz
  [PROC] sub-134025
sub-134025 ses-1
ses-1: sub-134025_ses-1_acq-1k3k64d_space-ACPC_model-mapmri_param-qiv_dwimap.nii.gz
  [DONE] → sub-134025_ses-1_acq-1k3k64d_space-MNI152NLin2009cAsym_res-02_model-mapmri_param-qiv_dwimap.nii.gz
  [PROC] sub-134025
sub-134025 ses-1
ses-1: sub-134025_ses-1_acq-1k3k64d_space-ACPC_model-mapmri_param-rtap_dwimap.nii.gz
  [DONE] → sub-134025_ses-1_acq-1k3k64d_space-MNI152NLin2009cAsym_res-02_model-mapmri_param-rtap_dwimap.nii.gz
  [PROC] sub-134025
sub-134025 ses-1
ses-1: sub-134025_ses-1_acq-1k3k64d_space-ACPC_model-mapmri_param-rtop_dwimap.nii.gz
  [DONE] → sub-134025_ses-1_acq-1k3k64d_space-MNI152NLin2009cAsym_res-02_model-mapmri_param-rtop_dwimap.nii.gz
  [PROC] sub-134025
sub-134025 ses-1
ses-1: sub-134025_ses-1_acq-1k3k64d_space-ACPC_model-mapmri_param-rtpp_dwimap.nii.gz
  [DONE] → sub-134025_ses-1_acq-1k3k64d_space-MNI152NLin2009cAsym_res-02_model-mapmri_param-rtpp_dwimap.nii.gz
  [PROC] sub-134025
sub-134025 ses-2
ses-2: sub-134025_ses-2_acq-1k3k64d_space-ACPC_model-mapmri_param-lapnorm_dwimap.nii.gz
  [DONE] → sub-134025_ses-2_acq-1k3k64d_space-MNI152NLin2009cAsym_res-02_model-mapmri_param-lapnorm_dwimap.nii.gz
  [PROC] sub-134025
sub-134025 ses-2
ses-2: sub-134025_ses-2_acq-1k3k64d_space-ACPC_model-mapmri_param-mapcoeffs_dwimap.nii.gz
  [DONE] → sub-134025_ses-2_acq-1k3k64d_space-MNI152NLin2009cAsym_res-02_model-mapmri_param-mapcoeffs_dwimap.nii.gz
  [PROC] sub-134025
sub-134025 ses-2
ses-2: sub-134025_ses-2_acq-1k3k64d_space-ACPC_model-mapmri_param-msd_dwimap.nii.gz
  [DONE] → sub-134025_ses-2_acq-1k3k64d_space-MNI152NLin2009cAsym_res-02_model-mapmri_param-msd_dwimap.nii.gz
  [PROC] sub-134025
sub-134025 ses-2
ses-2: sub-134025_ses-2_acq-1k3k64d_space-ACPC_model-mapmri_param-qiv_dwimap.nii.gz
  [DONE] → sub-134025_ses-2_acq-1k3k64d_space-MNI152NLin2009cAsym_res-02_model-mapmri_param-qiv_dwimap.nii.gz
  [PROC] sub-134025
sub-134025 ses-2
ses-2: sub-134025_ses-2_acq-1k3k64d_space-ACPC_model-mapmri_param-rtap_dwimap.nii.gz
  [DONE] → sub-134025_ses-2_acq-1k3k64d_space-MNI152NLin2009cAsym_res-02_model-mapmri_param-rtap_dwimap.nii.gz
  [PROC] sub-134025
sub-134025 ses-2
ses-2: sub-134025_ses-2_acq-1k3k64d_space-ACPC_model-mapmri_param-rtop_dwimap.nii.gz
  [DONE] → sub-134025_ses-2_acq-1k3k64d_space-MNI152NLin2009cAsym_res-02_model-mapmri_param-rtop_dwimap.nii.gz
  [PROC] sub-134025
sub-134025 ses-2
ses-2: sub-134025_ses-2_acq-1k3k64d_space-ACPC_model-mapmri_param-rtpp_dwimap.nii.gz
  [DONE] → sub-134025_ses-2_acq-1k3k64d_space-MNI152NLin2009cAsym_res-02_model-mapmri_param-rtpp_dwimap.nii.gz
  [PROC] sub-134025
sub-134025 ses-3
ses-3: sub-134025_ses-3_acq-1k3k64d_space-ACPC_model-mapmri_param-lapnorm_dwimap.nii.gz
  [DONE] → sub-134025_ses-3_acq-1k3k64d_space-MNI152NLin2009cAsym_res-02_model-mapmri_param-lapnorm_dwimap.nii.gz
  [PROC] sub-134025
sub-134025 ses-3
ses-3: sub-134025_ses-3_acq-1k3k64d_space-ACPC_model-mapmri_param-mapcoeffs_dwimap.nii.gz
  [DONE] → sub-134025_ses-3_acq-1k3k64d_space-MNI152NLin2009cAsym_res-02_model-mapmri_param-mapcoeffs_dwimap.nii.gz
  [PROC] sub-134025
sub-134025 ses-3
ses-3: sub-134025_ses-3_acq-1k3k64d_space-ACPC_model-mapmri_param-msd_dwimap.nii.gz
  [DONE] → sub-134025_ses-3_acq-1k3k64d_space-MNI152NLin2009cAsym_res-02_model-mapmri_param-msd_dwimap.nii.gz
  [PROC] sub-134025
sub-134025 ses-3
ses-3: sub-134025_ses-3_acq-1k3k64d_space-ACPC_model-mapmri_param-qiv_dwimap.nii.gz
  [DONE] → sub-134025_ses-3_acq-1k3k64d_space-MNI152NLin2009cAsym_res-02_model-mapmri_param-qiv_dwimap.nii.gz
  [PROC] sub-134025
sub-134025 ses-3
ses-3: sub-134025_ses-3_acq-1k3k64d_space-ACPC_model-mapmri_param-rtap_dwimap.nii.gz
  [DONE] → sub-134025_ses-3_acq-1k3k64d_space-MNI152NLin2009cAsym_res-02_model-mapmri_param-rtap_dwimap.nii.gz
  [PROC] sub-134025
sub-134025 ses-3
ses-3: sub-134025_ses-3_acq-1k3k64d_space-ACPC_model-mapmri_param-rtop_dwimap.nii.gz
  [DONE] → sub-134025_ses-3_acq-1k3k64d_space-MNI152NLin2009cAsym_res-02_model-mapmri_param-rtop_dwimap.nii.gz
  [PROC] sub-134025
sub-134025 ses-3
ses-3: sub-134025_ses-3_acq-1k3k64d_space-ACPC_model-mapmri_param-rtpp_dwimap.nii.gz
  [DONE] → sub-134025_ses-3_acq-1k3k64d_space-MNI152NLin2009cAsym_res-02_model-mapmri_param-rtpp_dwimap.nii.gz
  [PROC] sub-134026
sub-134026 ses-1
ses-1: sub-134026_ses-1_acq-1k3k64d_space-ACPC_model-mapmri_param-lapnorm_dwimap.nii.gz
  [DONE] → sub-134026_ses-1_acq-1k3k64d_space-MNI152NLin2009cAsym_res-02_model-mapmri_param-lapnorm_dwimap.nii.gz
  [PROC] sub-134026
sub-134026 ses-1
ses-1: sub-134026_ses-1_acq-1k3k64d_space-ACPC_model-mapmri_param-mapcoeffs_dwimap.nii.gz
  [DONE] → sub-134026_ses-1_acq-1k3k64d_space-MNI152NLin2009cAsym_res-02_model-mapmri_param-mapcoeffs_dwimap.nii.gz
  [PROC] sub-134026
sub-134026 ses-1
ses-1: sub-134026_ses-1_acq-1k3k64d_space-ACPC_model-mapmri_param-qiv_dwimap.nii.gz
  [DONE] → sub-134026_ses-1_acq-1k3k64d_space-MNI152NLin2009cAsym_res-02_model-mapmri_param-qiv_dwimap.nii.gz
  [PROC] sub-134026
sub-134026 ses-1
ses-1: sub-134026_ses-1_acq-1k3k64d_space-ACPC_model-mapmri_param-msd_dwimap.nii.gz
  [DONE] → sub-134026_ses-1_acq-1k3k64d_space-MNI152NLin2009cAsym_res-02_model-mapmri_param-msd_dwimap.nii.gz
  [PROC] sub-134026
sub-134026 ses-1
ses-1: sub-134026_ses-1_acq-1k3k64d_space-ACPC_model-mapmri_param-rtap_dwimap.nii.gz
  [DONE] → sub-134026_ses-1_acq-1k3k64d_space-MNI152NLin2009cAsym_res-02_model-mapmri_param-rtap_dwimap.nii.gz
  [PROC] sub-134026
sub-134026 ses-1
ses-1: sub-134026_ses-1_acq-1k3k64d_space-ACPC_model-mapmri_param-rtop_dwimap.nii.gz
  [DONE] → sub-134026_ses-1_acq-1k3k64d_space-MNI152NLin2009cAsym_res-02_model-mapmri_param-rtop_dwimap.nii.gz
  [PROC] sub-134026
sub-134026 ses-1
ses-1: sub-134026_ses-1_acq-1k3k64d_space-ACPC_model-mapmri_param-rtpp_dwimap.nii.gz
  [DONE] → sub-134026_ses-1_acq-1k3k64d_space-MNI152NLin2009cAsym_res-02_model-mapmri_param-rtpp_dwimap.nii.gz
  [PROC] sub-134026
sub-134026 ses-2
ses-2: sub-134026_ses-2_acq-1k3k64d_space-ACPC_model-mapmri_param-lapnorm_dwimap.nii.gz
  [DONE] → sub-134026_ses-2_acq-1k3k64d_space-MNI152NLin2009cAsym_res-02_model-mapmri_param-lapnorm_dwimap.nii.gz
  [PROC] sub-134026
sub-134026 ses-2
ses-2: sub-134026_ses-2_acq-1k3k64d_space-ACPC_model-mapmri_param-mapcoeffs_dwimap.nii.gz
  [DONE] → sub-134026_ses-2_acq-1k3k64d_space-MNI152NLin2009cAsym_res-02_model-mapmri_param-mapcoeffs_dwimap.nii.gz
  [PROC] sub-134026
sub-134026 ses-2
ses-2: sub-134026_ses-2_acq-1k3k64d_space-ACPC_model-mapmri_param-msd_dwimap.nii.gz
  [DONE] → sub-134026_ses-2_acq-1k3k64d_space-MNI152NLin2009cAsym_res-02_model-mapmri_param-msd_dwimap.nii.gz
  [PROC] sub-134026
sub-134026 ses-2
ses-2: sub-134026_ses-2_acq-1k3k64d_space-ACPC_model-mapmri_param-qiv_dwimap.nii.gz
  [DONE] → sub-134026_ses-2_acq-1k3k64d_space-MNI152NLin2009cAsym_res-02_model-mapmri_param-qiv_dwimap.nii.gz
  [PROC] sub-134026
sub-134026 ses-2
ses-2: sub-134026_ses-2_acq-1k3k64d_space-ACPC_model-mapmri_param-rtap_dwimap.nii.gz
  [DONE] → sub-134026_ses-2_acq-1k3k64d_space-MNI152NLin2009cAsym_res-02_model-mapmri_param-rtap_dwimap.nii.gz
  [PROC] sub-134026
sub-134026 ses-2
ses-2: sub-134026_ses-2_acq-1k3k64d_space-ACPC_model-mapmri_param-rtop_dwimap.nii.gz
  [DONE] → sub-134026_ses-2_acq-1k3k64d_space-MNI152NLin2009cAsym_res-02_model-mapmri_param-rtop_dwimap.nii.gz
  [PROC] sub-134026
sub-134026 ses-2
ses-2: sub-134026_ses-2_acq-1k3k64d_space-ACPC_model-mapmri_param-rtpp_dwimap.nii.gz
  [DONE] → sub-134026_ses-2_acq-1k3k64d_space-MNI152NLin2009cAsym_res-02_model-mapmri_param-rtpp_dwimap.nii.gz
  [PROC] sub-134027
sub-134027 ses-1
ses-1: sub-134027_ses-1_acq-1k3k64d_space-ACPC_model-mapmri_param-lapnorm_dwimap.nii.gz
  [DONE] → sub-134027_ses-1_acq-1k3k64d_space-MNI152NLin2009cAsym_res-02_model-mapmri_param-lapnorm_dwimap.nii.gz
  [PROC] sub-134027
sub-134027 ses-1
ses-1: sub-134027_ses-1_acq-1k3k64d_space-ACPC_model-mapmri_param-mapcoeffs_dwimap.nii.gz
  [DONE] → sub-134027_ses-1_acq-1k3k64d_space-MNI152NLin2009cAsym_res-02_model-mapmri_param-mapcoeffs_dwimap.nii.gz
  [PROC] sub-134027
sub-134027 ses-1
ses-1: sub-134027_ses-1_acq-1k3k64d_space-ACPC_model-mapmri_param-msd_dwimap.nii.gz
  [DONE] → sub-134027_ses-1_acq-1k3k64d_space-MNI152NLin2009cAsym_res-02_model-mapmri_param-msd_dwimap.nii.gz
  [PROC] sub-134027
sub-134027 ses-1
ses-1: sub-134027_ses-1_acq-1k3k64d_space-ACPC_model-mapmri_param-qiv_dwimap.nii.gz
  [DONE] → sub-134027_ses-1_acq-1k3k64d_space-MNI152NLin2009cAsym_res-02_model-mapmri_param-qiv_dwimap.nii.gz
  [PROC] sub-134027
sub-134027 ses-1
ses-1: sub-134027_ses-1_acq-1k3k64d_space-ACPC_model-mapmri_param-rtap_dwimap.nii.gz
  [DONE] → sub-134027_ses-1_acq-1k3k64d_space-MNI152NLin2009cAsym_res-02_model-mapmri_param-rtap_dwimap.nii.gz
  [PROC] sub-134027
sub-134027 ses-1
ses-1: sub-134027_ses-1_acq-1k3k64d_space-ACPC_model-mapmri_param-rtop_dwimap.nii.gz
  [DONE] → sub-134027_ses-1_acq-1k3k64d_space-MNI152NLin2009cAsym_res-02_model-mapmri_param-rtop_dwimap.nii.gz
  [PROC] sub-134027
sub-134027 ses-1
ses-1: sub-134027_ses-1_acq-1k3k64d_space-ACPC_model-mapmri_param-rtpp_dwimap.nii.gz
  [DONE] → sub-134027_ses-1_acq-1k3k64d_space-MNI152NLin2009cAsym_res-02_model-mapmri_param-rtpp_dwimap.nii.gz
  [PROC] sub-134027
sub-134027 ses-2
ses-2: sub-134027_ses-2_acq-1k3k64d_space-ACPC_model-mapmri_param-lapnorm_dwimap.nii.gz
  [DONE] → sub-134027_ses-2_acq-1k3k64d_space-MNI152NLin2009cAsym_res-02_model-mapmri_param-lapnorm_dwimap.nii.gz
  [PROC] sub-134027
sub-134027 ses-2
ses-2: sub-134027_ses-2_acq-1k3k64d_space-ACPC_model-mapmri_param-mapcoeffs_dwimap.nii.gz
  [DONE] → sub-134027_ses-2_acq-1k3k64d_space-MNI152NLin2009cAsym_res-02_model-mapmri_param-mapcoeffs_dwimap.nii.gz
  [PROC] sub-134027
sub-134027 ses-2
ses-2: sub-134027_ses-2_acq-1k3k64d_space-ACPC_model-mapmri_param-msd_dwimap.nii.gz
  [DONE] → sub-134027_ses-2_acq-1k3k64d_space-MNI152NLin2009cAsym_res-02_model-mapmri_param-msd_dwimap.nii.gz
  [PROC] sub-134027
sub-134027 ses-2
ses-2: sub-134027_ses-2_acq-1k3k64d_space-ACPC_model-mapmri_param-qiv_dwimap.nii.gz
  [DONE] → sub-134027_ses-2_acq-1k3k64d_space-MNI152NLin2009cAsym_res-02_model-mapmri_param-qiv_dwimap.nii.gz
  [PROC] sub-134027
sub-134027 ses-2
ses-2: sub-134027_ses-2_acq-1k3k64d_space-ACPC_model-mapmri_param-rtap_dwimap.nii.gz
  [DONE] → sub-134027_ses-2_acq-1k3k64d_space-MNI152NLin2009cAsym_res-02_model-mapmri_param-rtap_dwimap.nii.gz
  [PROC] sub-134027
sub-134027 ses-2
ses-2: sub-134027_ses-2_acq-1k3k64d_space-ACPC_model-mapmri_param-rtop_dwimap.nii.gz
  [DONE] → sub-134027_ses-2_acq-1k3k64d_space-MNI152NLin2009cAsym_res-02_model-mapmri_param-rtop_dwimap.nii.gz
  [PROC] sub-134027
sub-134027 ses-2
ses-2: sub-134027_ses-2_acq-1k3k64d_space-ACPC_model-mapmri_param-rtpp_dwimap.nii.gz
  [DONE] → sub-134027_ses-2_acq-1k3k64d_space-MNI152NLin2009cAsym_res-02_model-mapmri_param-rtpp_dwimap.nii.gz
  [PROC] sub-134027
sub-134027 ses-3
ses-3: sub-134027_ses-3_acq-1k3k64d_space-ACPC_model-mapmri_param-lapnorm_dwimap.nii.gz
  [DONE] → sub-134027_ses-3_acq-1k3k64d_space-MNI152NLin2009cAsym_res-02_model-mapmri_param-lapnorm_dwimap.nii.gz
  [PROC] sub-134027
sub-134027 ses-3
ses-3: sub-134027_ses-3_acq-1k3k64d_space-ACPC_model-mapmri_param-mapcoeffs_dwimap.nii.gz
  [DONE] → sub-134027_ses-3_acq-1k3k64d_space-MNI152NLin2009cAsym_res-02_model-mapmri_param-mapcoeffs_dwimap.nii.gz
  [PROC] sub-134027
sub-134027 ses-3
ses-3: sub-134027_ses-3_acq-1k3k64d_space-ACPC_model-mapmri_param-msd_dwimap.nii.gz
  [DONE] → sub-134027_ses-3_acq-1k3k64d_space-MNI152NLin2009cAsym_res-02_model-mapmri_param-msd_dwimap.nii.gz
  [PROC] sub-134027
sub-134027 ses-3
ses-3: sub-134027_ses-3_acq-1k3k64d_space-ACPC_model-mapmri_param-qiv_dwimap.nii.gz
  [DONE] → sub-134027_ses-3_acq-1k3k64d_space-MNI152NLin2009cAsym_res-02_model-mapmri_param-qiv_dwimap.nii.gz
  [PROC] sub-134027
sub-134027 ses-3
ses-3: sub-134027_ses-3_acq-1k3k64d_space-ACPC_model-mapmri_param-rtap_dwimap.nii.gz
  [DONE] → sub-134027_ses-3_acq-1k3k64d_space-MNI152NLin2009cAsym_res-02_model-mapmri_param-rtap_dwimap.nii.gz
  [PROC] sub-134027
sub-134027 ses-3
ses-3: sub-134027_ses-3_acq-1k3k64d_space-ACPC_model-mapmri_param-rtop_dwimap.nii.gz
  [DONE] → sub-134027_ses-3_acq-1k3k64d_space-MNI152NLin2009cAsym_res-02_model-mapmri_param-rtop_dwimap.nii.gz
  [PROC] sub-134027
sub-134027 ses-3
ses-3: sub-134027_ses-3_acq-1k3k64d_space-ACPC_model-mapmri_param-rtpp_dwimap.nii.gz
  [DONE] → sub-134027_ses-3_acq-1k3k64d_space-MNI152NLin2009cAsym_res-02_model-mapmri_param-rtpp_dwimap.nii.gz
  [PROC] sub-134028
sub-134028 ses-1
ses-1: sub-134028_ses-1_acq-1k3k64d_space-ACPC_model-mapmri_param-lapnorm_dwimap.nii.gz
  [DONE] → sub-134028_ses-1_acq-1k3k64d_space-MNI152NLin2009cAsym_res-02_model-mapmri_param-lapnorm_dwimap.nii.gz
  [PROC] sub-134028
sub-134028 ses-1
ses-1: sub-134028_ses-1_acq-1k3k64d_space-ACPC_model-mapmri_param-mapcoeffs_dwimap.nii.gz
  [DONE] → sub-134028_ses-1_acq-1k3k64d_space-MNI152NLin2009cAsym_res-02_model-mapmri_param-mapcoeffs_dwimap.nii.gz
  [PROC] sub-134028
sub-134028 ses-1
ses-1: sub-134028_ses-1_acq-1k3k64d_space-ACPC_model-mapmri_param-msd_dwimap.nii.gz
  [DONE] → sub-134028_ses-1_acq-1k3k64d_space-MNI152NLin2009cAsym_res-02_model-mapmri_param-msd_dwimap.nii.gz
  [PROC] sub-134028
sub-134028 ses-1
ses-1: sub-134028_ses-1_acq-1k3k64d_space-ACPC_model-mapmri_param-qiv_dwimap.nii.gz
  [DONE] → sub-134028_ses-1_acq-1k3k64d_space-MNI152NLin2009cAsym_res-02_model-mapmri_param-qiv_dwimap.nii.gz
  [PROC] sub-134028
sub-134028 ses-1
ses-1: sub-134028_ses-1_acq-1k3k64d_space-ACPC_model-mapmri_param-rtap_dwimap.nii.gz
  [DONE] → sub-134028_ses-1_acq-1k3k64d_space-MNI152NLin2009cAsym_res-02_model-mapmri_param-rtap_dwimap.nii.gz
  [PROC] sub-134028
sub-134028 ses-1
ses-1: sub-134028_ses-1_acq-1k3k64d_space-ACPC_model-mapmri_param-rtop_dwimap.nii.gz
  [DONE] → sub-134028_ses-1_acq-1k3k64d_space-MNI152NLin2009cAsym_res-02_model-mapmri_param-rtop_dwimap.nii.gz
  [PROC] sub-134028
sub-134028 ses-1
ses-1: sub-134028_ses-1_acq-1k3k64d_space-ACPC_model-mapmri_param-rtpp_dwimap.nii.gz
  [DONE] → sub-134028_ses-1_acq-1k3k64d_space-MNI152NLin2009cAsym_res-02_model-mapmri_param-rtpp_dwimap.nii.gz
  [PROC] sub-134028
sub-134028 ses-2
ses-2: sub-134028_ses-2_acq-1k3k64d_space-ACPC_model-mapmri_param-lapnorm_dwimap.nii.gz
  [DONE] → sub-134028_ses-2_acq-1k3k64d_space-MNI152NLin2009cAsym_res-02_model-mapmri_param-lapnorm_dwimap.nii.gz
  [PROC] sub-134028
sub-134028 ses-2
ses-2: sub-134028_ses-2_acq-1k3k64d_space-ACPC_model-mapmri_param-mapcoeffs_dwimap.nii.gz
  [DONE] → sub-134028_ses-2_acq-1k3k64d_space-MNI152NLin2009cAsym_res-02_model-mapmri_param-mapcoeffs_dwimap.nii.gz
  [PROC] sub-134028
sub-134028 ses-2
ses-2: sub-134028_ses-2_acq-1k3k64d_space-ACPC_model-mapmri_param-msd_dwimap.nii.gz
  [DONE] → sub-134028_ses-2_acq-1k3k64d_space-MNI152NLin2009cAsym_res-02_model-mapmri_param-msd_dwimap.nii.gz
  [PROC] sub-134028
sub-134028 ses-2
ses-2: sub-134028_ses-2_acq-1k3k64d_space-ACPC_model-mapmri_param-qiv_dwimap.nii.gz
  [DONE] → sub-134028_ses-2_acq-1k3k64d_space-MNI152NLin2009cAsym_res-02_model-mapmri_param-qiv_dwimap.nii.gz
  [PROC] sub-134028
sub-134028 ses-2
ses-2: sub-134028_ses-2_acq-1k3k64d_space-ACPC_model-mapmri_param-rtap_dwimap.nii.gz
  [DONE] → sub-134028_ses-2_acq-1k3k64d_space-MNI152NLin2009cAsym_res-02_model-mapmri_param-rtap_dwimap.nii.gz
  [PROC] sub-134028
sub-134028 ses-2
ses-2: sub-134028_ses-2_acq-1k3k64d_space-ACPC_model-mapmri_param-rtop_dwimap.nii.gz
  [DONE] → sub-134028_ses-2_acq-1k3k64d_space-MNI152NLin2009cAsym_res-02_model-mapmri_param-rtop_dwimap.nii.gz
  [PROC] sub-134028
sub-134028 ses-2
ses-2: sub-134028_ses-2_acq-1k3k64d_space-ACPC_model-mapmri_param-rtpp_dwimap.nii.gz
  [DONE] → sub-134028_ses-2_acq-1k3k64d_space-MNI152NLin2009cAsym_res-02_model-mapmri_param-rtpp_dwimap.nii.gz
  [PROC] sub-134028
sub-134028 ses-3
ses-3: sub-134028_ses-3_acq-1k3k64d_space-ACPC_model-mapmri_param-lapnorm_dwimap.nii.gz
  [DONE] → sub-134028_ses-3_acq-1k3k64d_space-MNI152NLin2009cAsym_res-02_model-mapmri_param-lapnorm_dwimap.nii.gz
  [PROC] sub-134028
sub-134028 ses-3
ses-3: sub-134028_ses-3_acq-1k3k64d_space-ACPC_model-mapmri_param-mapcoeffs_dwimap.nii.gz
  [DONE] → sub-134028_ses-3_acq-1k3k64d_space-MNI152NLin2009cAsym_res-02_model-mapmri_param-mapcoeffs_dwimap.nii.gz
  [PROC] sub-134028
sub-134028 ses-3
ses-3: sub-134028_ses-3_acq-1k3k64d_space-ACPC_model-mapmri_param-msd_dwimap.nii.gz
  [DONE] → sub-134028_ses-3_acq-1k3k64d_space-MNI152NLin2009cAsym_res-02_model-mapmri_param-msd_dwimap.nii.gz
  [PROC] sub-134028
sub-134028 ses-3
ses-3: sub-134028_ses-3_acq-1k3k64d_space-ACPC_model-mapmri_param-qiv_dwimap.nii.gz
  [DONE] → sub-134028_ses-3_acq-1k3k64d_space-MNI152NLin2009cAsym_res-02_model-mapmri_param-qiv_dwimap.nii.gz
  [PROC] sub-134028
sub-134028 ses-3
ses-3: sub-134028_ses-3_acq-1k3k64d_space-ACPC_model-mapmri_param-rtap_dwimap.nii.gz
  [DONE] → sub-134028_ses-3_acq-1k3k64d_space-MNI152NLin2009cAsym_res-02_model-mapmri_param-rtap_dwimap.nii.gz
  [PROC] sub-134028
sub-134028 ses-3
ses-3: sub-134028_ses-3_acq-1k3k64d_space-ACPC_model-mapmri_param-rtop_dwimap.nii.gz
  [DONE] → sub-134028_ses-3_acq-1k3k64d_space-MNI152NLin2009cAsym_res-02_model-mapmri_param-rtop_dwimap.nii.gz
  [PROC] sub-134028
sub-134028 ses-3
ses-3: sub-134028_ses-3_acq-1k3k64d_space-ACPC_model-mapmri_param-rtpp_dwimap.nii.gz
  [DONE] → sub-134028_ses-3_acq-1k3k64d_space-MNI152NLin2009cAsym_res-02_model-mapmri_param-rtpp_dwimap.nii.gz
  [PROC] sub-134029
sub-134029 ses-1
ses-1: sub-134029_ses-1_acq-1k3k64d_space-ACPC_model-mapmri_param-lapnorm_dwimap.nii.gz
  [DONE] → sub-134029_ses-1_acq-1k3k64d_space-MNI152NLin2009cAsym_res-02_model-mapmri_param-lapnorm_dwimap.nii.gz
  [PROC] sub-134029
sub-134029 ses-1
ses-1: sub-134029_ses-1_acq-1k3k64d_space-ACPC_model-mapmri_param-mapcoeffs_dwimap.nii.gz
  [DONE] → sub-134029_ses-1_acq-1k3k64d_space-MNI152NLin2009cAsym_res-02_model-mapmri_param-mapcoeffs_dwimap.nii.gz
  [PROC] sub-134029
sub-134029 ses-1
ses-1: sub-134029_ses-1_acq-1k3k64d_space-ACPC_model-mapmri_param-msd_dwimap.nii.gz
  [DONE] → sub-134029_ses-1_acq-1k3k64d_space-MNI152NLin2009cAsym_res-02_model-mapmri_param-msd_dwimap.nii.gz
  [PROC] sub-134029
sub-134029 ses-1
ses-1: sub-134029_ses-1_acq-1k3k64d_space-ACPC_model-mapmri_param-qiv_dwimap.nii.gz
  [DONE] → sub-134029_ses-1_acq-1k3k64d_space-MNI152NLin2009cAsym_res-02_model-mapmri_param-qiv_dwimap.nii.gz
  [PROC] sub-134029
sub-134029 ses-1
ses-1: sub-134029_ses-1_acq-1k3k64d_space-ACPC_model-mapmri_param-rtap_dwimap.nii.gz
  [DONE] → sub-134029_ses-1_acq-1k3k64d_space-MNI152NLin2009cAsym_res-02_model-mapmri_param-rtap_dwimap.nii.gz
  [PROC] sub-134029
sub-134029 ses-1
ses-1: sub-134029_ses-1_acq-1k3k64d_space-ACPC_model-mapmri_param-rtop_dwimap.nii.gz
  [DONE] → sub-134029_ses-1_acq-1k3k64d_space-MNI152NLin2009cAsym_res-02_model-mapmri_param-rtop_dwimap.nii.gz
  [PROC] sub-134029
sub-134029 ses-1
ses-1: sub-134029_ses-1_acq-1k3k64d_space-ACPC_model-mapmri_param-rtpp_dwimap.nii.gz
  [DONE] → sub-134029_ses-1_acq-1k3k64d_space-MNI152NLin2009cAsym_res-02_model-mapmri_param-rtpp_dwimap.nii.gz
  [PROC] sub-134029
sub-134029 ses-2
ses-2: sub-134029_ses-2_acq-1k3k64d_space-ACPC_model-mapmri_param-lapnorm_dwimap.nii.gz
  [DONE] → sub-134029_ses-2_acq-1k3k64d_space-MNI152NLin2009cAsym_res-02_model-mapmri_param-lapnorm_dwimap.nii.gz
  [PROC] sub-134029
sub-134029 ses-2
ses-2: sub-134029_ses-2_acq-1k3k64d_space-ACPC_model-mapmri_param-mapcoeffs_dwimap.nii.gz
  [DONE] → sub-134029_ses-2_acq-1k3k64d_space-MNI152NLin2009cAsym_res-02_model-mapmri_param-mapcoeffs_dwimap.nii.gz
  [PROC] sub-134029
sub-134029 ses-2
ses-2: sub-134029_ses-2_acq-1k3k64d_space-ACPC_model-mapmri_param-msd_dwimap.nii.gz
  [DONE] → sub-134029_ses-2_acq-1k3k64d_space-MNI152NLin2009cAsym_res-02_model-mapmri_param-msd_dwimap.nii.gz
  [PROC] sub-134029
sub-134029 ses-2
ses-2: sub-134029_ses-2_acq-1k3k64d_space-ACPC_model-mapmri_param-qiv_dwimap.nii.gz
  [DONE] → sub-134029_ses-2_acq-1k3k64d_space-MNI152NLin2009cAsym_res-02_model-mapmri_param-qiv_dwimap.nii.gz
  [PROC] sub-134029
sub-134029 ses-2
ses-2: sub-134029_ses-2_acq-1k3k64d_space-ACPC_model-mapmri_param-rtap_dwimap.nii.gz
  [DONE] → sub-134029_ses-2_acq-1k3k64d_space-MNI152NLin2009cAsym_res-02_model-mapmri_param-rtap_dwimap.nii.gz
  [PROC] sub-134029
sub-134029 ses-2
ses-2: sub-134029_ses-2_acq-1k3k64d_space-ACPC_model-mapmri_param-rtop_dwimap.nii.gz
  [DONE] → sub-134029_ses-2_acq-1k3k64d_space-MNI152NLin2009cAsym_res-02_model-mapmri_param-rtop_dwimap.nii.gz
  [PROC] sub-134029
sub-134029 ses-2
ses-2: sub-134029_ses-2_acq-1k3k64d_space-ACPC_model-mapmri_param-rtpp_dwimap.nii.gz
  [DONE] → sub-134029_ses-2_acq-1k3k64d_space-MNI152NLin2009cAsym_res-02_model-mapmri_param-rtpp_dwimap.nii.gz
  [PROC] sub-134029
sub-134029 ses-3
ses-3: sub-134029_ses-3_acq-1k3k64d_space-ACPC_model-mapmri_param-lapnorm_dwimap.nii.gz
  [DONE] → sub-134029_ses-3_acq-1k3k64d_space-MNI152NLin2009cAsym_res-02_model-mapmri_param-lapnorm_dwimap.nii.gz
  [PROC] sub-134029
sub-134029 ses-3
ses-3: sub-134029_ses-3_acq-1k3k64d_space-ACPC_model-mapmri_param-mapcoeffs_dwimap.nii.gz
  [DONE] → sub-134029_ses-3_acq-1k3k64d_space-MNI152NLin2009cAsym_res-02_model-mapmri_param-mapcoeffs_dwimap.nii.gz
  [PROC] sub-134029
sub-134029 ses-3
ses-3: sub-134029_ses-3_acq-1k3k64d_space-ACPC_model-mapmri_param-msd_dwimap.nii.gz
  [DONE] → sub-134029_ses-3_acq-1k3k64d_space-MNI152NLin2009cAsym_res-02_model-mapmri_param-msd_dwimap.nii.gz
  [PROC] sub-134029
sub-134029 ses-3
ses-3: sub-134029_ses-3_acq-1k3k64d_space-ACPC_model-mapmri_param-qiv_dwimap.nii.gz
  [DONE] → sub-134029_ses-3_acq-1k3k64d_space-MNI152NLin2009cAsym_res-02_model-mapmri_param-qiv_dwimap.nii.gz
  [PROC] sub-134029
sub-134029 ses-3
ses-3: sub-134029_ses-3_acq-1k3k64d_space-ACPC_model-mapmri_param-rtap_dwimap.nii.gz
  [DONE] → sub-134029_ses-3_acq-1k3k64d_space-MNI152NLin2009cAsym_res-02_model-mapmri_param-rtap_dwimap.nii.gz
  [PROC] sub-134029
sub-134029 ses-3
ses-3: sub-134029_ses-3_acq-1k3k64d_space-ACPC_model-mapmri_param-rtop_dwimap.nii.gz
  [DONE] → sub-134029_ses-3_acq-1k3k64d_space-MNI152NLin2009cAsym_res-02_model-mapmri_param-rtop_dwimap.nii.gz
  [PROC] sub-134029
sub-134029 ses-3
ses-3: sub-134029_ses-3_acq-1k3k64d_space-ACPC_model-mapmri_param-rtpp_dwimap.nii.gz
  [DONE] → sub-134029_ses-3_acq-1k3k64d_space-MNI152NLin2009cAsym_res-02_model-mapmri_param-rtpp_dwimap.nii.gz
  [PROC] sub-134030
sub-134030 ses-1
ses-1: sub-134030_ses-1_acq-1k3k64d_space-ACPC_model-mapmri_param-lapnorm_dwimap.nii.gz
  [DONE] → sub-134030_ses-1_acq-1k3k64d_space-MNI152NLin2009cAsym_res-02_model-mapmri_param-lapnorm_dwimap.nii.gz
  [PROC] sub-134030
sub-134030 ses-1
ses-1: sub-134030_ses-1_acq-1k3k64d_space-ACPC_model-mapmri_param-mapcoeffs_dwimap.nii.gz
  [DONE] → sub-134030_ses-1_acq-1k3k64d_space-MNI152NLin2009cAsym_res-02_model-mapmri_param-mapcoeffs_dwimap.nii.gz
  [PROC] sub-134030
sub-134030 ses-1
ses-1: sub-134030_ses-1_acq-1k3k64d_space-ACPC_model-mapmri_param-msd_dwimap.nii.gz
  [DONE] → sub-134030_ses-1_acq-1k3k64d_space-MNI152NLin2009cAsym_res-02_model-mapmri_param-msd_dwimap.nii.gz
  [PROC] sub-134030
sub-134030 ses-1
ses-1: sub-134030_ses-1_acq-1k3k64d_space-ACPC_model-mapmri_param-qiv_dwimap.nii.gz
  [DONE] → sub-134030_ses-1_acq-1k3k64d_space-MNI152NLin2009cAsym_res-02_model-mapmri_param-qiv_dwimap.nii.gz
  [PROC] sub-134030
sub-134030 ses-1
ses-1: sub-134030_ses-1_acq-1k3k64d_space-ACPC_model-mapmri_param-rtap_dwimap.nii.gz
  [DONE] → sub-134030_ses-1_acq-1k3k64d_space-MNI152NLin2009cAsym_res-02_model-mapmri_param-rtap_dwimap.nii.gz
  [PROC] sub-134030
sub-134030 ses-1
ses-1: sub-134030_ses-1_acq-1k3k64d_space-ACPC_model-mapmri_param-rtop_dwimap.nii.gz
  [DONE] → sub-134030_ses-1_acq-1k3k64d_space-MNI152NLin2009cAsym_res-02_model-mapmri_param-rtop_dwimap.nii.gz
  [PROC] sub-134030
sub-134030 ses-1
ses-1: sub-134030_ses-1_acq-1k3k64d_space-ACPC_model-mapmri_param-rtpp_dwimap.nii.gz
  [DONE] → sub-134030_ses-1_acq-1k3k64d_space-MNI152NLin2009cAsym_res-02_model-mapmri_param-rtpp_dwimap.nii.gz
  [PROC] sub-134031
sub-134031 ses-1
ses-1: sub-134031_ses-1_acq-1k3k64d_space-ACPC_model-mapmri_param-lapnorm_dwimap.nii.gz
  [DONE] → sub-134031_ses-1_acq-1k3k64d_space-MNI152NLin2009cAsym_res-02_model-mapmri_param-lapnorm_dwimap.nii.gz
  [PROC] sub-134031
sub-134031 ses-1
ses-1: sub-134031_ses-1_acq-1k3k64d_space-ACPC_model-mapmri_param-mapcoeffs_dwimap.nii.gz
  [DONE] → sub-134031_ses-1_acq-1k3k64d_space-MNI152NLin2009cAsym_res-02_model-mapmri_param-mapcoeffs_dwimap.nii.gz
  [PROC] sub-134031
sub-134031 ses-1
ses-1: sub-134031_ses-1_acq-1k3k64d_space-ACPC_model-mapmri_param-msd_dwimap.nii.gz
  [DONE] → sub-134031_ses-1_acq-1k3k64d_space-MNI152NLin2009cAsym_res-02_model-mapmri_param-msd_dwimap.nii.gz
  [PROC] sub-134031
sub-134031 ses-1
ses-1: sub-134031_ses-1_acq-1k3k64d_space-ACPC_model-mapmri_param-qiv_dwimap.nii.gz
  [DONE] → sub-134031_ses-1_acq-1k3k64d_space-MNI152NLin2009cAsym_res-02_model-mapmri_param-qiv_dwimap.nii.gz
  [PROC] sub-134031
sub-134031 ses-1
ses-1: sub-134031_ses-1_acq-1k3k64d_space-ACPC_model-mapmri_param-rtap_dwimap.nii.gz
  [DONE] → sub-134031_ses-1_acq-1k3k64d_space-MNI152NLin2009cAsym_res-02_model-mapmri_param-rtap_dwimap.nii.gz
  [PROC] sub-134031
sub-134031 ses-1
ses-1: sub-134031_ses-1_acq-1k3k64d_space-ACPC_model-mapmri_param-rtop_dwimap.nii.gz
  [DONE] → sub-134031_ses-1_acq-1k3k64d_space-MNI152NLin2009cAsym_res-02_model-mapmri_param-rtop_dwimap.nii.gz
  [PROC] sub-134031
sub-134031 ses-1
ses-1: sub-134031_ses-1_acq-1k3k64d_space-ACPC_model-mapmri_param-rtpp_dwimap.nii.gz
  [DONE] → sub-134031_ses-1_acq-1k3k64d_space-MNI152NLin2009cAsym_res-02_model-mapmri_param-rtpp_dwimap.nii.gz
  [PROC] sub-134031
sub-134031 ses-2
ses-2: sub-134031_ses-2_acq-1k3k64d_space-ACPC_model-mapmri_param-lapnorm_dwimap.nii.gz
  [DONE] → sub-134031_ses-2_acq-1k3k64d_space-MNI152NLin2009cAsym_res-02_model-mapmri_param-lapnorm_dwimap.nii.gz
  [PROC] sub-134031
sub-134031 ses-2
ses-2: sub-134031_ses-2_acq-1k3k64d_space-ACPC_model-mapmri_param-mapcoeffs_dwimap.nii.gz
  [DONE] → sub-134031_ses-2_acq-1k3k64d_space-MNI152NLin2009cAsym_res-02_model-mapmri_param-mapcoeffs_dwimap.nii.gz
  [PROC] sub-134031
sub-134031 ses-2
ses-2: sub-134031_ses-2_acq-1k3k64d_space-ACPC_model-mapmri_param-msd_dwimap.nii.gz
  [DONE] → sub-134031_ses-2_acq-1k3k64d_space-MNI152NLin2009cAsym_res-02_model-mapmri_param-msd_dwimap.nii.gz
  [PROC] sub-134031
sub-134031 ses-2
ses-2: sub-134031_ses-2_acq-1k3k64d_space-ACPC_model-mapmri_param-qiv_dwimap.nii.gz
  [DONE] → sub-134031_ses-2_acq-1k3k64d_space-MNI152NLin2009cAsym_res-02_model-mapmri_param-qiv_dwimap.nii.gz
  [PROC] sub-134031
sub-134031 ses-2
ses-2: sub-134031_ses-2_acq-1k3k64d_space-ACPC_model-mapmri_param-rtap_dwimap.nii.gz
  [DONE] → sub-134031_ses-2_acq-1k3k64d_space-MNI152NLin2009cAsym_res-02_model-mapmri_param-rtap_dwimap.nii.gz
  [PROC] sub-134031
sub-134031 ses-2
ses-2: sub-134031_ses-2_acq-1k3k64d_space-ACPC_model-mapmri_param-rtop_dwimap.nii.gz
  [DONE] → sub-134031_ses-2_acq-1k3k64d_space-MNI152NLin2009cAsym_res-02_model-mapmri_param-rtop_dwimap.nii.gz
  [PROC] sub-134031
sub-134031 ses-2
ses-2: sub-134031_ses-2_acq-1k3k64d_space-ACPC_model-mapmri_param-rtpp_dwimap.nii.gz
  [DONE] → sub-134031_ses-2_acq-1k3k64d_space-MNI152NLin2009cAsym_res-02_model-mapmri_param-rtpp_dwimap.nii.gz
  [PROC] sub-134031
sub-134031 ses-3
ses-3: sub-134031_ses-3_acq-1k3k64d_space-ACPC_model-mapmri_param-lapnorm_dwimap.nii.gz
  [DONE] → sub-134031_ses-3_acq-1k3k64d_space-MNI152NLin2009cAsym_res-02_model-mapmri_param-lapnorm_dwimap.nii.gz
  [PROC] sub-134031
sub-134031 ses-3
ses-3: sub-134031_ses-3_acq-1k3k64d_space-ACPC_model-mapmri_param-mapcoeffs_dwimap.nii.gz
  [DONE] → sub-134031_ses-3_acq-1k3k64d_space-MNI152NLin2009cAsym_res-02_model-mapmri_param-mapcoeffs_dwimap.nii.gz
  [PROC] sub-134031
sub-134031 ses-3
ses-3: sub-134031_ses-3_acq-1k3k64d_space-ACPC_model-mapmri_param-msd_dwimap.nii.gz
  [DONE] → sub-134031_ses-3_acq-1k3k64d_space-MNI152NLin2009cAsym_res-02_model-mapmri_param-msd_dwimap.nii.gz
  [PROC] sub-134031
sub-134031 ses-3
ses-3: sub-134031_ses-3_acq-1k3k64d_space-ACPC_model-mapmri_param-qiv_dwimap.nii.gz
  [DONE] → sub-134031_ses-3_acq-1k3k64d_space-MNI152NLin2009cAsym_res-02_model-mapmri_param-qiv_dwimap.nii.gz
  [PROC] sub-134031
sub-134031 ses-3
ses-3: sub-134031_ses-3_acq-1k3k64d_space-ACPC_model-mapmri_param-rtap_dwimap.nii.gz
  [DONE] → sub-134031_ses-3_acq-1k3k64d_space-MNI152NLin2009cAsym_res-02_model-mapmri_param-rtap_dwimap.nii.gz
  [PROC] sub-134031
sub-134031 ses-3
ses-3: sub-134031_ses-3_acq-1k3k64d_space-ACPC_model-mapmri_param-rtop_dwimap.nii.gz
  [DONE] → sub-134031_ses-3_acq-1k3k64d_space-MNI152NLin2009cAsym_res-02_model-mapmri_param-rtop_dwimap.nii.gz
  [PROC] sub-134031
sub-134031 ses-3
ses-3: sub-134031_ses-3_acq-1k3k64d_space-ACPC_model-mapmri_param-rtpp_dwimap.nii.gz
  [DONE] → sub-134031_ses-3_acq-1k3k64d_space-MNI152NLin2009cAsym_res-02_model-mapmri_param-rtpp_dwimap.nii.gz
  [PROC] sub-134032
sub-134032 ses-1
ses-1: sub-134032_ses-1_acq-1k3k64d_space-ACPC_model-mapmri_param-lapnorm_dwimap.nii.gz
  [DONE] → sub-134032_ses-1_acq-1k3k64d_space-MNI152NLin2009cAsym_res-02_model-mapmri_param-lapnorm_dwimap.nii.gz
  [PROC] sub-134032
sub-134032 ses-1
ses-1: sub-134032_ses-1_acq-1k3k64d_space-ACPC_model-mapmri_param-mapcoeffs_dwimap.nii.gz
  [DONE] → sub-134032_ses-1_acq-1k3k64d_space-MNI152NLin2009cAsym_res-02_model-mapmri_param-mapcoeffs_dwimap.nii.gz
  [PROC] sub-134032
sub-134032 ses-1
ses-1: sub-134032_ses-1_acq-1k3k64d_space-ACPC_model-mapmri_param-msd_dwimap.nii.gz
  [DONE] → sub-134032_ses-1_acq-1k3k64d_space-MNI152NLin2009cAsym_res-02_model-mapmri_param-msd_dwimap.nii.gz
  [PROC] sub-134032
sub-134032 ses-1
ses-1: sub-134032_ses-1_acq-1k3k64d_space-ACPC_model-mapmri_param-qiv_dwimap.nii.gz
  [DONE] → sub-134032_ses-1_acq-1k3k64d_space-MNI152NLin2009cAsym_res-02_model-mapmri_param-qiv_dwimap.nii.gz
  [PROC] sub-134032
sub-134032 ses-1
ses-1: sub-134032_ses-1_acq-1k3k64d_space-ACPC_model-mapmri_param-rtap_dwimap.nii.gz
  [DONE] → sub-134032_ses-1_acq-1k3k64d_space-MNI152NLin2009cAsym_res-02_model-mapmri_param-rtap_dwimap.nii.gz
  [PROC] sub-134032
sub-134032 ses-1
ses-1: sub-134032_ses-1_acq-1k3k64d_space-ACPC_model-mapmri_param-rtop_dwimap.nii.gz
  [DONE] → sub-134032_ses-1_acq-1k3k64d_space-MNI152NLin2009cAsym_res-02_model-mapmri_param-rtop_dwimap.nii.gz
  [PROC] sub-134032
sub-134032 ses-1
ses-1: sub-134032_ses-1_acq-1k3k64d_space-ACPC_model-mapmri_param-rtpp_dwimap.nii.gz
  [DONE] → sub-134032_ses-1_acq-1k3k64d_space-MNI152NLin2009cAsym_res-02_model-mapmri_param-rtpp_dwimap.nii.gz
  [PROC] sub-134032
sub-134032 ses-2
ses-2: sub-134032_ses-2_acq-1k3k64d_space-ACPC_model-mapmri_param-lapnorm_dwimap.nii.gz
  [DONE] → sub-134032_ses-2_acq-1k3k64d_space-MNI152NLin2009cAsym_res-02_model-mapmri_param-lapnorm_dwimap.nii.gz
  [PROC] sub-134032
sub-134032 ses-2
ses-2: sub-134032_ses-2_acq-1k3k64d_space-ACPC_model-mapmri_param-mapcoeffs_dwimap.nii.gz
  [DONE] → sub-134032_ses-2_acq-1k3k64d_space-MNI152NLin2009cAsym_res-02_model-mapmri_param-mapcoeffs_dwimap.nii.gz
  [PROC] sub-134032
sub-134032 ses-2
ses-2: sub-134032_ses-2_acq-1k3k64d_space-ACPC_model-mapmri_param-msd_dwimap.nii.gz
  [DONE] → sub-134032_ses-2_acq-1k3k64d_space-MNI152NLin2009cAsym_res-02_model-mapmri_param-msd_dwimap.nii.gz
  [PROC] sub-134032
sub-134032 ses-2
ses-2: sub-134032_ses-2_acq-1k3k64d_space-ACPC_model-mapmri_param-qiv_dwimap.nii.gz
  [DONE] → sub-134032_ses-2_acq-1k3k64d_space-MNI152NLin2009cAsym_res-02_model-mapmri_param-qiv_dwimap.nii.gz
  [PROC] sub-134032
sub-134032 ses-2
ses-2: sub-134032_ses-2_acq-1k3k64d_space-ACPC_model-mapmri_param-rtap_dwimap.nii.gz
  [DONE] → sub-134032_ses-2_acq-1k3k64d_space-MNI152NLin2009cAsym_res-02_model-mapmri_param-rtap_dwimap.nii.gz
  [PROC] sub-134032
sub-134032 ses-2
ses-2: sub-134032_ses-2_acq-1k3k64d_space-ACPC_model-mapmri_param-rtop_dwimap.nii.gz
  [DONE] → sub-134032_ses-2_acq-1k3k64d_space-MNI152NLin2009cAsym_res-02_model-mapmri_param-rtop_dwimap.nii.gz
  [PROC] sub-134032
sub-134032 ses-3
ses-3: sub-134032_ses-3_acq-1k3k64d_space-ACPC_model-mapmri_param-lapnorm_dwimap.nii.gz
  [DONE] → sub-134032_ses-3_acq-1k3k64d_space-MNI152NLin2009cAsym_res-02_model-mapmri_param-lapnorm_dwimap.nii.gz
  [PROC] sub-134032
sub-134032 ses-2
ses-2: sub-134032_ses-2_acq-1k3k64d_space-ACPC_model-mapmri_param-rtpp_dwimap.nii.gz
  [DONE] → sub-134032_ses-2_acq-1k3k64d_space-MNI152NLin2009cAsym_res-02_model-mapmri_param-rtpp_dwimap.nii.gz
  [PROC] sub-134032
sub-134032 ses-3
ses-3: sub-134032_ses-3_acq-1k3k64d_space-ACPC_model-mapmri_param-mapcoeffs_dwimap.nii.gz
  [DONE] → sub-134032_ses-3_acq-1k3k64d_space-MNI152NLin2009cAsym_res-02_model-mapmri_param-mapcoeffs_dwimap.nii.gz
  [PROC] sub-134032
sub-134032 ses-3
ses-3: sub-134032_ses-3_acq-1k3k64d_space-ACPC_model-mapmri_param-msd_dwimap.nii.gz
  [DONE] → sub-134032_ses-3_acq-1k3k64d_space-MNI152NLin2009cAsym_res-02_model-mapmri_param-msd_dwimap.nii.gz
  [PROC] sub-134032
sub-134032 ses-3
ses-3: sub-134032_ses-3_acq-1k3k64d_space-ACPC_model-mapmri_param-qiv_dwimap.nii.gz
  [DONE] → sub-134032_ses-3_acq-1k3k64d_space-MNI152NLin2009cAsym_res-02_model-mapmri_param-qiv_dwimap.nii.gz
  [PROC] sub-134032
sub-134032 ses-3
ses-3: sub-134032_ses-3_acq-1k3k64d_space-ACPC_model-mapmri_param-rtap_dwimap.nii.gz
  [DONE] → sub-134032_ses-3_acq-1k3k64d_space-MNI152NLin2009cAsym_res-02_model-mapmri_param-rtap_dwimap.nii.gz
  [PROC] sub-134032
sub-134032 ses-3
ses-3: sub-134032_ses-3_acq-1k3k64d_space-ACPC_model-mapmri_param-rtop_dwimap.nii.gz
  [DONE] → sub-134032_ses-3_acq-1k3k64d_space-MNI152NLin2009cAsym_res-02_model-mapmri_param-rtop_dwimap.nii.gz
  [PROC] sub-134032
sub-134032 ses-3
ses-3: sub-134032_ses-3_acq-1k3k64d_space-ACPC_model-mapmri_param-rtpp_dwimap.nii.gz
  [DONE] → sub-134032_ses-3_acq-1k3k64d_space-MNI152NLin2009cAsym_res-02_model-mapmri_param-rtpp_dwimap.nii.gz
  [PROC] sub-134033
sub-134033 ses-1
ses-1: sub-134033_ses-1_acq-1k3k64d_space-ACPC_model-mapmri_param-lapnorm_dwimap.nii.gz
  [DONE] → sub-134033_ses-1_acq-1k3k64d_space-MNI152NLin2009cAsym_res-02_model-mapmri_param-lapnorm_dwimap.nii.gz
  [PROC] sub-134033
sub-134033 ses-1
ses-1: sub-134033_ses-1_acq-1k3k64d_space-ACPC_model-mapmri_param-mapcoeffs_dwimap.nii.gz
  [DONE] → sub-134033_ses-1_acq-1k3k64d_space-MNI152NLin2009cAsym_res-02_model-mapmri_param-mapcoeffs_dwimap.nii.gz
  [PROC] sub-134033
sub-134033 ses-1
ses-1: sub-134033_ses-1_acq-1k3k64d_space-ACPC_model-mapmri_param-msd_dwimap.nii.gz
  [DONE] → sub-134033_ses-1_acq-1k3k64d_space-MNI152NLin2009cAsym_res-02_model-mapmri_param-msd_dwimap.nii.gz
  [PROC] sub-134033
sub-134033 ses-1
ses-1: sub-134033_ses-1_acq-1k3k64d_space-ACPC_model-mapmri_param-qiv_dwimap.nii.gz
  [DONE] → sub-134033_ses-1_acq-1k3k64d_space-MNI152NLin2009cAsym_res-02_model-mapmri_param-qiv_dwimap.nii.gz
  [PROC] sub-134033
sub-134033 ses-1
ses-1: sub-134033_ses-1_acq-1k3k64d_space-ACPC_model-mapmri_param-rtap_dwimap.nii.gz
  [DONE] → sub-134033_ses-1_acq-1k3k64d_space-MNI152NLin2009cAsym_res-02_model-mapmri_param-rtap_dwimap.nii.gz
  [PROC] sub-134033
sub-134033 ses-1
ses-1: sub-134033_ses-1_acq-1k3k64d_space-ACPC_model-mapmri_param-rtop_dwimap.nii.gz
  [DONE] → sub-134033_ses-1_acq-1k3k64d_space-MNI152NLin2009cAsym_res-02_model-mapmri_param-rtop_dwimap.nii.gz
  [PROC] sub-134033
sub-134033 ses-1
ses-1: sub-134033_ses-1_acq-1k3k64d_space-ACPC_model-mapmri_param-rtpp_dwimap.nii.gz
  [DONE] → sub-134033_ses-1_acq-1k3k64d_space-MNI152NLin2009cAsym_res-02_model-mapmri_param-rtpp_dwimap.nii.gz
  [PROC] sub-134033
sub-134033 ses-2
ses-2: sub-134033_ses-2_acq-1k3k64d_space-ACPC_model-mapmri_param-lapnorm_dwimap.nii.gz
  [DONE] → sub-134033_ses-2_acq-1k3k64d_space-MNI152NLin2009cAsym_res-02_model-mapmri_param-lapnorm_dwimap.nii.gz
  [PROC] sub-134033
sub-134033 ses-2
ses-2: sub-134033_ses-2_acq-1k3k64d_space-ACPC_model-mapmri_param-mapcoeffs_dwimap.nii.gz
  [DONE] → sub-134033_ses-2_acq-1k3k64d_space-MNI152NLin2009cAsym_res-02_model-mapmri_param-mapcoeffs_dwimap.nii.gz
  [PROC] sub-134033
sub-134033 ses-2
ses-2: sub-134033_ses-2_acq-1k3k64d_space-ACPC_model-mapmri_param-msd_dwimap.nii.gz
  [DONE] → sub-134033_ses-2_acq-1k3k64d_space-MNI152NLin2009cAsym_res-02_model-mapmri_param-msd_dwimap.nii.gz
  [PROC] sub-134033
sub-134033 ses-2
ses-2: sub-134033_ses-2_acq-1k3k64d_space-ACPC_model-mapmri_param-qiv_dwimap.nii.gz
  [DONE] → sub-134033_ses-2_acq-1k3k64d_space-MNI152NLin2009cAsym_res-02_model-mapmri_param-qiv_dwimap.nii.gz
  [PROC] sub-134033
sub-134033 ses-2
ses-2: sub-134033_ses-2_acq-1k3k64d_space-ACPC_model-mapmri_param-rtap_dwimap.nii.gz
  [DONE] → sub-134033_ses-2_acq-1k3k64d_space-MNI152NLin2009cAsym_res-02_model-mapmri_param-rtap_dwimap.nii.gz
  [PROC] sub-134033
sub-134033 ses-2
ses-2: sub-134033_ses-2_acq-1k3k64d_space-ACPC_model-mapmri_param-rtop_dwimap.nii.gz
  [DONE] → sub-134033_ses-2_acq-1k3k64d_space-MNI152NLin2009cAsym_res-02_model-mapmri_param-rtop_dwimap.nii.gz
  [PROC] sub-134033
sub-134033 ses-2
ses-2: sub-134033_ses-2_acq-1k3k64d_space-ACPC_model-mapmri_param-rtpp_dwimap.nii.gz
  [DONE] → sub-134033_ses-2_acq-1k3k64d_space-MNI152NLin2009cAsym_res-02_model-mapmri_param-rtpp_dwimap.nii.gz
  [PROC] sub-134033
sub-134033 ses-3
ses-3: sub-134033_ses-3_acq-1k3k64d_space-ACPC_model-mapmri_param-lapnorm_dwimap.nii.gz
  [DONE] → sub-134033_ses-3_acq-1k3k64d_space-MNI152NLin2009cAsym_res-02_model-mapmri_param-lapnorm_dwimap.nii.gz
  [PROC] sub-134033
sub-134033 ses-3
ses-3: sub-134033_ses-3_acq-1k3k64d_space-ACPC_model-mapmri_param-mapcoeffs_dwimap.nii.gz
  [DONE] → sub-134033_ses-3_acq-1k3k64d_space-MNI152NLin2009cAsym_res-02_model-mapmri_param-mapcoeffs_dwimap.nii.gz
  [PROC] sub-134033
sub-134033 ses-3
ses-3: sub-134033_ses-3_acq-1k3k64d_space-ACPC_model-mapmri_param-msd_dwimap.nii.gz
  [DONE] → sub-134033_ses-3_acq-1k3k64d_space-MNI152NLin2009cAsym_res-02_model-mapmri_param-msd_dwimap.nii.gz
  [PROC] sub-134033
sub-134033 ses-3
ses-3: sub-134033_ses-3_acq-1k3k64d_space-ACPC_model-mapmri_param-qiv_dwimap.nii.gz
  [DONE] → sub-134033_ses-3_acq-1k3k64d_space-MNI152NLin2009cAsym_res-02_model-mapmri_param-qiv_dwimap.nii.gz
  [PROC] sub-134033
sub-134033 ses-3
ses-3: sub-134033_ses-3_acq-1k3k64d_space-ACPC_model-mapmri_param-rtap_dwimap.nii.gz
  [DONE] → sub-134033_ses-3_acq-1k3k64d_space-MNI152NLin2009cAsym_res-02_model-mapmri_param-rtap_dwimap.nii.gz
  [PROC] sub-134033
sub-134033 ses-3
ses-3: sub-134033_ses-3_acq-1k3k64d_space-ACPC_model-mapmri_param-rtop_dwimap.nii.gz
  [DONE] → sub-134033_ses-3_acq-1k3k64d_space-MNI152NLin2009cAsym_res-02_model-mapmri_param-rtop_dwimap.nii.gz
  [PROC] sub-134033
sub-134033 ses-3
ses-3: sub-134033_ses-3_acq-1k3k64d_space-ACPC_model-mapmri_param-rtpp_dwimap.nii.gz
  [DONE] → sub-134033_ses-3_acq-1k3k64d_space-MNI152NLin2009cAsym_res-02_model-mapmri_param-rtpp_dwimap.nii.gz
  [PROC] sub-134034
sub-134034 ses-1
ses-1: sub-134034_ses-1_acq-1k3k64d_space-ACPC_model-mapmri_param-lapnorm_dwimap.nii.gz
  [DONE] → sub-134034_ses-1_acq-1k3k64d_space-MNI152NLin2009cAsym_res-02_model-mapmri_param-lapnorm_dwimap.nii.gz
  [PROC] sub-134034
sub-134034 ses-1
ses-1: sub-134034_ses-1_acq-1k3k64d_space-ACPC_model-mapmri_param-mapcoeffs_dwimap.nii.gz
  [DONE] → sub-134034_ses-1_acq-1k3k64d_space-MNI152NLin2009cAsym_res-02_model-mapmri_param-mapcoeffs_dwimap.nii.gz
  [PROC] sub-134034
sub-134034 ses-1
ses-1: sub-134034_ses-1_acq-1k3k64d_space-ACPC_model-mapmri_param-msd_dwimap.nii.gz
  [DONE] → sub-134034_ses-1_acq-1k3k64d_space-MNI152NLin2009cAsym_res-02_model-mapmri_param-msd_dwimap.nii.gz
  [PROC] sub-134034
sub-134034 ses-1
ses-1: sub-134034_ses-1_acq-1k3k64d_space-ACPC_model-mapmri_param-qiv_dwimap.nii.gz
  [DONE] → sub-134034_ses-1_acq-1k3k64d_space-MNI152NLin2009cAsym_res-02_model-mapmri_param-qiv_dwimap.nii.gz
  [PROC] sub-134034
sub-134034 ses-1
ses-1: sub-134034_ses-1_acq-1k3k64d_space-ACPC_model-mapmri_param-rtap_dwimap.nii.gz
  [DONE] → sub-134034_ses-1_acq-1k3k64d_space-MNI152NLin2009cAsym_res-02_model-mapmri_param-rtap_dwimap.nii.gz
  [PROC] sub-134034
sub-134034 ses-1
ses-1: sub-134034_ses-1_acq-1k3k64d_space-ACPC_model-mapmri_param-rtop_dwimap.nii.gz
  [DONE] → sub-134034_ses-1_acq-1k3k64d_space-MNI152NLin2009cAsym_res-02_model-mapmri_param-rtop_dwimap.nii.gz
  [PROC] sub-134034
sub-134034 ses-1
ses-1: sub-134034_ses-1_acq-1k3k64d_space-ACPC_model-mapmri_param-rtpp_dwimap.nii.gz
  [DONE] → sub-134034_ses-1_acq-1k3k64d_space-MNI152NLin2009cAsym_res-02_model-mapmri_param-rtpp_dwimap.nii.gz
  [PROC] sub-134034
sub-134034 ses-2
ses-2: sub-134034_ses-2_acq-1k3k64d_space-ACPC_model-mapmri_param-mapcoeffs_dwimap.nii.gz
  [DONE] → sub-134034_ses-2_acq-1k3k64d_space-MNI152NLin2009cAsym_res-02_model-mapmri_param-mapcoeffs_dwimap.nii.gz
  [PROC] sub-134034
sub-134034 ses-2
ses-2: sub-134034_ses-2_acq-1k3k64d_space-ACPC_model-mapmri_param-lapnorm_dwimap.nii.gz
  [DONE] → sub-134034_ses-2_acq-1k3k64d_space-MNI152NLin2009cAsym_res-02_model-mapmri_param-lapnorm_dwimap.nii.gz
  [PROC] sub-134034
sub-134034 ses-2
ses-2: sub-134034_ses-2_acq-1k3k64d_space-ACPC_model-mapmri_param-msd_dwimap.nii.gz
  [DONE] → sub-134034_ses-2_acq-1k3k64d_space-MNI152NLin2009cAsym_res-02_model-mapmri_param-msd_dwimap.nii.gz
  [PROC] sub-134034
sub-134034 ses-2
ses-2: sub-134034_ses-2_acq-1k3k64d_space-ACPC_model-mapmri_param-qiv_dwimap.nii.gz
  [DONE] → sub-134034_ses-2_acq-1k3k64d_space-MNI152NLin2009cAsym_res-02_model-mapmri_param-qiv_dwimap.nii.gz
  [PROC] sub-134034
sub-134034 ses-2
ses-2: sub-134034_ses-2_acq-1k3k64d_space-ACPC_model-mapmri_param-rtop_dwimap.nii.gz
  [DONE] → sub-134034_ses-2_acq-1k3k64d_space-MNI152NLin2009cAsym_res-02_model-mapmri_param-rtop_dwimap.nii.gz
  [PROC] sub-134034
sub-134034 ses-2
ses-2: sub-134034_ses-2_acq-1k3k64d_space-ACPC_model-mapmri_param-rtap_dwimap.nii.gz
  [DONE] → sub-134034_ses-2_acq-1k3k64d_space-MNI152NLin2009cAsym_res-02_model-mapmri_param-rtap_dwimap.nii.gz
  [PROC] sub-134034
sub-134034 ses-2
ses-2: sub-134034_ses-2_acq-1k3k64d_space-ACPC_model-mapmri_param-rtpp_dwimap.nii.gz
  [DONE] → sub-134034_ses-2_acq-1k3k64d_space-MNI152NLin2009cAsym_res-02_model-mapmri_param-rtpp_dwimap.nii.gz
  [PROC] sub-134035
sub-134035 ses-1
ses-1: sub-134035_ses-1_acq-1k3k64d_space-ACPC_model-mapmri_param-lapnorm_dwimap.nii.gz
  [DONE] → sub-134035_ses-1_acq-1k3k64d_space-MNI152NLin2009cAsym_res-02_model-mapmri_param-lapnorm_dwimap.nii.gz
  [PROC] sub-134035
sub-134035 ses-1
ses-1: sub-134035_ses-1_acq-1k3k64d_space-ACPC_model-mapmri_param-mapcoeffs_dwimap.nii.gz
  [DONE] → sub-134035_ses-1_acq-1k3k64d_space-MNI152NLin2009cAsym_res-02_model-mapmri_param-mapcoeffs_dwimap.nii.gz
  [PROC] sub-134035
sub-134035 ses-1
ses-1: sub-134035_ses-1_acq-1k3k64d_space-ACPC_model-mapmri_param-msd_dwimap.nii.gz
  [DONE] → sub-134035_ses-1_acq-1k3k64d_space-MNI152NLin2009cAsym_res-02_model-mapmri_param-msd_dwimap.nii.gz
  [PROC] sub-134035
sub-134035 ses-1
ses-1: sub-134035_ses-1_acq-1k3k64d_space-ACPC_model-mapmri_param-qiv_dwimap.nii.gz
  [DONE] → sub-134035_ses-1_acq-1k3k64d_space-MNI152NLin2009cAsym_res-02_model-mapmri_param-qiv_dwimap.nii.gz
  [PROC] sub-134035
sub-134035 ses-1
ses-1: sub-134035_ses-1_acq-1k3k64d_space-ACPC_model-mapmri_param-rtap_dwimap.nii.gz
  [DONE] → sub-134035_ses-1_acq-1k3k64d_space-MNI152NLin2009cAsym_res-02_model-mapmri_param-rtap_dwimap.nii.gz
  [PROC] sub-134035
sub-134035 ses-1
ses-1: sub-134035_ses-1_acq-1k3k64d_space-ACPC_model-mapmri_param-rtpp_dwimap.nii.gz
  [DONE] → sub-134035_ses-1_acq-1k3k64d_space-MNI152NLin2009cAsym_res-02_model-mapmri_param-rtpp_dwimap.nii.gz
  [PROC] sub-134035
sub-134035 ses-1
ses-1: sub-134035_ses-1_acq-1k3k64d_space-ACPC_model-mapmri_param-rtop_dwimap.nii.gz
  [DONE] → sub-134035_ses-1_acq-1k3k64d_space-MNI152NLin2009cAsym_res-02_model-mapmri_param-rtop_dwimap.nii.gz
  [PROC] sub-134035
sub-134035 ses-3
ses-3: sub-134035_ses-3_acq-1k3k64d_space-ACPC_model-mapmri_param-lapnorm_dwimap.nii.gz
  [DONE] → sub-134035_ses-3_acq-1k3k64d_space-MNI152NLin2009cAsym_res-02_model-mapmri_param-lapnorm_dwimap.nii.gz
  [PROC] sub-134035
sub-134035 ses-3
ses-3: sub-134035_ses-3_acq-1k3k64d_space-ACPC_model-mapmri_param-mapcoeffs_dwimap.nii.gz
  [DONE] → sub-134035_ses-3_acq-1k3k64d_space-MNI152NLin2009cAsym_res-02_model-mapmri_param-mapcoeffs_dwimap.nii.gz
  [PROC] sub-134035
sub-134035 ses-3
ses-3: sub-134035_ses-3_acq-1k3k64d_space-ACPC_model-mapmri_param-msd_dwimap.nii.gz
  [DONE] → sub-134035_ses-3_acq-1k3k64d_space-MNI152NLin2009cAsym_res-02_model-mapmri_param-msd_dwimap.nii.gz
  [PROC] sub-134035
sub-134035 ses-3
ses-3: sub-134035_ses-3_acq-1k3k64d_space-ACPC_model-mapmri_param-qiv_dwimap.nii.gz
  [DONE] → sub-134035_ses-3_acq-1k3k64d_space-MNI152NLin2009cAsym_res-02_model-mapmri_param-qiv_dwimap.nii.gz
  [PROC] sub-134035
sub-134035 ses-3
ses-3: sub-134035_ses-3_acq-1k3k64d_space-ACPC_model-mapmri_param-rtap_dwimap.nii.gz
  [DONE] → sub-134035_ses-3_acq-1k3k64d_space-MNI152NLin2009cAsym_res-02_model-mapmri_param-rtap_dwimap.nii.gz
  [PROC] sub-134035
sub-134035 ses-3
ses-3: sub-134035_ses-3_acq-1k3k64d_space-ACPC_model-mapmri_param-rtop_dwimap.nii.gz
  [DONE] → sub-134035_ses-3_acq-1k3k64d_space-MNI152NLin2009cAsym_res-02_model-mapmri_param-rtop_dwimap.nii.gz
  [PROC] sub-134035
sub-134035 ses-3
ses-3: sub-134035_ses-3_acq-1k3k64d_space-ACPC_model-mapmri_param-rtpp_dwimap.nii.gz
  [DONE] → sub-134035_ses-3_acq-1k3k64d_space-MNI152NLin2009cAsym_res-02_model-mapmri_param-rtpp_dwimap.nii.gz
  [PROC] sub-134036
sub-134036 ses-1
ses-1: sub-134036_ses-1_acq-1k3k64d_space-ACPC_model-mapmri_param-lapnorm_dwimap.nii.gz
  [DONE] → sub-134036_ses-1_acq-1k3k64d_space-MNI152NLin2009cAsym_res-02_model-mapmri_param-lapnorm_dwimap.nii.gz
  [PROC] sub-134036
sub-134036 ses-1
ses-1: sub-134036_ses-1_acq-1k3k64d_space-ACPC_model-mapmri_param-mapcoeffs_dwimap.nii.gz
  [DONE] → sub-134036_ses-1_acq-1k3k64d_space-MNI152NLin2009cAsym_res-02_model-mapmri_param-mapcoeffs_dwimap.nii.gz
  [PROC] sub-134036
sub-134036 ses-1
ses-1: sub-134036_ses-1_acq-1k3k64d_space-ACPC_model-mapmri_param-msd_dwimap.nii.gz
  [DONE] → sub-134036_ses-1_acq-1k3k64d_space-MNI152NLin2009cAsym_res-02_model-mapmri_param-msd_dwimap.nii.gz
  [PROC] sub-134036
sub-134036 ses-1
ses-1: sub-134036_ses-1_acq-1k3k64d_space-ACPC_model-mapmri_param-qiv_dwimap.nii.gz
  [DONE] → sub-134036_ses-1_acq-1k3k64d_space-MNI152NLin2009cAsym_res-02_model-mapmri_param-qiv_dwimap.nii.gz
  [PROC] sub-134036
sub-134036 ses-1
ses-1: sub-134036_ses-1_acq-1k3k64d_space-ACPC_model-mapmri_param-rtap_dwimap.nii.gz
  [DONE] → sub-134036_ses-1_acq-1k3k64d_space-MNI152NLin2009cAsym_res-02_model-mapmri_param-rtap_dwimap.nii.gz
  [PROC] sub-134036
sub-134036 ses-1
ses-1: sub-134036_ses-1_acq-1k3k64d_space-ACPC_model-mapmri_param-rtop_dwimap.nii.gz
  [DONE] → sub-134036_ses-1_acq-1k3k64d_space-MNI152NLin2009cAsym_res-02_model-mapmri_param-rtop_dwimap.nii.gz
  [PROC] sub-134036
sub-134036 ses-1
ses-1: sub-134036_ses-1_acq-1k3k64d_space-ACPC_model-mapmri_param-rtpp_dwimap.nii.gz
  [DONE] → sub-134036_ses-1_acq-1k3k64d_space-MNI152NLin2009cAsym_res-02_model-mapmri_param-rtpp_dwimap.nii.gz
  [PROC] sub-134036
sub-134036 ses-2
ses-2: sub-134036_ses-2_acq-1k3k64d_space-ACPC_model-mapmri_param-lapnorm_dwimap.nii.gz
  [DONE] → sub-134036_ses-2_acq-1k3k64d_space-MNI152NLin2009cAsym_res-02_model-mapmri_param-lapnorm_dwimap.nii.gz
  [PROC] sub-134036
sub-134036 ses-2
ses-2: sub-134036_ses-2_acq-1k3k64d_space-ACPC_model-mapmri_param-mapcoeffs_dwimap.nii.gz
  [DONE] → sub-134036_ses-2_acq-1k3k64d_space-MNI152NLin2009cAsym_res-02_model-mapmri_param-mapcoeffs_dwimap.nii.gz
  [PROC] sub-134036
sub-134036 ses-2
ses-2: sub-134036_ses-2_acq-1k3k64d_space-ACPC_model-mapmri_param-msd_dwimap.nii.gz
  [DONE] → sub-134036_ses-2_acq-1k3k64d_space-MNI152NLin2009cAsym_res-02_model-mapmri_param-msd_dwimap.nii.gz
  [PROC] sub-134036
sub-134036 ses-2
ses-2: sub-134036_ses-2_acq-1k3k64d_space-ACPC_model-mapmri_param-qiv_dwimap.nii.gz
  [DONE] → sub-134036_ses-2_acq-1k3k64d_space-MNI152NLin2009cAsym_res-02_model-mapmri_param-qiv_dwimap.nii.gz
  [PROC] sub-134036
sub-134036 ses-2
ses-2: sub-134036_ses-2_acq-1k3k64d_space-ACPC_model-mapmri_param-rtap_dwimap.nii.gz
  [DONE] → sub-134036_ses-2_acq-1k3k64d_space-MNI152NLin2009cAsym_res-02_model-mapmri_param-rtap_dwimap.nii.gz
  [PROC] sub-134036
sub-134036 ses-2
ses-2: sub-134036_ses-2_acq-1k3k64d_space-ACPC_model-mapmri_param-rtop_dwimap.nii.gz
  [DONE] → sub-134036_ses-2_acq-1k3k64d_space-MNI152NLin2009cAsym_res-02_model-mapmri_param-rtop_dwimap.nii.gz
  [PROC] sub-134036
sub-134036 ses-2
ses-2: sub-134036_ses-2_acq-1k3k64d_space-ACPC_model-mapmri_param-rtpp_dwimap.nii.gz
  [DONE] → sub-134036_ses-2_acq-1k3k64d_space-MNI152NLin2009cAsym_res-02_model-mapmri_param-rtpp_dwimap.nii.gz
  [PROC] sub-134036
sub-134036 ses-3
ses-3: sub-134036_ses-3_acq-1k3k64d_space-ACPC_model-mapmri_param-lapnorm_dwimap.nii.gz
  [DONE] → sub-134036_ses-3_acq-1k3k64d_space-MNI152NLin2009cAsym_res-02_model-mapmri_param-lapnorm_dwimap.nii.gz
  [PROC] sub-134036
sub-134036 ses-3
ses-3: sub-134036_ses-3_acq-1k3k64d_space-ACPC_model-mapmri_param-mapcoeffs_dwimap.nii.gz
  [DONE] → sub-134036_ses-3_acq-1k3k64d_space-MNI152NLin2009cAsym_res-02_model-mapmri_param-mapcoeffs_dwimap.nii.gz
  [PROC] sub-134036
sub-134036 ses-3
ses-3: sub-134036_ses-3_acq-1k3k64d_space-ACPC_model-mapmri_param-msd_dwimap.nii.gz
  [DONE] → sub-134036_ses-3_acq-1k3k64d_space-MNI152NLin2009cAsym_res-02_model-mapmri_param-msd_dwimap.nii.gz
  [PROC] sub-134036
sub-134036 ses-3
ses-3: sub-134036_ses-3_acq-1k3k64d_space-ACPC_model-mapmri_param-qiv_dwimap.nii.gz
  [DONE] → sub-134036_ses-3_acq-1k3k64d_space-MNI152NLin2009cAsym_res-02_model-mapmri_param-qiv_dwimap.nii.gz
  [PROC] sub-134036
sub-134036 ses-3
ses-3: sub-134036_ses-3_acq-1k3k64d_space-ACPC_model-mapmri_param-rtap_dwimap.nii.gz
  [DONE] → sub-134036_ses-3_acq-1k3k64d_space-MNI152NLin2009cAsym_res-02_model-mapmri_param-rtap_dwimap.nii.gz
  [PROC] sub-134036
sub-134036 ses-3
ses-3: sub-134036_ses-3_acq-1k3k64d_space-ACPC_model-mapmri_param-rtop_dwimap.nii.gz
  [DONE] → sub-134036_ses-3_acq-1k3k64d_space-MNI152NLin2009cAsym_res-02_model-mapmri_param-rtop_dwimap.nii.gz
  [PROC] sub-134036
sub-134036 ses-3
ses-3: sub-134036_ses-3_acq-1k3k64d_space-ACPC_model-mapmri_param-rtpp_dwimap.nii.gz
  [DONE] → sub-134036_ses-3_acq-1k3k64d_space-MNI152NLin2009cAsym_res-02_model-mapmri_param-rtpp_dwimap.nii.gz
  [PROC] sub-134037
sub-134037 ses-1
ses-1: sub-134037_ses-1_acq-1k3k64d_space-ACPC_model-mapmri_param-lapnorm_dwimap.nii.gz
  [DONE] → sub-134037_ses-1_acq-1k3k64d_space-MNI152NLin2009cAsym_res-02_model-mapmri_param-lapnorm_dwimap.nii.gz
  [PROC] sub-134037
sub-134037 ses-1
ses-1: sub-134037_ses-1_acq-1k3k64d_space-ACPC_model-mapmri_param-mapcoeffs_dwimap.nii.gz
  [DONE] → sub-134037_ses-1_acq-1k3k64d_space-MNI152NLin2009cAsym_res-02_model-mapmri_param-mapcoeffs_dwimap.nii.gz
  [PROC] sub-134037
sub-134037 ses-1
ses-1: sub-134037_ses-1_acq-1k3k64d_space-ACPC_model-mapmri_param-msd_dwimap.nii.gz
  [DONE] → sub-134037_ses-1_acq-1k3k64d_space-MNI152NLin2009cAsym_res-02_model-mapmri_param-msd_dwimap.nii.gz
  [PROC] sub-134037
sub-134037 ses-1
ses-1: sub-134037_ses-1_acq-1k3k64d_space-ACPC_model-mapmri_param-qiv_dwimap.nii.gz
  [DONE] → sub-134037_ses-1_acq-1k3k64d_space-MNI152NLin2009cAsym_res-02_model-mapmri_param-qiv_dwimap.nii.gz
  [PROC] sub-134037
sub-134037 ses-1
ses-1: sub-134037_ses-1_acq-1k3k64d_space-ACPC_model-mapmri_param-rtap_dwimap.nii.gz
  [DONE] → sub-134037_ses-1_acq-1k3k64d_space-MNI152NLin2009cAsym_res-02_model-mapmri_param-rtap_dwimap.nii.gz
  [PROC] sub-134037
sub-134037 ses-1
ses-1: sub-134037_ses-1_acq-1k3k64d_space-ACPC_model-mapmri_param-rtop_dwimap.nii.gz
  [DONE] → sub-134037_ses-1_acq-1k3k64d_space-MNI152NLin2009cAsym_res-02_model-mapmri_param-rtop_dwimap.nii.gz
  [PROC] sub-134037
sub-134037 ses-1
ses-1: sub-134037_ses-1_acq-1k3k64d_space-ACPC_model-mapmri_param-rtpp_dwimap.nii.gz
  [DONE] → sub-134037_ses-1_acq-1k3k64d_space-MNI152NLin2009cAsym_res-02_model-mapmri_param-rtpp_dwimap.nii.gz
  [PROC] sub-134037
sub-134037 ses-2
ses-2: sub-134037_ses-2_acq-1k3k64d_space-ACPC_model-mapmri_param-lapnorm_dwimap.nii.gz
  [DONE] → sub-134037_ses-2_acq-1k3k64d_space-MNI152NLin2009cAsym_res-02_model-mapmri_param-lapnorm_dwimap.nii.gz
  [PROC] sub-134037
sub-134037 ses-2
ses-2: sub-134037_ses-2_acq-1k3k64d_space-ACPC_model-mapmri_param-mapcoeffs_dwimap.nii.gz
  [DONE] → sub-134037_ses-2_acq-1k3k64d_space-MNI152NLin2009cAsym_res-02_model-mapmri_param-mapcoeffs_dwimap.nii.gz
  [PROC] sub-134037
sub-134037 ses-2
ses-2: sub-134037_ses-2_acq-1k3k64d_space-ACPC_model-mapmri_param-msd_dwimap.nii.gz
  [DONE] → sub-134037_ses-2_acq-1k3k64d_space-MNI152NLin2009cAsym_res-02_model-mapmri_param-msd_dwimap.nii.gz
  [PROC] sub-134037
sub-134037 ses-2
ses-2: sub-134037_ses-2_acq-1k3k64d_space-ACPC_model-mapmri_param-qiv_dwimap.nii.gz
  [DONE] → sub-134037_ses-2_acq-1k3k64d_space-MNI152NLin2009cAsym_res-02_model-mapmri_param-qiv_dwimap.nii.gz
  [PROC] sub-134037
sub-134037 ses-2
ses-2: sub-134037_ses-2_acq-1k3k64d_space-ACPC_model-mapmri_param-rtop_dwimap.nii.gz
  [DONE] → sub-134037_ses-2_acq-1k3k64d_space-MNI152NLin2009cAsym_res-02_model-mapmri_param-rtop_dwimap.nii.gz
  [PROC] sub-134037
sub-134037 ses-2
ses-2: sub-134037_ses-2_acq-1k3k64d_space-ACPC_model-mapmri_param-rtap_dwimap.nii.gz
  [DONE] → sub-134037_ses-2_acq-1k3k64d_space-MNI152NLin2009cAsym_res-02_model-mapmri_param-rtap_dwimap.nii.gz
  [PROC] sub-134037
sub-134037 ses-2
ses-2: sub-134037_ses-2_acq-1k3k64d_space-ACPC_model-mapmri_param-rtpp_dwimap.nii.gz
  [DONE] → sub-134037_ses-2_acq-1k3k64d_space-MNI152NLin2009cAsym_res-02_model-mapmri_param-rtpp_dwimap.nii.gz
  [PROC] sub-134038
sub-134038 ses-1
ses-1: sub-134038_ses-1_acq-1k3k64d_space-ACPC_model-mapmri_param-lapnorm_dwimap.nii.gz
  [DONE] → sub-134038_ses-1_acq-1k3k64d_space-MNI152NLin2009cAsym_res-02_model-mapmri_param-lapnorm_dwimap.nii.gz
  [PROC] sub-134038
sub-134038 ses-1
ses-1: sub-134038_ses-1_acq-1k3k64d_space-ACPC_model-mapmri_param-mapcoeffs_dwimap.nii.gz
  [DONE] → sub-134038_ses-1_acq-1k3k64d_space-MNI152NLin2009cAsym_res-02_model-mapmri_param-mapcoeffs_dwimap.nii.gz
  [PROC] sub-134038
sub-134038 ses-1
ses-1: sub-134038_ses-1_acq-1k3k64d_space-ACPC_model-mapmri_param-msd_dwimap.nii.gz
  [DONE] → sub-134038_ses-1_acq-1k3k64d_space-MNI152NLin2009cAsym_res-02_model-mapmri_param-msd_dwimap.nii.gz
  [PROC] sub-134038
sub-134038 ses-1
ses-1: sub-134038_ses-1_acq-1k3k64d_space-ACPC_model-mapmri_param-qiv_dwimap.nii.gz
  [DONE] → sub-134038_ses-1_acq-1k3k64d_space-MNI152NLin2009cAsym_res-02_model-mapmri_param-qiv_dwimap.nii.gz
  [PROC] sub-134038
sub-134038 ses-1
ses-1: sub-134038_ses-1_acq-1k3k64d_space-ACPC_model-mapmri_param-rtap_dwimap.nii.gz
  [DONE] → sub-134038_ses-1_acq-1k3k64d_space-MNI152NLin2009cAsym_res-02_model-mapmri_param-rtap_dwimap.nii.gz
  [PROC] sub-134038
sub-134038 ses-1
ses-1: sub-134038_ses-1_acq-1k3k64d_space-ACPC_model-mapmri_param-rtop_dwimap.nii.gz
  [DONE] → sub-134038_ses-1_acq-1k3k64d_space-MNI152NLin2009cAsym_res-02_model-mapmri_param-rtop_dwimap.nii.gz
  [PROC] sub-134038
sub-134038 ses-1
ses-1: sub-134038_ses-1_acq-1k3k64d_space-ACPC_model-mapmri_param-rtpp_dwimap.nii.gz
  [DONE] → sub-134038_ses-1_acq-1k3k64d_space-MNI152NLin2009cAsym_res-02_model-mapmri_param-rtpp_dwimap.nii.gz
  [PROC] sub-134038
sub-134038 ses-2
ses-2: sub-134038_ses-2_acq-1k3k64d_space-ACPC_model-mapmri_param-lapnorm_dwimap.nii.gz
  [DONE] → sub-134038_ses-2_acq-1k3k64d_space-MNI152NLin2009cAsym_res-02_model-mapmri_param-lapnorm_dwimap.nii.gz
  [PROC] sub-134038
sub-134038 ses-2
ses-2: sub-134038_ses-2_acq-1k3k64d_space-ACPC_model-mapmri_param-mapcoeffs_dwimap.nii.gz
  [DONE] → sub-134038_ses-2_acq-1k3k64d_space-MNI152NLin2009cAsym_res-02_model-mapmri_param-mapcoeffs_dwimap.nii.gz
  [PROC] sub-134038
sub-134038 ses-2
ses-2: sub-134038_ses-2_acq-1k3k64d_space-ACPC_model-mapmri_param-qiv_dwimap.nii.gz
  [DONE] → sub-134038_ses-2_acq-1k3k64d_space-MNI152NLin2009cAsym_res-02_model-mapmri_param-qiv_dwimap.nii.gz
  [PROC] sub-134038
sub-134038 ses-2
ses-2: sub-134038_ses-2_acq-1k3k64d_space-ACPC_model-mapmri_param-msd_dwimap.nii.gz
  [DONE] → sub-134038_ses-2_acq-1k3k64d_space-MNI152NLin2009cAsym_res-02_model-mapmri_param-msd_dwimap.nii.gz
  [PROC] sub-134038
sub-134038 ses-2
ses-2: sub-134038_ses-2_acq-1k3k64d_space-ACPC_model-mapmri_param-rtap_dwimap.nii.gz
  [DONE] → sub-134038_ses-2_acq-1k3k64d_space-MNI152NLin2009cAsym_res-02_model-mapmri_param-rtap_dwimap.nii.gz
  [PROC] sub-134038
sub-134038 ses-2
ses-2: sub-134038_ses-2_acq-1k3k64d_space-ACPC_model-mapmri_param-rtop_dwimap.nii.gz
  [DONE] → sub-134038_ses-2_acq-1k3k64d_space-MNI152NLin2009cAsym_res-02_model-mapmri_param-rtop_dwimap.nii.gz
  [PROC] sub-134038
sub-134038 ses-2
ses-2: sub-134038_ses-2_acq-1k3k64d_space-ACPC_model-mapmri_param-rtpp_dwimap.nii.gz
  [DONE] → sub-134038_ses-2_acq-1k3k64d_space-MNI152NLin2009cAsym_res-02_model-mapmri_param-rtpp_dwimap.nii.gz
  [PROC] sub-134038
sub-134038 ses-3
ses-3: sub-134038_ses-3_acq-1k3k64d_space-ACPC_model-mapmri_param-lapnorm_dwimap.nii.gz
  [DONE] → sub-134038_ses-3_acq-1k3k64d_space-MNI152NLin2009cAsym_res-02_model-mapmri_param-lapnorm_dwimap.nii.gz
  [PROC] sub-134038
sub-134038 ses-3
ses-3: sub-134038_ses-3_acq-1k3k64d_space-ACPC_model-mapmri_param-mapcoeffs_dwimap.nii.gz
  [DONE] → sub-134038_ses-3_acq-1k3k64d_space-MNI152NLin2009cAsym_res-02_model-mapmri_param-mapcoeffs_dwimap.nii.gz
  [PROC] sub-134038
sub-134038 ses-3
ses-3: sub-134038_ses-3_acq-1k3k64d_space-ACPC_model-mapmri_param-msd_dwimap.nii.gz
  [DONE] → sub-134038_ses-3_acq-1k3k64d_space-MNI152NLin2009cAsym_res-02_model-mapmri_param-msd_dwimap.nii.gz
  [PROC] sub-134038
sub-134038 ses-3
ses-3: sub-134038_ses-3_acq-1k3k64d_space-ACPC_model-mapmri_param-rtap_dwimap.nii.gz
  [DONE] → sub-134038_ses-3_acq-1k3k64d_space-MNI152NLin2009cAsym_res-02_model-mapmri_param-rtap_dwimap.nii.gz
  [PROC] sub-134038
sub-134038 ses-3
ses-3: sub-134038_ses-3_acq-1k3k64d_space-ACPC_model-mapmri_param-qiv_dwimap.nii.gz
  [DONE] → sub-134038_ses-3_acq-1k3k64d_space-MNI152NLin2009cAsym_res-02_model-mapmri_param-qiv_dwimap.nii.gz
  [PROC] sub-134038
sub-134038 ses-3
ses-3: sub-134038_ses-3_acq-1k3k64d_space-ACPC_model-mapmri_param-rtop_dwimap.nii.gz
  [DONE] → sub-134038_ses-3_acq-1k3k64d_space-MNI152NLin2009cAsym_res-02_model-mapmri_param-rtop_dwimap.nii.gz
  [PROC] sub-134038
sub-134038 ses-3
ses-3: sub-134038_ses-3_acq-1k3k64d_space-ACPC_model-mapmri_param-rtpp_dwimap.nii.gz
  [DONE] → sub-134038_ses-3_acq-1k3k64d_space-MNI152NLin2009cAsym_res-02_model-mapmri_param-rtpp_dwimap.nii.gz
  [PROC] sub-134039
sub-134039 ses-1
ses-1: sub-134039_ses-1_acq-1k3k64d_space-ACPC_model-mapmri_param-lapnorm_dwimap.nii.gz
  [DONE] → sub-134039_ses-1_acq-1k3k64d_space-MNI152NLin2009cAsym_res-02_model-mapmri_param-lapnorm_dwimap.nii.gz
  [PROC] sub-134039
sub-134039 ses-1
ses-1: sub-134039_ses-1_acq-1k3k64d_space-ACPC_model-mapmri_param-mapcoeffs_dwimap.nii.gz
  [DONE] → sub-134039_ses-1_acq-1k3k64d_space-MNI152NLin2009cAsym_res-02_model-mapmri_param-mapcoeffs_dwimap.nii.gz
  [PROC] sub-134039
sub-134039 ses-1
ses-1: sub-134039_ses-1_acq-1k3k64d_space-ACPC_model-mapmri_param-msd_dwimap.nii.gz
  [DONE] → sub-134039_ses-1_acq-1k3k64d_space-MNI152NLin2009cAsym_res-02_model-mapmri_param-msd_dwimap.nii.gz
  [PROC] sub-134039
sub-134039 ses-1
ses-1: sub-134039_ses-1_acq-1k3k64d_space-ACPC_model-mapmri_param-qiv_dwimap.nii.gz
  [DONE] → sub-134039_ses-1_acq-1k3k64d_space-MNI152NLin2009cAsym_res-02_model-mapmri_param-qiv_dwimap.nii.gz
  [PROC] sub-134039
sub-134039 ses-1
ses-1: sub-134039_ses-1_acq-1k3k64d_space-ACPC_model-mapmri_param-rtap_dwimap.nii.gz
  [DONE] → sub-134039_ses-1_acq-1k3k64d_space-MNI152NLin2009cAsym_res-02_model-mapmri_param-rtap_dwimap.nii.gz
  [PROC] sub-134039
sub-134039 ses-1
ses-1: sub-134039_ses-1_acq-1k3k64d_space-ACPC_model-mapmri_param-rtop_dwimap.nii.gz
  [DONE] → sub-134039_ses-1_acq-1k3k64d_space-MNI152NLin2009cAsym_res-02_model-mapmri_param-rtop_dwimap.nii.gz
  [PROC] sub-134039
sub-134039 ses-1
ses-1: sub-134039_ses-1_acq-1k3k64d_space-ACPC_model-mapmri_param-rtpp_dwimap.nii.gz
  [DONE] → sub-134039_ses-1_acq-1k3k64d_space-MNI152NLin2009cAsym_res-02_model-mapmri_param-rtpp_dwimap.nii.gz
  [PROC] sub-134039
sub-134039 ses-2
ses-2: sub-134039_ses-2_acq-1k3k64d_space-ACPC_model-mapmri_param-lapnorm_dwimap.nii.gz
  [DONE] → sub-134039_ses-2_acq-1k3k64d_space-MNI152NLin2009cAsym_res-02_model-mapmri_param-lapnorm_dwimap.nii.gz
  [PROC] sub-134039
sub-134039 ses-2
ses-2: sub-134039_ses-2_acq-1k3k64d_space-ACPC_model-mapmri_param-mapcoeffs_dwimap.nii.gz
  [DONE] → sub-134039_ses-2_acq-1k3k64d_space-MNI152NLin2009cAsym_res-02_model-mapmri_param-mapcoeffs_dwimap.nii.gz
  [PROC] sub-134039
sub-134039 ses-2
ses-2: sub-134039_ses-2_acq-1k3k64d_space-ACPC_model-mapmri_param-msd_dwimap.nii.gz
  [DONE] → sub-134039_ses-2_acq-1k3k64d_space-MNI152NLin2009cAsym_res-02_model-mapmri_param-msd_dwimap.nii.gz
  [PROC] sub-134039
sub-134039 ses-2
ses-2: sub-134039_ses-2_acq-1k3k64d_space-ACPC_model-mapmri_param-rtap_dwimap.nii.gz
  [DONE] → sub-134039_ses-2_acq-1k3k64d_space-MNI152NLin2009cAsym_res-02_model-mapmri_param-rtap_dwimap.nii.gz
  [PROC] sub-134039
sub-134039 ses-2
ses-2: sub-134039_ses-2_acq-1k3k64d_space-ACPC_model-mapmri_param-qiv_dwimap.nii.gz
  [DONE] → sub-134039_ses-2_acq-1k3k64d_space-MNI152NLin2009cAsym_res-02_model-mapmri_param-qiv_dwimap.nii.gz
  [PROC] sub-134039
sub-134039 ses-2
ses-2: sub-134039_ses-2_acq-1k3k64d_space-ACPC_model-mapmri_param-rtpp_dwimap.nii.gz
  [DONE] → sub-134039_ses-2_acq-1k3k64d_space-MNI152NLin2009cAsym_res-02_model-mapmri_param-rtpp_dwimap.nii.gz
  [PROC] sub-134039
sub-134039 ses-2
ses-2: sub-134039_ses-2_acq-1k3k64d_space-ACPC_model-mapmri_param-rtop_dwimap.nii.gz
  [DONE] → sub-134039_ses-2_acq-1k3k64d_space-MNI152NLin2009cAsym_res-02_model-mapmri_param-rtop_dwimap.nii.gz
  [PROC] sub-134039
sub-134039 ses-3
ses-3: sub-134039_ses-3_acq-1k3k64d_space-ACPC_model-mapmri_param-lapnorm_dwimap.nii.gz
  [DONE] → sub-134039_ses-3_acq-1k3k64d_space-MNI152NLin2009cAsym_res-02_model-mapmri_param-lapnorm_dwimap.nii.gz
  [PROC] sub-134039
sub-134039 ses-3
ses-3: sub-134039_ses-3_acq-1k3k64d_space-ACPC_model-mapmri_param-mapcoeffs_dwimap.nii.gz
  [DONE] → sub-134039_ses-3_acq-1k3k64d_space-MNI152NLin2009cAsym_res-02_model-mapmri_param-mapcoeffs_dwimap.nii.gz
  [PROC] sub-134039
sub-134039 ses-3
ses-3: sub-134039_ses-3_acq-1k3k64d_space-ACPC_model-mapmri_param-msd_dwimap.nii.gz
  [DONE] → sub-134039_ses-3_acq-1k3k64d_space-MNI152NLin2009cAsym_res-02_model-mapmri_param-msd_dwimap.nii.gz
  [PROC] sub-134039
sub-134039 ses-3
ses-3: sub-134039_ses-3_acq-1k3k64d_space-ACPC_model-mapmri_param-qiv_dwimap.nii.gz
  [DONE] → sub-134039_ses-3_acq-1k3k64d_space-MNI152NLin2009cAsym_res-02_model-mapmri_param-qiv_dwimap.nii.gz
  [PROC] sub-134039
sub-134039 ses-3
ses-3: sub-134039_ses-3_acq-1k3k64d_space-ACPC_model-mapmri_param-rtap_dwimap.nii.gz
  [DONE] → sub-134039_ses-3_acq-1k3k64d_space-MNI152NLin2009cAsym_res-02_model-mapmri_param-rtap_dwimap.nii.gz
  [PROC] sub-134039
sub-134039 ses-3
ses-3: sub-134039_ses-3_acq-1k3k64d_space-ACPC_model-mapmri_param-rtop_dwimap.nii.gz
  [DONE] → sub-134039_ses-3_acq-1k3k64d_space-MNI152NLin2009cAsym_res-02_model-mapmri_param-rtop_dwimap.nii.gz
  [PROC] sub-134039
sub-134039 ses-3
ses-3: sub-134039_ses-3_acq-1k3k64d_space-ACPC_model-mapmri_param-rtpp_dwimap.nii.gz
  [DONE] → sub-134039_ses-3_acq-1k3k64d_space-MNI152NLin2009cAsym_res-02_model-mapmri_param-rtpp_dwimap.nii.gz
  [PROC] sub-134040
sub-134040 ses-1
ses-1: sub-134040_ses-1_acq-1k3k64d_space-ACPC_model-mapmri_param-lapnorm_dwimap.nii.gz
  [DONE] → sub-134040_ses-1_acq-1k3k64d_space-MNI152NLin2009cAsym_res-02_model-mapmri_param-lapnorm_dwimap.nii.gz
  [PROC] sub-134040
sub-134040 ses-1
ses-1: sub-134040_ses-1_acq-1k3k64d_space-ACPC_model-mapmri_param-mapcoeffs_dwimap.nii.gz
  [DONE] → sub-134040_ses-1_acq-1k3k64d_space-MNI152NLin2009cAsym_res-02_model-mapmri_param-mapcoeffs_dwimap.nii.gz
  [PROC] sub-134040
sub-134040 ses-1
ses-1: sub-134040_ses-1_acq-1k3k64d_space-ACPC_model-mapmri_param-msd_dwimap.nii.gz
  [DONE] → sub-134040_ses-1_acq-1k3k64d_space-MNI152NLin2009cAsym_res-02_model-mapmri_param-msd_dwimap.nii.gz
  [PROC] sub-134040
sub-134040 ses-1
ses-1: sub-134040_ses-1_acq-1k3k64d_space-ACPC_model-mapmri_param-qiv_dwimap.nii.gz
  [DONE] → sub-134040_ses-1_acq-1k3k64d_space-MNI152NLin2009cAsym_res-02_model-mapmri_param-qiv_dwimap.nii.gz
  [PROC] sub-134040
sub-134040 ses-1
ses-1: sub-134040_ses-1_acq-1k3k64d_space-ACPC_model-mapmri_param-rtap_dwimap.nii.gz
  [DONE] → sub-134040_ses-1_acq-1k3k64d_space-MNI152NLin2009cAsym_res-02_model-mapmri_param-rtap_dwimap.nii.gz
  [PROC] sub-134040
sub-134040 ses-1
ses-1: sub-134040_ses-1_acq-1k3k64d_space-ACPC_model-mapmri_param-rtop_dwimap.nii.gz
  [DONE] → sub-134040_ses-1_acq-1k3k64d_space-MNI152NLin2009cAsym_res-02_model-mapmri_param-rtop_dwimap.nii.gz
  [PROC] sub-134040
sub-134040 ses-1
ses-1: sub-134040_ses-1_acq-1k3k64d_space-ACPC_model-mapmri_param-rtpp_dwimap.nii.gz
  [DONE] → sub-134040_ses-1_acq-1k3k64d_space-MNI152NLin2009cAsym_res-02_model-mapmri_param-rtpp_dwimap.nii.gz
  [PROC] sub-134040
sub-134040 ses-2
ses-2: sub-134040_ses-2_acq-1k3k64d_space-ACPC_model-mapmri_param-lapnorm_dwimap.nii.gz
  [DONE] → sub-134040_ses-2_acq-1k3k64d_space-MNI152NLin2009cAsym_res-02_model-mapmri_param-lapnorm_dwimap.nii.gz
  [PROC] sub-134040
sub-134040 ses-2
ses-2: sub-134040_ses-2_acq-1k3k64d_space-ACPC_model-mapmri_param-mapcoeffs_dwimap.nii.gz
  [DONE] → sub-134040_ses-2_acq-1k3k64d_space-MNI152NLin2009cAsym_res-02_model-mapmri_param-mapcoeffs_dwimap.nii.gz
  [PROC] sub-134040
sub-134040 ses-2
ses-2: sub-134040_ses-2_acq-1k3k64d_space-ACPC_model-mapmri_param-msd_dwimap.nii.gz
  [DONE] → sub-134040_ses-2_acq-1k3k64d_space-MNI152NLin2009cAsym_res-02_model-mapmri_param-msd_dwimap.nii.gz
  [PROC] sub-134040
sub-134040 ses-2
ses-2: sub-134040_ses-2_acq-1k3k64d_space-ACPC_model-mapmri_param-qiv_dwimap.nii.gz
  [DONE] → sub-134040_ses-2_acq-1k3k64d_space-MNI152NLin2009cAsym_res-02_model-mapmri_param-qiv_dwimap.nii.gz
  [PROC] sub-134040
sub-134040 ses-2
ses-2: sub-134040_ses-2_acq-1k3k64d_space-ACPC_model-mapmri_param-rtap_dwimap.nii.gz
  [DONE] → sub-134040_ses-2_acq-1k3k64d_space-MNI152NLin2009cAsym_res-02_model-mapmri_param-rtap_dwimap.nii.gz
  [PROC] sub-134040
sub-134040 ses-2
ses-2: sub-134040_ses-2_acq-1k3k64d_space-ACPC_model-mapmri_param-rtop_dwimap.nii.gz
  [DONE] → sub-134040_ses-2_acq-1k3k64d_space-MNI152NLin2009cAsym_res-02_model-mapmri_param-rtop_dwimap.nii.gz
  [PROC] sub-134040
sub-134040 ses-2
ses-2: sub-134040_ses-2_acq-1k3k64d_space-ACPC_model-mapmri_param-rtpp_dwimap.nii.gz
  [DONE] → sub-134040_ses-2_acq-1k3k64d_space-MNI152NLin2009cAsym_res-02_model-mapmri_param-rtpp_dwimap.nii.gz
  [PROC] sub-134040
sub-134040 ses-3
ses-3: sub-134040_ses-3_acq-1k3k64d_space-ACPC_model-mapmri_param-lapnorm_dwimap.nii.gz
  [DONE] → sub-134040_ses-3_acq-1k3k64d_space-MNI152NLin2009cAsym_res-02_model-mapmri_param-lapnorm_dwimap.nii.gz
  [PROC] sub-134040
sub-134040 ses-3
ses-3: sub-134040_ses-3_acq-1k3k64d_space-ACPC_model-mapmri_param-mapcoeffs_dwimap.nii.gz
  [DONE] → sub-134040_ses-3_acq-1k3k64d_space-MNI152NLin2009cAsym_res-02_model-mapmri_param-mapcoeffs_dwimap.nii.gz
  [PROC] sub-134040
sub-134040 ses-3
ses-3: sub-134040_ses-3_acq-1k3k64d_space-ACPC_model-mapmri_param-msd_dwimap.nii.gz
  [DONE] → sub-134040_ses-3_acq-1k3k64d_space-MNI152NLin2009cAsym_res-02_model-mapmri_param-msd_dwimap.nii.gz
  [PROC] sub-134040
sub-134040 ses-3
ses-3: sub-134040_ses-3_acq-1k3k64d_space-ACPC_model-mapmri_param-qiv_dwimap.nii.gz
  [DONE] → sub-134040_ses-3_acq-1k3k64d_space-MNI152NLin2009cAsym_res-02_model-mapmri_param-qiv_dwimap.nii.gz
  [PROC] sub-134040
sub-134040 ses-3
ses-3: sub-134040_ses-3_acq-1k3k64d_space-ACPC_model-mapmri_param-rtap_dwimap.nii.gz
  [DONE] → sub-134040_ses-3_acq-1k3k64d_space-MNI152NLin2009cAsym_res-02_model-mapmri_param-rtap_dwimap.nii.gz
  [PROC] sub-134040
sub-134040 ses-3
ses-3: sub-134040_ses-3_acq-1k3k64d_space-ACPC_model-mapmri_param-rtop_dwimap.nii.gz
  [DONE] → sub-134040_ses-3_acq-1k3k64d_space-MNI152NLin2009cAsym_res-02_model-mapmri_param-rtop_dwimap.nii.gz
  [PROC] sub-134040
sub-134040 ses-3
ses-3: sub-134040_ses-3_acq-1k3k64d_space-ACPC_model-mapmri_param-rtpp_dwimap.nii.gz
  [DONE] → sub-134040_ses-3_acq-1k3k64d_space-MNI152NLin2009cAsym_res-02_model-mapmri_param-rtpp_dwimap.nii.gz
  [PROC] sub-134041
sub-134041 ses-1
ses-1: sub-134041_ses-1_acq-1k3k64d_space-ACPC_model-mapmri_param-lapnorm_dwimap.nii.gz
  [DONE] → sub-134041_ses-1_acq-1k3k64d_space-MNI152NLin2009cAsym_res-02_model-mapmri_param-lapnorm_dwimap.nii.gz
  [PROC] sub-134041
sub-134041 ses-1
ses-1: sub-134041_ses-1_acq-1k3k64d_space-ACPC_model-mapmri_param-mapcoeffs_dwimap.nii.gz
  [DONE] → sub-134041_ses-1_acq-1k3k64d_space-MNI152NLin2009cAsym_res-02_model-mapmri_param-mapcoeffs_dwimap.nii.gz
  [PROC] sub-134041
sub-134041 ses-1
ses-1: sub-134041_ses-1_acq-1k3k64d_space-ACPC_model-mapmri_param-msd_dwimap.nii.gz
  [DONE] → sub-134041_ses-1_acq-1k3k64d_space-MNI152NLin2009cAsym_res-02_model-mapmri_param-msd_dwimap.nii.gz
  [PROC] sub-134041
sub-134041 ses-1
ses-1: sub-134041_ses-1_acq-1k3k64d_space-ACPC_model-mapmri_param-qiv_dwimap.nii.gz
  [DONE] → sub-134041_ses-1_acq-1k3k64d_space-MNI152NLin2009cAsym_res-02_model-mapmri_param-qiv_dwimap.nii.gz
  [PROC] sub-134041
sub-134041 ses-1
ses-1: sub-134041_ses-1_acq-1k3k64d_space-ACPC_model-mapmri_param-rtap_dwimap.nii.gz
  [DONE] → sub-134041_ses-1_acq-1k3k64d_space-MNI152NLin2009cAsym_res-02_model-mapmri_param-rtap_dwimap.nii.gz
  [PROC] sub-134041
sub-134041 ses-1
ses-1: sub-134041_ses-1_acq-1k3k64d_space-ACPC_model-mapmri_param-rtop_dwimap.nii.gz
  [DONE] → sub-134041_ses-1_acq-1k3k64d_space-MNI152NLin2009cAsym_res-02_model-mapmri_param-rtop_dwimap.nii.gz
  [PROC] sub-134041
sub-134041 ses-1
ses-1: sub-134041_ses-1_acq-1k3k64d_space-ACPC_model-mapmri_param-rtpp_dwimap.nii.gz
  [DONE] → sub-134041_ses-1_acq-1k3k64d_space-MNI152NLin2009cAsym_res-02_model-mapmri_param-rtpp_dwimap.nii.gz
  [PROC] sub-134041
sub-134041 ses-2
ses-2: sub-134041_ses-2_acq-1k3k64d_space-ACPC_model-mapmri_param-lapnorm_dwimap.nii.gz
  [DONE] → sub-134041_ses-2_acq-1k3k64d_space-MNI152NLin2009cAsym_res-02_model-mapmri_param-lapnorm_dwimap.nii.gz
  [PROC] sub-134041
sub-134041 ses-2
ses-2: sub-134041_ses-2_acq-1k3k64d_space-ACPC_model-mapmri_param-mapcoeffs_dwimap.nii.gz
  [DONE] → sub-134041_ses-2_acq-1k3k64d_space-MNI152NLin2009cAsym_res-02_model-mapmri_param-mapcoeffs_dwimap.nii.gz
  [PROC] sub-134041
sub-134041 ses-2
ses-2: sub-134041_ses-2_acq-1k3k64d_space-ACPC_model-mapmri_param-msd_dwimap.nii.gz
  [DONE] → sub-134041_ses-2_acq-1k3k64d_space-MNI152NLin2009cAsym_res-02_model-mapmri_param-msd_dwimap.nii.gz
  [PROC] sub-134041
sub-134041 ses-2
ses-2: sub-134041_ses-2_acq-1k3k64d_space-ACPC_model-mapmri_param-qiv_dwimap.nii.gz
  [DONE] → sub-134041_ses-2_acq-1k3k64d_space-MNI152NLin2009cAsym_res-02_model-mapmri_param-qiv_dwimap.nii.gz
  [PROC] sub-134041
sub-134041 ses-2
ses-2: sub-134041_ses-2_acq-1k3k64d_space-ACPC_model-mapmri_param-rtap_dwimap.nii.gz
  [DONE] → sub-134041_ses-2_acq-1k3k64d_space-MNI152NLin2009cAsym_res-02_model-mapmri_param-rtap_dwimap.nii.gz
  [PROC] sub-134041
sub-134041 ses-2
ses-2: sub-134041_ses-2_acq-1k3k64d_space-ACPC_model-mapmri_param-rtop_dwimap.nii.gz
  [DONE] → sub-134041_ses-2_acq-1k3k64d_space-MNI152NLin2009cAsym_res-02_model-mapmri_param-rtop_dwimap.nii.gz
  [PROC] sub-134041
sub-134041 ses-2
ses-2: sub-134041_ses-2_acq-1k3k64d_space-ACPC_model-mapmri_param-rtpp_dwimap.nii.gz
  [DONE] → sub-134041_ses-2_acq-1k3k64d_space-MNI152NLin2009cAsym_res-02_model-mapmri_param-rtpp_dwimap.nii.gz
  [PROC] sub-134041
sub-134041 ses-3
ses-3: sub-134041_ses-3_acq-1k3k64d_space-ACPC_model-mapmri_param-lapnorm_dwimap.nii.gz
  [DONE] → sub-134041_ses-3_acq-1k3k64d_space-MNI152NLin2009cAsym_res-02_model-mapmri_param-lapnorm_dwimap.nii.gz
  [PROC] sub-134041
sub-134041 ses-3
ses-3: sub-134041_ses-3_acq-1k3k64d_space-ACPC_model-mapmri_param-mapcoeffs_dwimap.nii.gz
  [DONE] → sub-134041_ses-3_acq-1k3k64d_space-MNI152NLin2009cAsym_res-02_model-mapmri_param-mapcoeffs_dwimap.nii.gz
  [PROC] sub-134041
sub-134041 ses-3
ses-3: sub-134041_ses-3_acq-1k3k64d_space-ACPC_model-mapmri_param-msd_dwimap.nii.gz
  [DONE] → sub-134041_ses-3_acq-1k3k64d_space-MNI152NLin2009cAsym_res-02_model-mapmri_param-msd_dwimap.nii.gz
  [PROC] sub-134041
sub-134041 ses-3
ses-3: sub-134041_ses-3_acq-1k3k64d_space-ACPC_model-mapmri_param-qiv_dwimap.nii.gz
  [DONE] → sub-134041_ses-3_acq-1k3k64d_space-MNI152NLin2009cAsym_res-02_model-mapmri_param-qiv_dwimap.nii.gz
  [PROC] sub-134041
sub-134041 ses-3
ses-3: sub-134041_ses-3_acq-1k3k64d_space-ACPC_model-mapmri_param-rtap_dwimap.nii.gz
  [DONE] → sub-134041_ses-3_acq-1k3k64d_space-MNI152NLin2009cAsym_res-02_model-mapmri_param-rtap_dwimap.nii.gz
  [PROC] sub-134041
sub-134041 ses-3
ses-3: sub-134041_ses-3_acq-1k3k64d_space-ACPC_model-mapmri_param-rtop_dwimap.nii.gz
  [DONE] → sub-134041_ses-3_acq-1k3k64d_space-MNI152NLin2009cAsym_res-02_model-mapmri_param-rtop_dwimap.nii.gz
  [PROC] sub-134041
sub-134041 ses-3
ses-3: sub-134041_ses-3_acq-1k3k64d_space-ACPC_model-mapmri_param-rtpp_dwimap.nii.gz
  [DONE] → sub-134041_ses-3_acq-1k3k64d_space-MNI152NLin2009cAsym_res-02_model-mapmri_param-rtpp_dwimap.nii.gz
  [PROC] sub-134042
sub-134042 ses-1
ses-1: sub-134042_ses-1_acq-1k3k64d_space-ACPC_model-mapmri_param-lapnorm_dwimap.nii.gz
  [DONE] → sub-134042_ses-1_acq-1k3k64d_space-MNI152NLin2009cAsym_res-02_model-mapmri_param-lapnorm_dwimap.nii.gz
  [PROC] sub-134042
sub-134042 ses-1
ses-1: sub-134042_ses-1_acq-1k3k64d_space-ACPC_model-mapmri_param-mapcoeffs_dwimap.nii.gz
  [DONE] → sub-134042_ses-1_acq-1k3k64d_space-MNI152NLin2009cAsym_res-02_model-mapmri_param-mapcoeffs_dwimap.nii.gz
  [PROC] sub-134042
sub-134042 ses-1
ses-1: sub-134042_ses-1_acq-1k3k64d_space-ACPC_model-mapmri_param-msd_dwimap.nii.gz
  [DONE] → sub-134042_ses-1_acq-1k3k64d_space-MNI152NLin2009cAsym_res-02_model-mapmri_param-msd_dwimap.nii.gz
  [PROC] sub-134042
sub-134042 ses-1
ses-1: sub-134042_ses-1_acq-1k3k64d_space-ACPC_model-mapmri_param-qiv_dwimap.nii.gz
  [DONE] → sub-134042_ses-1_acq-1k3k64d_space-MNI152NLin2009cAsym_res-02_model-mapmri_param-qiv_dwimap.nii.gz
  [PROC] sub-134042
sub-134042 ses-1
ses-1: sub-134042_ses-1_acq-1k3k64d_space-ACPC_model-mapmri_param-rtap_dwimap.nii.gz
  [DONE] → sub-134042_ses-1_acq-1k3k64d_space-MNI152NLin2009cAsym_res-02_model-mapmri_param-rtap_dwimap.nii.gz
  [PROC] sub-134042
sub-134042 ses-1
ses-1: sub-134042_ses-1_acq-1k3k64d_space-ACPC_model-mapmri_param-rtop_dwimap.nii.gz
  [DONE] → sub-134042_ses-1_acq-1k3k64d_space-MNI152NLin2009cAsym_res-02_model-mapmri_param-rtop_dwimap.nii.gz
  [PROC] sub-134042
sub-134042 ses-1
ses-1: sub-134042_ses-1_acq-1k3k64d_space-ACPC_model-mapmri_param-rtpp_dwimap.nii.gz
  [DONE] → sub-134042_ses-1_acq-1k3k64d_space-MNI152NLin2009cAsym_res-02_model-mapmri_param-rtpp_dwimap.nii.gz
  [PROC] sub-134042
sub-134042 ses-2
ses-2: sub-134042_ses-2_acq-1k3k64d_space-ACPC_model-mapmri_param-lapnorm_dwimap.nii.gz
  [DONE] → sub-134042_ses-2_acq-1k3k64d_space-MNI152NLin2009cAsym_res-02_model-mapmri_param-lapnorm_dwimap.nii.gz
  [PROC] sub-134042
sub-134042 ses-2
ses-2: sub-134042_ses-2_acq-1k3k64d_space-ACPC_model-mapmri_param-mapcoeffs_dwimap.nii.gz
  [DONE] → sub-134042_ses-2_acq-1k3k64d_space-MNI152NLin2009cAsym_res-02_model-mapmri_param-mapcoeffs_dwimap.nii.gz
  [PROC] sub-134042
sub-134042 ses-2
ses-2: sub-134042_ses-2_acq-1k3k64d_space-ACPC_model-mapmri_param-msd_dwimap.nii.gz
  [DONE] → sub-134042_ses-2_acq-1k3k64d_space-MNI152NLin2009cAsym_res-02_model-mapmri_param-msd_dwimap.nii.gz
  [PROC] sub-134042
sub-134042 ses-2
ses-2: sub-134042_ses-2_acq-1k3k64d_space-ACPC_model-mapmri_param-qiv_dwimap.nii.gz
  [DONE] → sub-134042_ses-2_acq-1k3k64d_space-MNI152NLin2009cAsym_res-02_model-mapmri_param-qiv_dwimap.nii.gz
  [PROC] sub-134042
sub-134042 ses-2
ses-2: sub-134042_ses-2_acq-1k3k64d_space-ACPC_model-mapmri_param-rtap_dwimap.nii.gz
  [DONE] → sub-134042_ses-2_acq-1k3k64d_space-MNI152NLin2009cAsym_res-02_model-mapmri_param-rtap_dwimap.nii.gz
  [PROC] sub-134042
sub-134042 ses-2
ses-2: sub-134042_ses-2_acq-1k3k64d_space-ACPC_model-mapmri_param-rtop_dwimap.nii.gz
  [DONE] → sub-134042_ses-2_acq-1k3k64d_space-MNI152NLin2009cAsym_res-02_model-mapmri_param-rtop_dwimap.nii.gz
  [PROC] sub-134042
sub-134042 ses-2
ses-2: sub-134042_ses-2_acq-1k3k64d_space-ACPC_model-mapmri_param-rtpp_dwimap.nii.gz
  [DONE] → sub-134042_ses-2_acq-1k3k64d_space-MNI152NLin2009cAsym_res-02_model-mapmri_param-rtpp_dwimap.nii.gz
  [PROC] sub-134042
sub-134042 ses-3
ses-3: sub-134042_ses-3_acq-1k3k64d_space-ACPC_model-mapmri_param-lapnorm_dwimap.nii.gz
  [DONE] → sub-134042_ses-3_acq-1k3k64d_space-MNI152NLin2009cAsym_res-02_model-mapmri_param-lapnorm_dwimap.nii.gz
  [PROC] sub-134042
sub-134042 ses-3
ses-3: sub-134042_ses-3_acq-1k3k64d_space-ACPC_model-mapmri_param-mapcoeffs_dwimap.nii.gz
  [DONE] → sub-134042_ses-3_acq-1k3k64d_space-MNI152NLin2009cAsym_res-02_model-mapmri_param-mapcoeffs_dwimap.nii.gz
  [PROC] sub-134042
sub-134042 ses-3
ses-3: sub-134042_ses-3_acq-1k3k64d_space-ACPC_model-mapmri_param-msd_dwimap.nii.gz
  [DONE] → sub-134042_ses-3_acq-1k3k64d_space-MNI152NLin2009cAsym_res-02_model-mapmri_param-msd_dwimap.nii.gz
  [PROC] sub-134042
sub-134042 ses-3
ses-3: sub-134042_ses-3_acq-1k3k64d_space-ACPC_model-mapmri_param-qiv_dwimap.nii.gz
  [DONE] → sub-134042_ses-3_acq-1k3k64d_space-MNI152NLin2009cAsym_res-02_model-mapmri_param-qiv_dwimap.nii.gz
  [PROC] sub-134042
sub-134042 ses-3
ses-3: sub-134042_ses-3_acq-1k3k64d_space-ACPC_model-mapmri_param-rtap_dwimap.nii.gz
  [DONE] → sub-134042_ses-3_acq-1k3k64d_space-MNI152NLin2009cAsym_res-02_model-mapmri_param-rtap_dwimap.nii.gz
  [PROC] sub-134042
sub-134042 ses-3
ses-3: sub-134042_ses-3_acq-1k3k64d_space-ACPC_model-mapmri_param-rtpp_dwimap.nii.gz
  [DONE] → sub-134042_ses-3_acq-1k3k64d_space-MNI152NLin2009cAsym_res-02_model-mapmri_param-rtpp_dwimap.nii.gz
  [PROC] sub-134042
sub-134042 ses-3
ses-3: sub-134042_ses-3_acq-1k3k64d_space-ACPC_model-mapmri_param-rtop_dwimap.nii.gz
  [DONE] → sub-134042_ses-3_acq-1k3k64d_space-MNI152NLin2009cAsym_res-02_model-mapmri_param-rtop_dwimap.nii.gz
  [PROC] sub-134043
sub-134043 ses-1
ses-1: sub-134043_ses-1_acq-1k3k64d_space-ACPC_model-mapmri_param-lapnorm_dwimap.nii.gz
  [DONE] → sub-134043_ses-1_acq-1k3k64d_space-MNI152NLin2009cAsym_res-02_model-mapmri_param-lapnorm_dwimap.nii.gz
  [PROC] sub-134043
sub-134043 ses-1
ses-1: sub-134043_ses-1_acq-1k3k64d_space-ACPC_model-mapmri_param-mapcoeffs_dwimap.nii.gz
  [DONE] → sub-134043_ses-1_acq-1k3k64d_space-MNI152NLin2009cAsym_res-02_model-mapmri_param-mapcoeffs_dwimap.nii.gz
  [PROC] sub-134043
sub-134043 ses-1
ses-1: sub-134043_ses-1_acq-1k3k64d_space-ACPC_model-mapmri_param-msd_dwimap.nii.gz
  [DONE] → sub-134043_ses-1_acq-1k3k64d_space-MNI152NLin2009cAsym_res-02_model-mapmri_param-msd_dwimap.nii.gz
  [PROC] sub-134043
sub-134043 ses-1
ses-1: sub-134043_ses-1_acq-1k3k64d_space-ACPC_model-mapmri_param-qiv_dwimap.nii.gz
  [DONE] → sub-134043_ses-1_acq-1k3k64d_space-MNI152NLin2009cAsym_res-02_model-mapmri_param-qiv_dwimap.nii.gz
  [PROC] sub-134043
sub-134043 ses-1
ses-1: sub-134043_ses-1_acq-1k3k64d_space-ACPC_model-mapmri_param-rtap_dwimap.nii.gz
  [DONE] → sub-134043_ses-1_acq-1k3k64d_space-MNI152NLin2009cAsym_res-02_model-mapmri_param-rtap_dwimap.nii.gz
  [PROC] sub-134043
sub-134043 ses-1
ses-1: sub-134043_ses-1_acq-1k3k64d_space-ACPC_model-mapmri_param-rtop_dwimap.nii.gz
  [DONE] → sub-134043_ses-1_acq-1k3k64d_space-MNI152NLin2009cAsym_res-02_model-mapmri_param-rtop_dwimap.nii.gz
  [PROC] sub-134043
sub-134043 ses-1
ses-1: sub-134043_ses-1_acq-1k3k64d_space-ACPC_model-mapmri_param-rtpp_dwimap.nii.gz
  [DONE] → sub-134043_ses-1_acq-1k3k64d_space-MNI152NLin2009cAsym_res-02_model-mapmri_param-rtpp_dwimap.nii.gz
  [PROC] sub-134043
sub-134043 ses-2
ses-2: sub-134043_ses-2_acq-1k3k64d_space-ACPC_model-mapmri_param-lapnorm_dwimap.nii.gz
  [DONE] → sub-134043_ses-2_acq-1k3k64d_space-MNI152NLin2009cAsym_res-02_model-mapmri_param-lapnorm_dwimap.nii.gz
  [PROC] sub-134043
sub-134043 ses-2
ses-2: sub-134043_ses-2_acq-1k3k64d_space-ACPC_model-mapmri_param-mapcoeffs_dwimap.nii.gz
  [DONE] → sub-134043_ses-2_acq-1k3k64d_space-MNI152NLin2009cAsym_res-02_model-mapmri_param-mapcoeffs_dwimap.nii.gz
  [PROC] sub-134043
sub-134043 ses-2
ses-2: sub-134043_ses-2_acq-1k3k64d_space-ACPC_model-mapmri_param-msd_dwimap.nii.gz
  [DONE] → sub-134043_ses-2_acq-1k3k64d_space-MNI152NLin2009cAsym_res-02_model-mapmri_param-msd_dwimap.nii.gz
  [PROC] sub-134043
sub-134043 ses-2
ses-2: sub-134043_ses-2_acq-1k3k64d_space-ACPC_model-mapmri_param-qiv_dwimap.nii.gz
  [DONE] → sub-134043_ses-2_acq-1k3k64d_space-MNI152NLin2009cAsym_res-02_model-mapmri_param-qiv_dwimap.nii.gz
  [PROC] sub-134043
sub-134043 ses-2
ses-2: sub-134043_ses-2_acq-1k3k64d_space-ACPC_model-mapmri_param-rtap_dwimap.nii.gz
  [DONE] → sub-134043_ses-2_acq-1k3k64d_space-MNI152NLin2009cAsym_res-02_model-mapmri_param-rtap_dwimap.nii.gz
  [PROC] sub-134043
sub-134043 ses-2
ses-2: sub-134043_ses-2_acq-1k3k64d_space-ACPC_model-mapmri_param-rtop_dwimap.nii.gz
  [DONE] → sub-134043_ses-2_acq-1k3k64d_space-MNI152NLin2009cAsym_res-02_model-mapmri_param-rtop_dwimap.nii.gz
  [PROC] sub-134043
sub-134043 ses-2
ses-2: sub-134043_ses-2_acq-1k3k64d_space-ACPC_model-mapmri_param-rtpp_dwimap.nii.gz
  [DONE] → sub-134043_ses-2_acq-1k3k64d_space-MNI152NLin2009cAsym_res-02_model-mapmri_param-rtpp_dwimap.nii.gz
  [PROC] sub-134044
sub-134044 ses-1
ses-1: sub-134044_ses-1_acq-1k3k64d_space-ACPC_model-mapmri_param-lapnorm_dwimap.nii.gz
  [DONE] → sub-134044_ses-1_acq-1k3k64d_space-MNI152NLin2009cAsym_res-02_model-mapmri_param-lapnorm_dwimap.nii.gz
  [PROC] sub-134044
sub-134044 ses-1
ses-1: sub-134044_ses-1_acq-1k3k64d_space-ACPC_model-mapmri_param-mapcoeffs_dwimap.nii.gz
  [DONE] → sub-134044_ses-1_acq-1k3k64d_space-MNI152NLin2009cAsym_res-02_model-mapmri_param-mapcoeffs_dwimap.nii.gz
  [PROC] sub-134044
sub-134044 ses-1
ses-1: sub-134044_ses-1_acq-1k3k64d_space-ACPC_model-mapmri_param-msd_dwimap.nii.gz
  [DONE] → sub-134044_ses-1_acq-1k3k64d_space-MNI152NLin2009cAsym_res-02_model-mapmri_param-msd_dwimap.nii.gz
  [PROC] sub-134044
sub-134044 ses-1
ses-1: sub-134044_ses-1_acq-1k3k64d_space-ACPC_model-mapmri_param-qiv_dwimap.nii.gz
  [DONE] → sub-134044_ses-1_acq-1k3k64d_space-MNI152NLin2009cAsym_res-02_model-mapmri_param-qiv_dwimap.nii.gz
  [PROC] sub-134044
sub-134044 ses-1
ses-1: sub-134044_ses-1_acq-1k3k64d_space-ACPC_model-mapmri_param-rtap_dwimap.nii.gz
  [DONE] → sub-134044_ses-1_acq-1k3k64d_space-MNI152NLin2009cAsym_res-02_model-mapmri_param-rtap_dwimap.nii.gz
  [PROC] sub-134044
sub-134044 ses-1
ses-1: sub-134044_ses-1_acq-1k3k64d_space-ACPC_model-mapmri_param-rtop_dwimap.nii.gz
  [DONE] → sub-134044_ses-1_acq-1k3k64d_space-MNI152NLin2009cAsym_res-02_model-mapmri_param-rtop_dwimap.nii.gz
  [PROC] sub-134044
sub-134044 ses-1
ses-1: sub-134044_ses-1_acq-1k3k64d_space-ACPC_model-mapmri_param-rtpp_dwimap.nii.gz
  [DONE] → sub-134044_ses-1_acq-1k3k64d_space-MNI152NLin2009cAsym_res-02_model-mapmri_param-rtpp_dwimap.nii.gz
  [PROC] sub-134044
sub-134044 ses-2
ses-2: sub-134044_ses-2_acq-1k3k64d_space-ACPC_model-mapmri_param-lapnorm_dwimap.nii.gz
  [DONE] → sub-134044_ses-2_acq-1k3k64d_space-MNI152NLin2009cAsym_res-02_model-mapmri_param-lapnorm_dwimap.nii.gz
  [PROC] sub-134044
sub-134044 ses-2
ses-2: sub-134044_ses-2_acq-1k3k64d_space-ACPC_model-mapmri_param-mapcoeffs_dwimap.nii.gz
  [DONE] → sub-134044_ses-2_acq-1k3k64d_space-MNI152NLin2009cAsym_res-02_model-mapmri_param-mapcoeffs_dwimap.nii.gz
  [PROC] sub-134044
sub-134044 ses-2
ses-2: sub-134044_ses-2_acq-1k3k64d_space-ACPC_model-mapmri_param-msd_dwimap.nii.gz
  [DONE] → sub-134044_ses-2_acq-1k3k64d_space-MNI152NLin2009cAsym_res-02_model-mapmri_param-msd_dwimap.nii.gz
  [PROC] sub-134044
sub-134044 ses-2
ses-2: sub-134044_ses-2_acq-1k3k64d_space-ACPC_model-mapmri_param-qiv_dwimap.nii.gz
  [DONE] → sub-134044_ses-2_acq-1k3k64d_space-MNI152NLin2009cAsym_res-02_model-mapmri_param-qiv_dwimap.nii.gz
  [PROC] sub-134044
sub-134044 ses-2
ses-2: sub-134044_ses-2_acq-1k3k64d_space-ACPC_model-mapmri_param-rtap_dwimap.nii.gz
  [DONE] → sub-134044_ses-2_acq-1k3k64d_space-MNI152NLin2009cAsym_res-02_model-mapmri_param-rtap_dwimap.nii.gz
  [PROC] sub-134044
sub-134044 ses-2
ses-2: sub-134044_ses-2_acq-1k3k64d_space-ACPC_model-mapmri_param-rtop_dwimap.nii.gz
  [DONE] → sub-134044_ses-2_acq-1k3k64d_space-MNI152NLin2009cAsym_res-02_model-mapmri_param-rtop_dwimap.nii.gz
  [PROC] sub-134044
sub-134044 ses-2
ses-2: sub-134044_ses-2_acq-1k3k64d_space-ACPC_model-mapmri_param-rtpp_dwimap.nii.gz
  [DONE] → sub-134044_ses-2_acq-1k3k64d_space-MNI152NLin2009cAsym_res-02_model-mapmri_param-rtpp_dwimap.nii.gz
  [PROC] sub-134044
sub-134044 ses-3
ses-3: sub-134044_ses-3_acq-1k3k64d_space-ACPC_model-mapmri_param-lapnorm_dwimap.nii.gz
  [DONE] → sub-134044_ses-3_acq-1k3k64d_space-MNI152NLin2009cAsym_res-02_model-mapmri_param-lapnorm_dwimap.nii.gz
  [PROC] sub-134044
sub-134044 ses-3
ses-3: sub-134044_ses-3_acq-1k3k64d_space-ACPC_model-mapmri_param-mapcoeffs_dwimap.nii.gz
  [DONE] → sub-134044_ses-3_acq-1k3k64d_space-MNI152NLin2009cAsym_res-02_model-mapmri_param-mapcoeffs_dwimap.nii.gz
  [PROC] sub-134044
sub-134044 ses-3
ses-3: sub-134044_ses-3_acq-1k3k64d_space-ACPC_model-mapmri_param-msd_dwimap.nii.gz
  [DONE] → sub-134044_ses-3_acq-1k3k64d_space-MNI152NLin2009cAsym_res-02_model-mapmri_param-msd_dwimap.nii.gz
  [PROC] sub-134044
sub-134044 ses-3
ses-3: sub-134044_ses-3_acq-1k3k64d_space-ACPC_model-mapmri_param-qiv_dwimap.nii.gz
  [DONE] → sub-134044_ses-3_acq-1k3k64d_space-MNI152NLin2009cAsym_res-02_model-mapmri_param-qiv_dwimap.nii.gz
  [PROC] sub-134044
sub-134044 ses-3
ses-3: sub-134044_ses-3_acq-1k3k64d_space-ACPC_model-mapmri_param-rtap_dwimap.nii.gz
  [DONE] → sub-134044_ses-3_acq-1k3k64d_space-MNI152NLin2009cAsym_res-02_model-mapmri_param-rtap_dwimap.nii.gz
  [PROC] sub-134044
sub-134044 ses-3
ses-3: sub-134044_ses-3_acq-1k3k64d_space-ACPC_model-mapmri_param-rtop_dwimap.nii.gz
  [DONE] → sub-134044_ses-3_acq-1k3k64d_space-MNI152NLin2009cAsym_res-02_model-mapmri_param-rtop_dwimap.nii.gz
  [PROC] sub-134044
sub-134044 ses-3
ses-3: sub-134044_ses-3_acq-1k3k64d_space-ACPC_model-mapmri_param-rtpp_dwimap.nii.gz
  [DONE] → sub-134044_ses-3_acq-1k3k64d_space-MNI152NLin2009cAsym_res-02_model-mapmri_param-rtpp_dwimap.nii.gz
  [PROC] sub-134045
sub-134045 ses-1
ses-1: sub-134045_ses-1_acq-1k3k64d_space-ACPC_model-mapmri_param-lapnorm_dwimap.nii.gz
  [DONE] → sub-134045_ses-1_acq-1k3k64d_space-MNI152NLin2009cAsym_res-02_model-mapmri_param-lapnorm_dwimap.nii.gz
  [PROC] sub-134045
sub-134045 ses-1
ses-1: sub-134045_ses-1_acq-1k3k64d_space-ACPC_model-mapmri_param-mapcoeffs_dwimap.nii.gz
  [DONE] → sub-134045_ses-1_acq-1k3k64d_space-MNI152NLin2009cAsym_res-02_model-mapmri_param-mapcoeffs_dwimap.nii.gz
  [PROC] sub-134045
sub-134045 ses-1
ses-1: sub-134045_ses-1_acq-1k3k64d_space-ACPC_model-mapmri_param-msd_dwimap.nii.gz
  [DONE] → sub-134045_ses-1_acq-1k3k64d_space-MNI152NLin2009cAsym_res-02_model-mapmri_param-msd_dwimap.nii.gz
  [PROC] sub-134045
sub-134045 ses-1
ses-1: sub-134045_ses-1_acq-1k3k64d_space-ACPC_model-mapmri_param-qiv_dwimap.nii.gz
  [DONE] → sub-134045_ses-1_acq-1k3k64d_space-MNI152NLin2009cAsym_res-02_model-mapmri_param-qiv_dwimap.nii.gz
  [PROC] sub-134045
sub-134045 ses-1
ses-1: sub-134045_ses-1_acq-1k3k64d_space-ACPC_model-mapmri_param-rtap_dwimap.nii.gz
  [DONE] → sub-134045_ses-1_acq-1k3k64d_space-MNI152NLin2009cAsym_res-02_model-mapmri_param-rtap_dwimap.nii.gz
  [PROC] sub-134045
sub-134045 ses-1
ses-1: sub-134045_ses-1_acq-1k3k64d_space-ACPC_model-mapmri_param-rtop_dwimap.nii.gz
  [DONE] → sub-134045_ses-1_acq-1k3k64d_space-MNI152NLin2009cAsym_res-02_model-mapmri_param-rtop_dwimap.nii.gz
  [PROC] sub-134045
sub-134045 ses-1
ses-1: sub-134045_ses-1_acq-1k3k64d_space-ACPC_model-mapmri_param-rtpp_dwimap.nii.gz
  [DONE] → sub-134045_ses-1_acq-1k3k64d_space-MNI152NLin2009cAsym_res-02_model-mapmri_param-rtpp_dwimap.nii.gz
  [PROC] sub-134045
sub-134045 ses-2
ses-2: sub-134045_ses-2_acq-1k3k64d_space-ACPC_model-mapmri_param-lapnorm_dwimap.nii.gz
  [DONE] → sub-134045_ses-2_acq-1k3k64d_space-MNI152NLin2009cAsym_res-02_model-mapmri_param-lapnorm_dwimap.nii.gz
  [PROC] sub-134045
sub-134045 ses-2
ses-2: sub-134045_ses-2_acq-1k3k64d_space-ACPC_model-mapmri_param-mapcoeffs_dwimap.nii.gz
  [DONE] → sub-134045_ses-2_acq-1k3k64d_space-MNI152NLin2009cAsym_res-02_model-mapmri_param-mapcoeffs_dwimap.nii.gz
  [PROC] sub-134045
sub-134045 ses-2
ses-2: sub-134045_ses-2_acq-1k3k64d_space-ACPC_model-mapmri_param-msd_dwimap.nii.gz
  [DONE] → sub-134045_ses-2_acq-1k3k64d_space-MNI152NLin2009cAsym_res-02_model-mapmri_param-msd_dwimap.nii.gz
  [PROC] sub-134045
sub-134045 ses-2
ses-2: sub-134045_ses-2_acq-1k3k64d_space-ACPC_model-mapmri_param-qiv_dwimap.nii.gz
  [DONE] → sub-134045_ses-2_acq-1k3k64d_space-MNI152NLin2009cAsym_res-02_model-mapmri_param-qiv_dwimap.nii.gz
  [PROC] sub-134045
sub-134045 ses-2
ses-2: sub-134045_ses-2_acq-1k3k64d_space-ACPC_model-mapmri_param-rtap_dwimap.nii.gz
  [DONE] → sub-134045_ses-2_acq-1k3k64d_space-MNI152NLin2009cAsym_res-02_model-mapmri_param-rtap_dwimap.nii.gz
  [PROC] sub-134045
sub-134045 ses-2
ses-2: sub-134045_ses-2_acq-1k3k64d_space-ACPC_model-mapmri_param-rtop_dwimap.nii.gz
  [DONE] → sub-134045_ses-2_acq-1k3k64d_space-MNI152NLin2009cAsym_res-02_model-mapmri_param-rtop_dwimap.nii.gz
  [PROC] sub-134045
sub-134045 ses-2
ses-2: sub-134045_ses-2_acq-1k3k64d_space-ACPC_model-mapmri_param-rtpp_dwimap.nii.gz
  [DONE] → sub-134045_ses-2_acq-1k3k64d_space-MNI152NLin2009cAsym_res-02_model-mapmri_param-rtpp_dwimap.nii.gz
  [PROC] sub-134045
sub-134045 ses-3
ses-3: sub-134045_ses-3_acq-1k3k64d_space-ACPC_model-mapmri_param-lapnorm_dwimap.nii.gz
  [DONE] → sub-134045_ses-3_acq-1k3k64d_space-MNI152NLin2009cAsym_res-02_model-mapmri_param-lapnorm_dwimap.nii.gz
  [PROC] sub-134045
sub-134045 ses-3
ses-3: sub-134045_ses-3_acq-1k3k64d_space-ACPC_model-mapmri_param-mapcoeffs_dwimap.nii.gz
  [DONE] → sub-134045_ses-3_acq-1k3k64d_space-MNI152NLin2009cAsym_res-02_model-mapmri_param-mapcoeffs_dwimap.nii.gz
  [PROC] sub-134045
sub-134045 ses-3
ses-3: sub-134045_ses-3_acq-1k3k64d_space-ACPC_model-mapmri_param-msd_dwimap.nii.gz
  [DONE] → sub-134045_ses-3_acq-1k3k64d_space-MNI152NLin2009cAsym_res-02_model-mapmri_param-msd_dwimap.nii.gz
  [PROC] sub-134045
sub-134045 ses-3
ses-3: sub-134045_ses-3_acq-1k3k64d_space-ACPC_model-mapmri_param-rtap_dwimap.nii.gz
  [DONE] → sub-134045_ses-3_acq-1k3k64d_space-MNI152NLin2009cAsym_res-02_model-mapmri_param-rtap_dwimap.nii.gz
  [PROC] sub-134045
sub-134045 ses-3
ses-3: sub-134045_ses-3_acq-1k3k64d_space-ACPC_model-mapmri_param-qiv_dwimap.nii.gz
  [DONE] → sub-134045_ses-3_acq-1k3k64d_space-MNI152NLin2009cAsym_res-02_model-mapmri_param-qiv_dwimap.nii.gz
  [PROC] sub-134045
sub-134045 ses-3
ses-3: sub-134045_ses-3_acq-1k3k64d_space-ACPC_model-mapmri_param-rtop_dwimap.nii.gz
  [DONE] → sub-134045_ses-3_acq-1k3k64d_space-MNI152NLin2009cAsym_res-02_model-mapmri_param-rtop_dwimap.nii.gz
  [PROC] sub-134045
sub-134045 ses-3
ses-3: sub-134045_ses-3_acq-1k3k64d_space-ACPC_model-mapmri_param-rtpp_dwimap.nii.gz
  [DONE] → sub-134045_ses-3_acq-1k3k64d_space-MNI152NLin2009cAsym_res-02_model-mapmri_param-rtpp_dwimap.nii.gz
  [PROC] sub-134046
sub-134046 ses-1
ses-1: sub-134046_ses-1_acq-1k3k64d_space-ACPC_model-mapmri_param-lapnorm_dwimap.nii.gz
  [DONE] → sub-134046_ses-1_acq-1k3k64d_space-MNI152NLin2009cAsym_res-02_model-mapmri_param-lapnorm_dwimap.nii.gz
  [PROC] sub-134046
sub-134046 ses-1
ses-1: sub-134046_ses-1_acq-1k3k64d_space-ACPC_model-mapmri_param-mapcoeffs_dwimap.nii.gz
  [DONE] → sub-134046_ses-1_acq-1k3k64d_space-MNI152NLin2009cAsym_res-02_model-mapmri_param-mapcoeffs_dwimap.nii.gz
  [PROC] sub-134046
sub-134046 ses-1
ses-1: sub-134046_ses-1_acq-1k3k64d_space-ACPC_model-mapmri_param-msd_dwimap.nii.gz
  [DONE] → sub-134046_ses-1_acq-1k3k64d_space-MNI152NLin2009cAsym_res-02_model-mapmri_param-msd_dwimap.nii.gz
  [PROC] sub-134046
sub-134046 ses-1
ses-1: sub-134046_ses-1_acq-1k3k64d_space-ACPC_model-mapmri_param-qiv_dwimap.nii.gz
  [DONE] → sub-134046_ses-1_acq-1k3k64d_space-MNI152NLin2009cAsym_res-02_model-mapmri_param-qiv_dwimap.nii.gz
  [PROC] sub-134046
sub-134046 ses-1
ses-1: sub-134046_ses-1_acq-1k3k64d_space-ACPC_model-mapmri_param-rtap_dwimap.nii.gz
  [DONE] → sub-134046_ses-1_acq-1k3k64d_space-MNI152NLin2009cAsym_res-02_model-mapmri_param-rtap_dwimap.nii.gz
  [PROC] sub-134046
sub-134046 ses-1
ses-1: sub-134046_ses-1_acq-1k3k64d_space-ACPC_model-mapmri_param-rtop_dwimap.nii.gz
  [DONE] → sub-134046_ses-1_acq-1k3k64d_space-MNI152NLin2009cAsym_res-02_model-mapmri_param-rtop_dwimap.nii.gz
  [PROC] sub-134046
sub-134046 ses-1
ses-1: sub-134046_ses-1_acq-1k3k64d_space-ACPC_model-mapmri_param-rtpp_dwimap.nii.gz
  [DONE] → sub-134046_ses-1_acq-1k3k64d_space-MNI152NLin2009cAsym_res-02_model-mapmri_param-rtpp_dwimap.nii.gz
  [PROC] sub-134046
sub-134046 ses-2
ses-2: sub-134046_ses-2_acq-1k3k64d_space-ACPC_model-mapmri_param-lapnorm_dwimap.nii.gz
  [DONE] → sub-134046_ses-2_acq-1k3k64d_space-MNI152NLin2009cAsym_res-02_model-mapmri_param-lapnorm_dwimap.nii.gz
  [PROC] sub-134046
sub-134046 ses-2
ses-2: sub-134046_ses-2_acq-1k3k64d_space-ACPC_model-mapmri_param-mapcoeffs_dwimap.nii.gz
  [DONE] → sub-134046_ses-2_acq-1k3k64d_space-MNI152NLin2009cAsym_res-02_model-mapmri_param-mapcoeffs_dwimap.nii.gz
  [PROC] sub-134046
sub-134046 ses-2
ses-2: sub-134046_ses-2_acq-1k3k64d_space-ACPC_model-mapmri_param-msd_dwimap.nii.gz
  [DONE] → sub-134046_ses-2_acq-1k3k64d_space-MNI152NLin2009cAsym_res-02_model-mapmri_param-msd_dwimap.nii.gz
  [PROC] sub-134046
sub-134046 ses-2
ses-2: sub-134046_ses-2_acq-1k3k64d_space-ACPC_model-mapmri_param-qiv_dwimap.nii.gz
  [DONE] → sub-134046_ses-2_acq-1k3k64d_space-MNI152NLin2009cAsym_res-02_model-mapmri_param-qiv_dwimap.nii.gz
  [PROC] sub-134046
sub-134046 ses-2
ses-2: sub-134046_ses-2_acq-1k3k64d_space-ACPC_model-mapmri_param-rtap_dwimap.nii.gz
  [DONE] → sub-134046_ses-2_acq-1k3k64d_space-MNI152NLin2009cAsym_res-02_model-mapmri_param-rtap_dwimap.nii.gz
  [PROC] sub-134046
sub-134046 ses-2
ses-2: sub-134046_ses-2_acq-1k3k64d_space-ACPC_model-mapmri_param-rtop_dwimap.nii.gz
  [DONE] → sub-134046_ses-2_acq-1k3k64d_space-MNI152NLin2009cAsym_res-02_model-mapmri_param-rtop_dwimap.nii.gz
  [PROC] sub-134046
sub-134046 ses-2
ses-2: sub-134046_ses-2_acq-1k3k64d_space-ACPC_model-mapmri_param-rtpp_dwimap.nii.gz
  [DONE] → sub-134046_ses-2_acq-1k3k64d_space-MNI152NLin2009cAsym_res-02_model-mapmri_param-rtpp_dwimap.nii.gz
  [PROC] sub-134046
sub-134046 ses-3
ses-3: sub-134046_ses-3_acq-1k3k64d_space-ACPC_model-mapmri_param-lapnorm_dwimap.nii.gz
  [DONE] → sub-134046_ses-3_acq-1k3k64d_space-MNI152NLin2009cAsym_res-02_model-mapmri_param-lapnorm_dwimap.nii.gz
  [PROC] sub-134046
sub-134046 ses-3
ses-3: sub-134046_ses-3_acq-1k3k64d_space-ACPC_model-mapmri_param-mapcoeffs_dwimap.nii.gz
  [DONE] → sub-134046_ses-3_acq-1k3k64d_space-MNI152NLin2009cAsym_res-02_model-mapmri_param-mapcoeffs_dwimap.nii.gz
  [PROC] sub-134046
sub-134046 ses-3
ses-3: sub-134046_ses-3_acq-1k3k64d_space-ACPC_model-mapmri_param-msd_dwimap.nii.gz
  [DONE] → sub-134046_ses-3_acq-1k3k64d_space-MNI152NLin2009cAsym_res-02_model-mapmri_param-msd_dwimap.nii.gz
  [PROC] sub-134046
sub-134046 ses-3
ses-3: sub-134046_ses-3_acq-1k3k64d_space-ACPC_model-mapmri_param-qiv_dwimap.nii.gz
  [DONE] → sub-134046_ses-3_acq-1k3k64d_space-MNI152NLin2009cAsym_res-02_model-mapmri_param-qiv_dwimap.nii.gz
  [PROC] sub-134046
sub-134046 ses-3
ses-3: sub-134046_ses-3_acq-1k3k64d_space-ACPC_model-mapmri_param-rtap_dwimap.nii.gz
  [DONE] → sub-134046_ses-3_acq-1k3k64d_space-MNI152NLin2009cAsym_res-02_model-mapmri_param-rtap_dwimap.nii.gz
  [PROC] sub-134046
sub-134046 ses-3
ses-3: sub-134046_ses-3_acq-1k3k64d_space-ACPC_model-mapmri_param-rtop_dwimap.nii.gz
  [DONE] → sub-134046_ses-3_acq-1k3k64d_space-MNI152NLin2009cAsym_res-02_model-mapmri_param-rtop_dwimap.nii.gz
  [PROC] sub-134047
sub-134047 ses-1
ses-1: sub-134047_ses-1_acq-1k3k64d_space-ACPC_model-mapmri_param-lapnorm_dwimap.nii.gz
  [DONE] → sub-134047_ses-1_acq-1k3k64d_space-MNI152NLin2009cAsym_res-02_model-mapmri_param-lapnorm_dwimap.nii.gz
  [PROC] sub-134047
sub-134047 ses-1
ses-1: sub-134047_ses-1_acq-1k3k64d_space-ACPC_model-mapmri_param-mapcoeffs_dwimap.nii.gz
  [DONE] → sub-134047_ses-1_acq-1k3k64d_space-MNI152NLin2009cAsym_res-02_model-mapmri_param-mapcoeffs_dwimap.nii.gz
  [PROC] sub-134046
sub-134046 ses-3
ses-3: sub-134046_ses-3_acq-1k3k64d_space-ACPC_model-mapmri_param-rtpp_dwimap.nii.gz
  [DONE] → sub-134046_ses-3_acq-1k3k64d_space-MNI152NLin2009cAsym_res-02_model-mapmri_param-rtpp_dwimap.nii.gz
  [PROC] sub-134047
sub-134047 ses-1
ses-1: sub-134047_ses-1_acq-1k3k64d_space-ACPC_model-mapmri_param-msd_dwimap.nii.gz
  [DONE] → sub-134047_ses-1_acq-1k3k64d_space-MNI152NLin2009cAsym_res-02_model-mapmri_param-msd_dwimap.nii.gz
  [PROC] sub-134047
sub-134047 ses-1
ses-1: sub-134047_ses-1_acq-1k3k64d_space-ACPC_model-mapmri_param-rtop_dwimap.nii.gz
  [DONE] → sub-134047_ses-1_acq-1k3k64d_space-MNI152NLin2009cAsym_res-02_model-mapmri_param-rtop_dwimap.nii.gz
  [PROC] sub-134047
sub-134047 ses-1
ses-1: sub-134047_ses-1_acq-1k3k64d_space-ACPC_model-mapmri_param-qiv_dwimap.nii.gz
  [DONE] → sub-134047_ses-1_acq-1k3k64d_space-MNI152NLin2009cAsym_res-02_model-mapmri_param-qiv_dwimap.nii.gz
  [PROC] sub-134047
sub-134047 ses-1
ses-1: sub-134047_ses-1_acq-1k3k64d_space-ACPC_model-mapmri_param-rtap_dwimap.nii.gz
  [DONE] → sub-134047_ses-1_acq-1k3k64d_space-MNI152NLin2009cAsym_res-02_model-mapmri_param-rtap_dwimap.nii.gz
  [PROC] sub-134047
sub-134047 ses-1
ses-1: sub-134047_ses-1_acq-1k3k64d_space-ACPC_model-mapmri_param-rtpp_dwimap.nii.gz
  [DONE] → sub-134047_ses-1_acq-1k3k64d_space-MNI152NLin2009cAsym_res-02_model-mapmri_param-rtpp_dwimap.nii.gz
  [PROC] sub-134047
sub-134047 ses-2
ses-2: sub-134047_ses-2_acq-1k3k64d_space-ACPC_model-mapmri_param-mapcoeffs_dwimap.nii.gz
  [DONE] → sub-134047_ses-2_acq-1k3k64d_space-MNI152NLin2009cAsym_res-02_model-mapmri_param-mapcoeffs_dwimap.nii.gz
  [PROC] sub-134047
sub-134047 ses-2
ses-2: sub-134047_ses-2_acq-1k3k64d_space-ACPC_model-mapmri_param-lapnorm_dwimap.nii.gz
  [DONE] → sub-134047_ses-2_acq-1k3k64d_space-MNI152NLin2009cAsym_res-02_model-mapmri_param-lapnorm_dwimap.nii.gz
  [PROC] sub-134047
sub-134047 ses-2
ses-2: sub-134047_ses-2_acq-1k3k64d_space-ACPC_model-mapmri_param-msd_dwimap.nii.gz
  [DONE] → sub-134047_ses-2_acq-1k3k64d_space-MNI152NLin2009cAsym_res-02_model-mapmri_param-msd_dwimap.nii.gz
  [PROC] sub-134047
sub-134047 ses-2
ses-2: sub-134047_ses-2_acq-1k3k64d_space-ACPC_model-mapmri_param-qiv_dwimap.nii.gz
  [DONE] → sub-134047_ses-2_acq-1k3k64d_space-MNI152NLin2009cAsym_res-02_model-mapmri_param-qiv_dwimap.nii.gz
  [PROC] sub-134047
sub-134047 ses-2
ses-2: sub-134047_ses-2_acq-1k3k64d_space-ACPC_model-mapmri_param-rtap_dwimap.nii.gz
  [DONE] → sub-134047_ses-2_acq-1k3k64d_space-MNI152NLin2009cAsym_res-02_model-mapmri_param-rtap_dwimap.nii.gz
  [PROC] sub-134047
sub-134047 ses-2
ses-2: sub-134047_ses-2_acq-1k3k64d_space-ACPC_model-mapmri_param-rtop_dwimap.nii.gz
  [DONE] → sub-134047_ses-2_acq-1k3k64d_space-MNI152NLin2009cAsym_res-02_model-mapmri_param-rtop_dwimap.nii.gz
  [PROC] sub-134047
sub-134047 ses-2
ses-2: sub-134047_ses-2_acq-1k3k64d_space-ACPC_model-mapmri_param-rtpp_dwimap.nii.gz
  [DONE] → sub-134047_ses-2_acq-1k3k64d_space-MNI152NLin2009cAsym_res-02_model-mapmri_param-rtpp_dwimap.nii.gz
  [PROC] sub-134047
sub-134047 ses-3
ses-3: sub-134047_ses-3_acq-1k3k64d_space-ACPC_model-mapmri_param-lapnorm_dwimap.nii.gz
  [DONE] → sub-134047_ses-3_acq-1k3k64d_space-MNI152NLin2009cAsym_res-02_model-mapmri_param-lapnorm_dwimap.nii.gz
  [PROC] sub-134047
sub-134047 ses-3
ses-3: sub-134047_ses-3_acq-1k3k64d_space-ACPC_model-mapmri_param-mapcoeffs_dwimap.nii.gz
  [DONE] → sub-134047_ses-3_acq-1k3k64d_space-MNI152NLin2009cAsym_res-02_model-mapmri_param-mapcoeffs_dwimap.nii.gz
  [PROC] sub-134047
sub-134047 ses-3
ses-3: sub-134047_ses-3_acq-1k3k64d_space-ACPC_model-mapmri_param-msd_dwimap.nii.gz
  [DONE] → sub-134047_ses-3_acq-1k3k64d_space-MNI152NLin2009cAsym_res-02_model-mapmri_param-msd_dwimap.nii.gz
  [PROC] sub-134047
sub-134047 ses-3
ses-3: sub-134047_ses-3_acq-1k3k64d_space-ACPC_model-mapmri_param-qiv_dwimap.nii.gz
  [DONE] → sub-134047_ses-3_acq-1k3k64d_space-MNI152NLin2009cAsym_res-02_model-mapmri_param-qiv_dwimap.nii.gz
  [PROC] sub-134047
sub-134047 ses-3
ses-3: sub-134047_ses-3_acq-1k3k64d_space-ACPC_model-mapmri_param-rtap_dwimap.nii.gz
  [DONE] → sub-134047_ses-3_acq-1k3k64d_space-MNI152NLin2009cAsym_res-02_model-mapmri_param-rtap_dwimap.nii.gz
  [PROC] sub-134047
sub-134047 ses-3
ses-3: sub-134047_ses-3_acq-1k3k64d_space-ACPC_model-mapmri_param-rtop_dwimap.nii.gz
  [DONE] → sub-134047_ses-3_acq-1k3k64d_space-MNI152NLin2009cAsym_res-02_model-mapmri_param-rtop_dwimap.nii.gz
  [PROC] sub-134047
sub-134047 ses-3
ses-3: sub-134047_ses-3_acq-1k3k64d_space-ACPC_model-mapmri_param-rtpp_dwimap.nii.gz
  [DONE] → sub-134047_ses-3_acq-1k3k64d_space-MNI152NLin2009cAsym_res-02_model-mapmri_param-rtpp_dwimap.nii.gz
  [PROC] sub-134048
sub-134048 ses-1
ses-1: sub-134048_ses-1_acq-1k3k64d_space-ACPC_model-mapmri_param-lapnorm_dwimap.nii.gz
  [DONE] → sub-134048_ses-1_acq-1k3k64d_space-MNI152NLin2009cAsym_res-02_model-mapmri_param-lapnorm_dwimap.nii.gz
  [PROC] sub-134048
sub-134048 ses-1
ses-1: sub-134048_ses-1_acq-1k3k64d_space-ACPC_model-mapmri_param-mapcoeffs_dwimap.nii.gz
  [DONE] → sub-134048_ses-1_acq-1k3k64d_space-MNI152NLin2009cAsym_res-02_model-mapmri_param-mapcoeffs_dwimap.nii.gz
  [PROC] sub-134048
sub-134048 ses-1
ses-1: sub-134048_ses-1_acq-1k3k64d_space-ACPC_model-mapmri_param-msd_dwimap.nii.gz
  [DONE] → sub-134048_ses-1_acq-1k3k64d_space-MNI152NLin2009cAsym_res-02_model-mapmri_param-msd_dwimap.nii.gz
  [PROC] sub-134048
sub-134048 ses-1
ses-1: sub-134048_ses-1_acq-1k3k64d_space-ACPC_model-mapmri_param-qiv_dwimap.nii.gz
  [DONE] → sub-134048_ses-1_acq-1k3k64d_space-MNI152NLin2009cAsym_res-02_model-mapmri_param-qiv_dwimap.nii.gz
  [PROC] sub-134048
sub-134048 ses-1
ses-1: sub-134048_ses-1_acq-1k3k64d_space-ACPC_model-mapmri_param-rtap_dwimap.nii.gz
  [DONE] → sub-134048_ses-1_acq-1k3k64d_space-MNI152NLin2009cAsym_res-02_model-mapmri_param-rtap_dwimap.nii.gz
  [PROC] sub-134048
sub-134048 ses-1
ses-1: sub-134048_ses-1_acq-1k3k64d_space-ACPC_model-mapmri_param-rtop_dwimap.nii.gz
  [DONE] → sub-134048_ses-1_acq-1k3k64d_space-MNI152NLin2009cAsym_res-02_model-mapmri_param-rtop_dwimap.nii.gz
  [PROC] sub-134048
sub-134048 ses-1
ses-1: sub-134048_ses-1_acq-1k3k64d_space-ACPC_model-mapmri_param-rtpp_dwimap.nii.gz
  [DONE] → sub-134048_ses-1_acq-1k3k64d_space-MNI152NLin2009cAsym_res-02_model-mapmri_param-rtpp_dwimap.nii.gz
  [PROC] sub-134048
sub-134048 ses-2
ses-2: sub-134048_ses-2_acq-1k3k64d_space-ACPC_model-mapmri_param-lapnorm_dwimap.nii.gz
  [DONE] → sub-134048_ses-2_acq-1k3k64d_space-MNI152NLin2009cAsym_res-02_model-mapmri_param-lapnorm_dwimap.nii.gz
  [PROC] sub-134048
sub-134048 ses-2
ses-2: sub-134048_ses-2_acq-1k3k64d_space-ACPC_model-mapmri_param-mapcoeffs_dwimap.nii.gz
  [DONE] → sub-134048_ses-2_acq-1k3k64d_space-MNI152NLin2009cAsym_res-02_model-mapmri_param-mapcoeffs_dwimap.nii.gz
  [PROC] sub-134048
sub-134048 ses-2
ses-2: sub-134048_ses-2_acq-1k3k64d_space-ACPC_model-mapmri_param-msd_dwimap.nii.gz
  [DONE] → sub-134048_ses-2_acq-1k3k64d_space-MNI152NLin2009cAsym_res-02_model-mapmri_param-msd_dwimap.nii.gz
  [PROC] sub-134048
sub-134048 ses-2
ses-2: sub-134048_ses-2_acq-1k3k64d_space-ACPC_model-mapmri_param-qiv_dwimap.nii.gz
  [DONE] → sub-134048_ses-2_acq-1k3k64d_space-MNI152NLin2009cAsym_res-02_model-mapmri_param-qiv_dwimap.nii.gz
  [PROC] sub-134048
sub-134048 ses-2
ses-2: sub-134048_ses-2_acq-1k3k64d_space-ACPC_model-mapmri_param-rtap_dwimap.nii.gz
  [DONE] → sub-134048_ses-2_acq-1k3k64d_space-MNI152NLin2009cAsym_res-02_model-mapmri_param-rtap_dwimap.nii.gz
  [PROC] sub-134048
sub-134048 ses-2
ses-2: sub-134048_ses-2_acq-1k3k64d_space-ACPC_model-mapmri_param-rtop_dwimap.nii.gz
  [DONE] → sub-134048_ses-2_acq-1k3k64d_space-MNI152NLin2009cAsym_res-02_model-mapmri_param-rtop_dwimap.nii.gz
  [PROC] sub-134048
sub-134048 ses-2
ses-2: sub-134048_ses-2_acq-1k3k64d_space-ACPC_model-mapmri_param-rtpp_dwimap.nii.gz
  [DONE] → sub-134048_ses-2_acq-1k3k64d_space-MNI152NLin2009cAsym_res-02_model-mapmri_param-rtpp_dwimap.nii.gz
  [PROC] sub-134048
sub-134048 ses-3
ses-3: sub-134048_ses-3_acq-1k3k64d_space-ACPC_model-mapmri_param-lapnorm_dwimap.nii.gz
  [DONE] → sub-134048_ses-3_acq-1k3k64d_space-MNI152NLin2009cAsym_res-02_model-mapmri_param-lapnorm_dwimap.nii.gz
  [PROC] sub-134048
sub-134048 ses-3
ses-3: sub-134048_ses-3_acq-1k3k64d_space-ACPC_model-mapmri_param-mapcoeffs_dwimap.nii.gz
  [DONE] → sub-134048_ses-3_acq-1k3k64d_space-MNI152NLin2009cAsym_res-02_model-mapmri_param-mapcoeffs_dwimap.nii.gz
  [PROC] sub-134048
sub-134048 ses-3
ses-3: sub-134048_ses-3_acq-1k3k64d_space-ACPC_model-mapmri_param-msd_dwimap.nii.gz
  [DONE] → sub-134048_ses-3_acq-1k3k64d_space-MNI152NLin2009cAsym_res-02_model-mapmri_param-msd_dwimap.nii.gz
  [PROC] sub-134048
sub-134048 ses-3
ses-3: sub-134048_ses-3_acq-1k3k64d_space-ACPC_model-mapmri_param-qiv_dwimap.nii.gz
  [DONE] → sub-134048_ses-3_acq-1k3k64d_space-MNI152NLin2009cAsym_res-02_model-mapmri_param-qiv_dwimap.nii.gz
  [PROC] sub-134048
sub-134048 ses-3
ses-3: sub-134048_ses-3_acq-1k3k64d_space-ACPC_model-mapmri_param-rtap_dwimap.nii.gz
  [DONE] → sub-134048_ses-3_acq-1k3k64d_space-MNI152NLin2009cAsym_res-02_model-mapmri_param-rtap_dwimap.nii.gz
  [PROC] sub-134048
sub-134048 ses-3
ses-3: sub-134048_ses-3_acq-1k3k64d_space-ACPC_model-mapmri_param-rtop_dwimap.nii.gz
  [DONE] → sub-134048_ses-3_acq-1k3k64d_space-MNI152NLin2009cAsym_res-02_model-mapmri_param-rtop_dwimap.nii.gz
  [PROC] sub-134048
sub-134048 ses-3
ses-3: sub-134048_ses-3_acq-1k3k64d_space-ACPC_model-mapmri_param-rtpp_dwimap.nii.gz
  [DONE] → sub-134048_ses-3_acq-1k3k64d_space-MNI152NLin2009cAsym_res-02_model-mapmri_param-rtpp_dwimap.nii.gz
  [PROC] sub-134049
sub-134049 ses-1
ses-1: sub-134049_ses-1_acq-1k3k64d_space-ACPC_model-mapmri_param-lapnorm_dwimap.nii.gz
  [DONE] → sub-134049_ses-1_acq-1k3k64d_space-MNI152NLin2009cAsym_res-02_model-mapmri_param-lapnorm_dwimap.nii.gz
  [PROC] sub-134049
sub-134049 ses-1
ses-1: sub-134049_ses-1_acq-1k3k64d_space-ACPC_model-mapmri_param-mapcoeffs_dwimap.nii.gz
  [DONE] → sub-134049_ses-1_acq-1k3k64d_space-MNI152NLin2009cAsym_res-02_model-mapmri_param-mapcoeffs_dwimap.nii.gz
  [PROC] sub-134049
sub-134049 ses-1
ses-1: sub-134049_ses-1_acq-1k3k64d_space-ACPC_model-mapmri_param-msd_dwimap.nii.gz
  [DONE] → sub-134049_ses-1_acq-1k3k64d_space-MNI152NLin2009cAsym_res-02_model-mapmri_param-msd_dwimap.nii.gz
  [PROC] sub-134049
sub-134049 ses-1
ses-1: sub-134049_ses-1_acq-1k3k64d_space-ACPC_model-mapmri_param-qiv_dwimap.nii.gz
  [DONE] → sub-134049_ses-1_acq-1k3k64d_space-MNI152NLin2009cAsym_res-02_model-mapmri_param-qiv_dwimap.nii.gz
  [PROC] sub-134049
sub-134049 ses-1
ses-1: sub-134049_ses-1_acq-1k3k64d_space-ACPC_model-mapmri_param-rtap_dwimap.nii.gz
  [DONE] → sub-134049_ses-1_acq-1k3k64d_space-MNI152NLin2009cAsym_res-02_model-mapmri_param-rtap_dwimap.nii.gz
  [PROC] sub-134049
sub-134049 ses-1
ses-1: sub-134049_ses-1_acq-1k3k64d_space-ACPC_model-mapmri_param-rtop_dwimap.nii.gz
  [DONE] → sub-134049_ses-1_acq-1k3k64d_space-MNI152NLin2009cAsym_res-02_model-mapmri_param-rtop_dwimap.nii.gz
  [PROC] sub-134049
sub-134049 ses-1
ses-1: sub-134049_ses-1_acq-1k3k64d_space-ACPC_model-mapmri_param-rtpp_dwimap.nii.gz
  [DONE] → sub-134049_ses-1_acq-1k3k64d_space-MNI152NLin2009cAsym_res-02_model-mapmri_param-rtpp_dwimap.nii.gz
  [PROC] sub-134049
sub-134049 ses-2
ses-2: sub-134049_ses-2_acq-1k3k64d_space-ACPC_model-mapmri_param-lapnorm_dwimap.nii.gz
  [DONE] → sub-134049_ses-2_acq-1k3k64d_space-MNI152NLin2009cAsym_res-02_model-mapmri_param-lapnorm_dwimap.nii.gz
  [PROC] sub-134049
sub-134049 ses-2
ses-2: sub-134049_ses-2_acq-1k3k64d_space-ACPC_model-mapmri_param-mapcoeffs_dwimap.nii.gz
  [DONE] → sub-134049_ses-2_acq-1k3k64d_space-MNI152NLin2009cAsym_res-02_model-mapmri_param-mapcoeffs_dwimap.nii.gz
  [PROC] sub-134049
sub-134049 ses-2
ses-2: sub-134049_ses-2_acq-1k3k64d_space-ACPC_model-mapmri_param-msd_dwimap.nii.gz
  [DONE] → sub-134049_ses-2_acq-1k3k64d_space-MNI152NLin2009cAsym_res-02_model-mapmri_param-msd_dwimap.nii.gz
  [PROC] sub-134049
sub-134049 ses-2
ses-2: sub-134049_ses-2_acq-1k3k64d_space-ACPC_model-mapmri_param-qiv_dwimap.nii.gz
  [DONE] → sub-134049_ses-2_acq-1k3k64d_space-MNI152NLin2009cAsym_res-02_model-mapmri_param-qiv_dwimap.nii.gz
  [PROC] sub-134049
sub-134049 ses-2
ses-2: sub-134049_ses-2_acq-1k3k64d_space-ACPC_model-mapmri_param-rtap_dwimap.nii.gz
  [DONE] → sub-134049_ses-2_acq-1k3k64d_space-MNI152NLin2009cAsym_res-02_model-mapmri_param-rtap_dwimap.nii.gz
  [PROC] sub-134049
sub-134049 ses-2
ses-2: sub-134049_ses-2_acq-1k3k64d_space-ACPC_model-mapmri_param-rtop_dwimap.nii.gz
  [DONE] → sub-134049_ses-2_acq-1k3k64d_space-MNI152NLin2009cAsym_res-02_model-mapmri_param-rtop_dwimap.nii.gz
  [PROC] sub-134049
sub-134049 ses-2
ses-2: sub-134049_ses-2_acq-1k3k64d_space-ACPC_model-mapmri_param-rtpp_dwimap.nii.gz
  [DONE] → sub-134049_ses-2_acq-1k3k64d_space-MNI152NLin2009cAsym_res-02_model-mapmri_param-rtpp_dwimap.nii.gz
  [PROC] sub-134050
sub-134050 ses-1
ses-1: sub-134050_ses-1_acq-1k3k64d_space-ACPC_model-mapmri_param-lapnorm_dwimap.nii.gz
  [DONE] → sub-134050_ses-1_acq-1k3k64d_space-MNI152NLin2009cAsym_res-02_model-mapmri_param-lapnorm_dwimap.nii.gz
  [PROC] sub-134050
sub-134050 ses-1
ses-1: sub-134050_ses-1_acq-1k3k64d_space-ACPC_model-mapmri_param-mapcoeffs_dwimap.nii.gz
  [DONE] → sub-134050_ses-1_acq-1k3k64d_space-MNI152NLin2009cAsym_res-02_model-mapmri_param-mapcoeffs_dwimap.nii.gz
  [PROC] sub-134050
sub-134050 ses-1
ses-1: sub-134050_ses-1_acq-1k3k64d_space-ACPC_model-mapmri_param-msd_dwimap.nii.gz
  [DONE] → sub-134050_ses-1_acq-1k3k64d_space-MNI152NLin2009cAsym_res-02_model-mapmri_param-msd_dwimap.nii.gz
  [PROC] sub-134050
sub-134050 ses-1
ses-1: sub-134050_ses-1_acq-1k3k64d_space-ACPC_model-mapmri_param-qiv_dwimap.nii.gz
  [DONE] → sub-134050_ses-1_acq-1k3k64d_space-MNI152NLin2009cAsym_res-02_model-mapmri_param-qiv_dwimap.nii.gz
  [PROC] sub-134050
sub-134050 ses-1
ses-1: sub-134050_ses-1_acq-1k3k64d_space-ACPC_model-mapmri_param-rtap_dwimap.nii.gz
  [DONE] → sub-134050_ses-1_acq-1k3k64d_space-MNI152NLin2009cAsym_res-02_model-mapmri_param-rtap_dwimap.nii.gz
  [PROC] sub-134050
sub-134050 ses-1
ses-1: sub-134050_ses-1_acq-1k3k64d_space-ACPC_model-mapmri_param-rtop_dwimap.nii.gz
  [DONE] → sub-134050_ses-1_acq-1k3k64d_space-MNI152NLin2009cAsym_res-02_model-mapmri_param-rtop_dwimap.nii.gz
  [PROC] sub-134050
sub-134050 ses-1
ses-1: sub-134050_ses-1_acq-1k3k64d_space-ACPC_model-mapmri_param-rtpp_dwimap.nii.gz
  [DONE] → sub-134050_ses-1_acq-1k3k64d_space-MNI152NLin2009cAsym_res-02_model-mapmri_param-rtpp_dwimap.nii.gz
  [PROC] sub-134050
sub-134050 ses-2
ses-2: sub-134050_ses-2_acq-1k3k64d_space-ACPC_model-mapmri_param-lapnorm_dwimap.nii.gz
  [DONE] → sub-134050_ses-2_acq-1k3k64d_space-MNI152NLin2009cAsym_res-02_model-mapmri_param-lapnorm_dwimap.nii.gz
  [PROC] sub-134050
sub-134050 ses-2
ses-2: sub-134050_ses-2_acq-1k3k64d_space-ACPC_model-mapmri_param-mapcoeffs_dwimap.nii.gz
  [DONE] → sub-134050_ses-2_acq-1k3k64d_space-MNI152NLin2009cAsym_res-02_model-mapmri_param-mapcoeffs_dwimap.nii.gz
  [PROC] sub-134050
sub-134050 ses-2
ses-2: sub-134050_ses-2_acq-1k3k64d_space-ACPC_model-mapmri_param-msd_dwimap.nii.gz
  [DONE] → sub-134050_ses-2_acq-1k3k64d_space-MNI152NLin2009cAsym_res-02_model-mapmri_param-msd_dwimap.nii.gz
  [PROC] sub-134050
sub-134050 ses-2
ses-2: sub-134050_ses-2_acq-1k3k64d_space-ACPC_model-mapmri_param-qiv_dwimap.nii.gz
  [DONE] → sub-134050_ses-2_acq-1k3k64d_space-MNI152NLin2009cAsym_res-02_model-mapmri_param-qiv_dwimap.nii.gz
  [PROC] sub-134050
sub-134050 ses-2
ses-2: sub-134050_ses-2_acq-1k3k64d_space-ACPC_model-mapmri_param-rtap_dwimap.nii.gz
  [DONE] → sub-134050_ses-2_acq-1k3k64d_space-MNI152NLin2009cAsym_res-02_model-mapmri_param-rtap_dwimap.nii.gz
  [PROC] sub-134050
sub-134050 ses-2
ses-2: sub-134050_ses-2_acq-1k3k64d_space-ACPC_model-mapmri_param-rtop_dwimap.nii.gz
  [DONE] → sub-134050_ses-2_acq-1k3k64d_space-MNI152NLin2009cAsym_res-02_model-mapmri_param-rtop_dwimap.nii.gz
  [PROC] sub-134050
sub-134050 ses-2
ses-2: sub-134050_ses-2_acq-1k3k64d_space-ACPC_model-mapmri_param-rtpp_dwimap.nii.gz
  [DONE] → sub-134050_ses-2_acq-1k3k64d_space-MNI152NLin2009cAsym_res-02_model-mapmri_param-rtpp_dwimap.nii.gz
  [PROC] sub-134050
sub-134050 ses-3
ses-3: sub-134050_ses-3_acq-1k3k64d_space-ACPC_model-mapmri_param-lapnorm_dwimap.nii.gz
  [DONE] → sub-134050_ses-3_acq-1k3k64d_space-MNI152NLin2009cAsym_res-02_model-mapmri_param-lapnorm_dwimap.nii.gz
  [PROC] sub-134050
sub-134050 ses-3
ses-3: sub-134050_ses-3_acq-1k3k64d_space-ACPC_model-mapmri_param-mapcoeffs_dwimap.nii.gz
  [DONE] → sub-134050_ses-3_acq-1k3k64d_space-MNI152NLin2009cAsym_res-02_model-mapmri_param-mapcoeffs_dwimap.nii.gz
  [PROC] sub-134050
sub-134050 ses-3
ses-3: sub-134050_ses-3_acq-1k3k64d_space-ACPC_model-mapmri_param-msd_dwimap.nii.gz
  [DONE] → sub-134050_ses-3_acq-1k3k64d_space-MNI152NLin2009cAsym_res-02_model-mapmri_param-msd_dwimap.nii.gz
  [PROC] sub-134050
sub-134050 ses-3
ses-3: sub-134050_ses-3_acq-1k3k64d_space-ACPC_model-mapmri_param-qiv_dwimap.nii.gz
  [DONE] → sub-134050_ses-3_acq-1k3k64d_space-MNI152NLin2009cAsym_res-02_model-mapmri_param-qiv_dwimap.nii.gz
  [PROC] sub-134050
sub-134050 ses-3
ses-3: sub-134050_ses-3_acq-1k3k64d_space-ACPC_model-mapmri_param-rtap_dwimap.nii.gz
  [DONE] → sub-134050_ses-3_acq-1k3k64d_space-MNI152NLin2009cAsym_res-02_model-mapmri_param-rtap_dwimap.nii.gz
  [PROC] sub-134050
sub-134050 ses-3
ses-3: sub-134050_ses-3_acq-1k3k64d_space-ACPC_model-mapmri_param-rtop_dwimap.nii.gz
  [DONE] → sub-134050_ses-3_acq-1k3k64d_space-MNI152NLin2009cAsym_res-02_model-mapmri_param-rtop_dwimap.nii.gz
  [PROC] sub-134050
sub-134050 ses-3
ses-3: sub-134050_ses-3_acq-1k3k64d_space-ACPC_model-mapmri_param-rtpp_dwimap.nii.gz
  [DONE] → sub-134050_ses-3_acq-1k3k64d_space-MNI152NLin2009cAsym_res-02_model-mapmri_param-rtpp_dwimap.nii.gz
  [PROC] sub-134051
sub-134051 ses-1
ses-1: sub-134051_ses-1_acq-1k3k64d_space-ACPC_model-mapmri_param-lapnorm_dwimap.nii.gz
  [DONE] → sub-134051_ses-1_acq-1k3k64d_space-MNI152NLin2009cAsym_res-02_model-mapmri_param-lapnorm_dwimap.nii.gz
  [PROC] sub-134051
sub-134051 ses-1
ses-1: sub-134051_ses-1_acq-1k3k64d_space-ACPC_model-mapmri_param-mapcoeffs_dwimap.nii.gz
  [DONE] → sub-134051_ses-1_acq-1k3k64d_space-MNI152NLin2009cAsym_res-02_model-mapmri_param-mapcoeffs_dwimap.nii.gz
  [PROC] sub-134051
sub-134051 ses-1
ses-1: sub-134051_ses-1_acq-1k3k64d_space-ACPC_model-mapmri_param-msd_dwimap.nii.gz
  [DONE] → sub-134051_ses-1_acq-1k3k64d_space-MNI152NLin2009cAsym_res-02_model-mapmri_param-msd_dwimap.nii.gz
  [PROC] sub-134051
sub-134051 ses-1
ses-1: sub-134051_ses-1_acq-1k3k64d_space-ACPC_model-mapmri_param-qiv_dwimap.nii.gz
  [DONE] → sub-134051_ses-1_acq-1k3k64d_space-MNI152NLin2009cAsym_res-02_model-mapmri_param-qiv_dwimap.nii.gz
  [PROC] sub-134051
sub-134051 ses-1
ses-1: sub-134051_ses-1_acq-1k3k64d_space-ACPC_model-mapmri_param-rtap_dwimap.nii.gz
  [DONE] → sub-134051_ses-1_acq-1k3k64d_space-MNI152NLin2009cAsym_res-02_model-mapmri_param-rtap_dwimap.nii.gz
  [PROC] sub-134051
sub-134051 ses-1
ses-1: sub-134051_ses-1_acq-1k3k64d_space-ACPC_model-mapmri_param-rtop_dwimap.nii.gz
  [DONE] → sub-134051_ses-1_acq-1k3k64d_space-MNI152NLin2009cAsym_res-02_model-mapmri_param-rtop_dwimap.nii.gz
  [PROC] sub-134051
sub-134051 ses-1
ses-1: sub-134051_ses-1_acq-1k3k64d_space-ACPC_model-mapmri_param-rtpp_dwimap.nii.gz
  [DONE] → sub-134051_ses-1_acq-1k3k64d_space-MNI152NLin2009cAsym_res-02_model-mapmri_param-rtpp_dwimap.nii.gz
  [PROC] sub-134051
sub-134051 ses-2
ses-2: sub-134051_ses-2_acq-1k3k64d_space-ACPC_model-mapmri_param-lapnorm_dwimap.nii.gz
  [DONE] → sub-134051_ses-2_acq-1k3k64d_space-MNI152NLin2009cAsym_res-02_model-mapmri_param-lapnorm_dwimap.nii.gz
  [PROC] sub-134051
sub-134051 ses-2
ses-2: sub-134051_ses-2_acq-1k3k64d_space-ACPC_model-mapmri_param-mapcoeffs_dwimap.nii.gz
  [DONE] → sub-134051_ses-2_acq-1k3k64d_space-MNI152NLin2009cAsym_res-02_model-mapmri_param-mapcoeffs_dwimap.nii.gz
  [PROC] sub-134051
sub-134051 ses-2
ses-2: sub-134051_ses-2_acq-1k3k64d_space-ACPC_model-mapmri_param-msd_dwimap.nii.gz
  [DONE] → sub-134051_ses-2_acq-1k3k64d_space-MNI152NLin2009cAsym_res-02_model-mapmri_param-msd_dwimap.nii.gz
  [PROC] sub-134051
sub-134051 ses-2
ses-2: sub-134051_ses-2_acq-1k3k64d_space-ACPC_model-mapmri_param-qiv_dwimap.nii.gz
  [DONE] → sub-134051_ses-2_acq-1k3k64d_space-MNI152NLin2009cAsym_res-02_model-mapmri_param-qiv_dwimap.nii.gz
  [PROC] sub-134051
sub-134051 ses-2
ses-2: sub-134051_ses-2_acq-1k3k64d_space-ACPC_model-mapmri_param-rtap_dwimap.nii.gz
  [DONE] → sub-134051_ses-2_acq-1k3k64d_space-MNI152NLin2009cAsym_res-02_model-mapmri_param-rtap_dwimap.nii.gz
  [PROC] sub-134051
sub-134051 ses-2
ses-2: sub-134051_ses-2_acq-1k3k64d_space-ACPC_model-mapmri_param-rtop_dwimap.nii.gz
  [DONE] → sub-134051_ses-2_acq-1k3k64d_space-MNI152NLin2009cAsym_res-02_model-mapmri_param-rtop_dwimap.nii.gz
  [PROC] sub-134051
sub-134051 ses-2
ses-2: sub-134051_ses-2_acq-1k3k64d_space-ACPC_model-mapmri_param-rtpp_dwimap.nii.gz
  [DONE] → sub-134051_ses-2_acq-1k3k64d_space-MNI152NLin2009cAsym_res-02_model-mapmri_param-rtpp_dwimap.nii.gz
  [PROC] sub-134051
sub-134051 ses-3
ses-3: sub-134051_ses-3_acq-1k3k64d_space-ACPC_model-mapmri_param-lapnorm_dwimap.nii.gz
  [DONE] → sub-134051_ses-3_acq-1k3k64d_space-MNI152NLin2009cAsym_res-02_model-mapmri_param-lapnorm_dwimap.nii.gz
  [PROC] sub-134051
sub-134051 ses-3
ses-3: sub-134051_ses-3_acq-1k3k64d_space-ACPC_model-mapmri_param-mapcoeffs_dwimap.nii.gz
  [DONE] → sub-134051_ses-3_acq-1k3k64d_space-MNI152NLin2009cAsym_res-02_model-mapmri_param-mapcoeffs_dwimap.nii.gz
  [PROC] sub-134051
sub-134051 ses-3
ses-3: sub-134051_ses-3_acq-1k3k64d_space-ACPC_model-mapmri_param-msd_dwimap.nii.gz
  [DONE] → sub-134051_ses-3_acq-1k3k64d_space-MNI152NLin2009cAsym_res-02_model-mapmri_param-msd_dwimap.nii.gz
  [PROC] sub-134051
sub-134051 ses-3
ses-3: sub-134051_ses-3_acq-1k3k64d_space-ACPC_model-mapmri_param-qiv_dwimap.nii.gz
  [DONE] → sub-134051_ses-3_acq-1k3k64d_space-MNI152NLin2009cAsym_res-02_model-mapmri_param-qiv_dwimap.nii.gz
  [PROC] sub-134051
sub-134051 ses-3
ses-3: sub-134051_ses-3_acq-1k3k64d_space-ACPC_model-mapmri_param-rtap_dwimap.nii.gz
  [DONE] → sub-134051_ses-3_acq-1k3k64d_space-MNI152NLin2009cAsym_res-02_model-mapmri_param-rtap_dwimap.nii.gz
  [PROC] sub-134051
sub-134051 ses-3
ses-3: sub-134051_ses-3_acq-1k3k64d_space-ACPC_model-mapmri_param-rtop_dwimap.nii.gz
  [DONE] → sub-134051_ses-3_acq-1k3k64d_space-MNI152NLin2009cAsym_res-02_model-mapmri_param-rtop_dwimap.nii.gz
  [PROC] sub-134051
sub-134051 ses-3
ses-3: sub-134051_ses-3_acq-1k3k64d_space-ACPC_model-mapmri_param-rtpp_dwimap.nii.gz
  [DONE] → sub-134051_ses-3_acq-1k3k64d_space-MNI152NLin2009cAsym_res-02_model-mapmri_param-rtpp_dwimap.nii.gz
  [PROC] sub-134052
sub-134052 ses-1
ses-1: sub-134052_ses-1_acq-1k3k64d_space-ACPC_model-mapmri_param-lapnorm_dwimap.nii.gz
  [DONE] → sub-134052_ses-1_acq-1k3k64d_space-MNI152NLin2009cAsym_res-02_model-mapmri_param-lapnorm_dwimap.nii.gz
  [PROC] sub-134052
sub-134052 ses-1
ses-1: sub-134052_ses-1_acq-1k3k64d_space-ACPC_model-mapmri_param-mapcoeffs_dwimap.nii.gz
  [DONE] → sub-134052_ses-1_acq-1k3k64d_space-MNI152NLin2009cAsym_res-02_model-mapmri_param-mapcoeffs_dwimap.nii.gz
  [PROC] sub-134052
sub-134052 ses-1
ses-1: sub-134052_ses-1_acq-1k3k64d_space-ACPC_model-mapmri_param-msd_dwimap.nii.gz
  [DONE] → sub-134052_ses-1_acq-1k3k64d_space-MNI152NLin2009cAsym_res-02_model-mapmri_param-msd_dwimap.nii.gz
  [PROC] sub-134052
sub-134052 ses-1
ses-1: sub-134052_ses-1_acq-1k3k64d_space-ACPC_model-mapmri_param-qiv_dwimap.nii.gz
  [DONE] → sub-134052_ses-1_acq-1k3k64d_space-MNI152NLin2009cAsym_res-02_model-mapmri_param-qiv_dwimap.nii.gz
  [PROC] sub-134052
sub-134052 ses-1
ses-1: sub-134052_ses-1_acq-1k3k64d_space-ACPC_model-mapmri_param-rtap_dwimap.nii.gz
  [DONE] → sub-134052_ses-1_acq-1k3k64d_space-MNI152NLin2009cAsym_res-02_model-mapmri_param-rtap_dwimap.nii.gz
  [PROC] sub-134052
sub-134052 ses-1
ses-1: sub-134052_ses-1_acq-1k3k64d_space-ACPC_model-mapmri_param-rtop_dwimap.nii.gz
  [DONE] → sub-134052_ses-1_acq-1k3k64d_space-MNI152NLin2009cAsym_res-02_model-mapmri_param-rtop_dwimap.nii.gz
  [PROC] sub-134052
sub-134052 ses-1
ses-1: sub-134052_ses-1_acq-1k3k64d_space-ACPC_model-mapmri_param-rtpp_dwimap.nii.gz
  [DONE] → sub-134052_ses-1_acq-1k3k64d_space-MNI152NLin2009cAsym_res-02_model-mapmri_param-rtpp_dwimap.nii.gz
  [PROC] sub-134052
sub-134052 ses-2
ses-2: sub-134052_ses-2_acq-1k3k64d_space-ACPC_model-mapmri_param-lapnorm_dwimap.nii.gz
  [DONE] → sub-134052_ses-2_acq-1k3k64d_space-MNI152NLin2009cAsym_res-02_model-mapmri_param-lapnorm_dwimap.nii.gz
  [PROC] sub-134052
sub-134052 ses-2
ses-2: sub-134052_ses-2_acq-1k3k64d_space-ACPC_model-mapmri_param-mapcoeffs_dwimap.nii.gz
  [DONE] → sub-134052_ses-2_acq-1k3k64d_space-MNI152NLin2009cAsym_res-02_model-mapmri_param-mapcoeffs_dwimap.nii.gz
  [PROC] sub-134052
sub-134052 ses-2
ses-2: sub-134052_ses-2_acq-1k3k64d_space-ACPC_model-mapmri_param-msd_dwimap.nii.gz
  [DONE] → sub-134052_ses-2_acq-1k3k64d_space-MNI152NLin2009cAsym_res-02_model-mapmri_param-msd_dwimap.nii.gz
  [PROC] sub-134052
sub-134052 ses-2
ses-2: sub-134052_ses-2_acq-1k3k64d_space-ACPC_model-mapmri_param-qiv_dwimap.nii.gz
  [DONE] → sub-134052_ses-2_acq-1k3k64d_space-MNI152NLin2009cAsym_res-02_model-mapmri_param-qiv_dwimap.nii.gz
  [PROC] sub-134052
sub-134052 ses-2
ses-2: sub-134052_ses-2_acq-1k3k64d_space-ACPC_model-mapmri_param-rtap_dwimap.nii.gz
  [DONE] → sub-134052_ses-2_acq-1k3k64d_space-MNI152NLin2009cAsym_res-02_model-mapmri_param-rtap_dwimap.nii.gz
  [PROC] sub-134052
sub-134052 ses-2
ses-2: sub-134052_ses-2_acq-1k3k64d_space-ACPC_model-mapmri_param-rtop_dwimap.nii.gz
  [DONE] → sub-134052_ses-2_acq-1k3k64d_space-MNI152NLin2009cAsym_res-02_model-mapmri_param-rtop_dwimap.nii.gz
  [PROC] sub-134052
sub-134052 ses-2
ses-2: sub-134052_ses-2_acq-1k3k64d_space-ACPC_model-mapmri_param-rtpp_dwimap.nii.gz
  [DONE] → sub-134052_ses-2_acq-1k3k64d_space-MNI152NLin2009cAsym_res-02_model-mapmri_param-rtpp_dwimap.nii.gz
  [PROC] sub-134052
sub-134052 ses-3
ses-3: sub-134052_ses-3_acq-1k3k64d_space-ACPC_model-mapmri_param-lapnorm_dwimap.nii.gz
  [DONE] → sub-134052_ses-3_acq-1k3k64d_space-MNI152NLin2009cAsym_res-02_model-mapmri_param-lapnorm_dwimap.nii.gz
  [PROC] sub-134052
sub-134052 ses-3
ses-3: sub-134052_ses-3_acq-1k3k64d_space-ACPC_model-mapmri_param-mapcoeffs_dwimap.nii.gz
  [DONE] → sub-134052_ses-3_acq-1k3k64d_space-MNI152NLin2009cAsym_res-02_model-mapmri_param-mapcoeffs_dwimap.nii.gz
  [PROC] sub-134052
sub-134052 ses-3
ses-3: sub-134052_ses-3_acq-1k3k64d_space-ACPC_model-mapmri_param-msd_dwimap.nii.gz
  [DONE] → sub-134052_ses-3_acq-1k3k64d_space-MNI152NLin2009cAsym_res-02_model-mapmri_param-msd_dwimap.nii.gz
  [PROC] sub-134052
sub-134052 ses-3
ses-3: sub-134052_ses-3_acq-1k3k64d_space-ACPC_model-mapmri_param-qiv_dwimap.nii.gz
  [DONE] → sub-134052_ses-3_acq-1k3k64d_space-MNI152NLin2009cAsym_res-02_model-mapmri_param-qiv_dwimap.nii.gz
  [PROC] sub-134052
sub-134052 ses-3
ses-3: sub-134052_ses-3_acq-1k3k64d_space-ACPC_model-mapmri_param-rtap_dwimap.nii.gz
  [DONE] → sub-134052_ses-3_acq-1k3k64d_space-MNI152NLin2009cAsym_res-02_model-mapmri_param-rtap_dwimap.nii.gz
  [PROC] sub-134052
sub-134052 ses-3
ses-3: sub-134052_ses-3_acq-1k3k64d_space-ACPC_model-mapmri_param-rtop_dwimap.nii.gz
  [DONE] → sub-134052_ses-3_acq-1k3k64d_space-MNI152NLin2009cAsym_res-02_model-mapmri_param-rtop_dwimap.nii.gz
  [PROC] sub-134052
sub-134052 ses-3
ses-3: sub-134052_ses-3_acq-1k3k64d_space-ACPC_model-mapmri_param-rtpp_dwimap.nii.gz
  [DONE] → sub-134052_ses-3_acq-1k3k64d_space-MNI152NLin2009cAsym_res-02_model-mapmri_param-rtpp_dwimap.nii.gz
  [PROC] sub-134054
sub-134054 ses-1
ses-1: sub-134054_ses-1_acq-1k3k64d_space-ACPC_model-mapmri_param-lapnorm_dwimap.nii.gz
  [DONE] → sub-134054_ses-1_acq-1k3k64d_space-MNI152NLin2009cAsym_res-02_model-mapmri_param-lapnorm_dwimap.nii.gz
  [PROC] sub-134054
sub-134054 ses-1
ses-1: sub-134054_ses-1_acq-1k3k64d_space-ACPC_model-mapmri_param-mapcoeffs_dwimap.nii.gz
  [DONE] → sub-134054_ses-1_acq-1k3k64d_space-MNI152NLin2009cAsym_res-02_model-mapmri_param-mapcoeffs_dwimap.nii.gz
  [PROC] sub-134054
sub-134054 ses-1
ses-1: sub-134054_ses-1_acq-1k3k64d_space-ACPC_model-mapmri_param-msd_dwimap.nii.gz
  [DONE] → sub-134054_ses-1_acq-1k3k64d_space-MNI152NLin2009cAsym_res-02_model-mapmri_param-msd_dwimap.nii.gz
  [PROC] sub-134054
sub-134054 ses-1
ses-1: sub-134054_ses-1_acq-1k3k64d_space-ACPC_model-mapmri_param-qiv_dwimap.nii.gz
  [DONE] → sub-134054_ses-1_acq-1k3k64d_space-MNI152NLin2009cAsym_res-02_model-mapmri_param-qiv_dwimap.nii.gz
  [PROC] sub-134054
sub-134054 ses-1
ses-1: sub-134054_ses-1_acq-1k3k64d_space-ACPC_model-mapmri_param-rtap_dwimap.nii.gz
  [DONE] → sub-134054_ses-1_acq-1k3k64d_space-MNI152NLin2009cAsym_res-02_model-mapmri_param-rtap_dwimap.nii.gz
  [PROC] sub-134054
sub-134054 ses-1
ses-1: sub-134054_ses-1_acq-1k3k64d_space-ACPC_model-mapmri_param-rtop_dwimap.nii.gz
  [DONE] → sub-134054_ses-1_acq-1k3k64d_space-MNI152NLin2009cAsym_res-02_model-mapmri_param-rtop_dwimap.nii.gz
  [PROC] sub-134054
sub-134054 ses-1
ses-1: sub-134054_ses-1_acq-1k3k64d_space-ACPC_model-mapmri_param-rtpp_dwimap.nii.gz
  [DONE] → sub-134054_ses-1_acq-1k3k64d_space-MNI152NLin2009cAsym_res-02_model-mapmri_param-rtpp_dwimap.nii.gz
  [PROC] sub-134054
sub-134054 ses-2
ses-2: sub-134054_ses-2_acq-1k3k64d_space-ACPC_model-mapmri_param-lapnorm_dwimap.nii.gz
  [DONE] → sub-134054_ses-2_acq-1k3k64d_space-MNI152NLin2009cAsym_res-02_model-mapmri_param-lapnorm_dwimap.nii.gz
  [PROC] sub-134054
sub-134054 ses-2
ses-2: sub-134054_ses-2_acq-1k3k64d_space-ACPC_model-mapmri_param-mapcoeffs_dwimap.nii.gz
  [DONE] → sub-134054_ses-2_acq-1k3k64d_space-MNI152NLin2009cAsym_res-02_model-mapmri_param-mapcoeffs_dwimap.nii.gz
  [PROC] sub-134054
sub-134054 ses-2
ses-2: sub-134054_ses-2_acq-1k3k64d_space-ACPC_model-mapmri_param-msd_dwimap.nii.gz
  [DONE] → sub-134054_ses-2_acq-1k3k64d_space-MNI152NLin2009cAsym_res-02_model-mapmri_param-msd_dwimap.nii.gz
  [PROC] sub-134054
sub-134054 ses-2
ses-2: sub-134054_ses-2_acq-1k3k64d_space-ACPC_model-mapmri_param-qiv_dwimap.nii.gz
  [DONE] → sub-134054_ses-2_acq-1k3k64d_space-MNI152NLin2009cAsym_res-02_model-mapmri_param-qiv_dwimap.nii.gz
  [PROC] sub-134054
sub-134054 ses-2
ses-2: sub-134054_ses-2_acq-1k3k64d_space-ACPC_model-mapmri_param-rtap_dwimap.nii.gz
  [DONE] → sub-134054_ses-2_acq-1k3k64d_space-MNI152NLin2009cAsym_res-02_model-mapmri_param-rtap_dwimap.nii.gz
  [PROC] sub-134054
sub-134054 ses-2
ses-2: sub-134054_ses-2_acq-1k3k64d_space-ACPC_model-mapmri_param-rtop_dwimap.nii.gz
  [DONE] → sub-134054_ses-2_acq-1k3k64d_space-MNI152NLin2009cAsym_res-02_model-mapmri_param-rtop_dwimap.nii.gz
  [PROC] sub-134054
sub-134054 ses-2
ses-2: sub-134054_ses-2_acq-1k3k64d_space-ACPC_model-mapmri_param-rtpp_dwimap.nii.gz
  [DONE] → sub-134054_ses-2_acq-1k3k64d_space-MNI152NLin2009cAsym_res-02_model-mapmri_param-rtpp_dwimap.nii.gz
  [PROC] sub-134054
sub-134054 ses-3
ses-3: sub-134054_ses-3_acq-1k3k64d_space-ACPC_model-mapmri_param-lapnorm_dwimap.nii.gz
  [DONE] → sub-134054_ses-3_acq-1k3k64d_space-MNI152NLin2009cAsym_res-02_model-mapmri_param-lapnorm_dwimap.nii.gz
  [PROC] sub-134054
sub-134054 ses-3
ses-3: sub-134054_ses-3_acq-1k3k64d_space-ACPC_model-mapmri_param-mapcoeffs_dwimap.nii.gz
  [DONE] → sub-134054_ses-3_acq-1k3k64d_space-MNI152NLin2009cAsym_res-02_model-mapmri_param-mapcoeffs_dwimap.nii.gz
  [PROC] sub-134054
sub-134054 ses-3
ses-3: sub-134054_ses-3_acq-1k3k64d_space-ACPC_model-mapmri_param-msd_dwimap.nii.gz
  [DONE] → sub-134054_ses-3_acq-1k3k64d_space-MNI152NLin2009cAsym_res-02_model-mapmri_param-msd_dwimap.nii.gz
  [PROC] sub-134054
sub-134054 ses-3
ses-3: sub-134054_ses-3_acq-1k3k64d_space-ACPC_model-mapmri_param-rtap_dwimap.nii.gz
  [DONE] → sub-134054_ses-3_acq-1k3k64d_space-MNI152NLin2009cAsym_res-02_model-mapmri_param-rtap_dwimap.nii.gz
  [PROC] sub-134054
sub-134054 ses-3
ses-3: sub-134054_ses-3_acq-1k3k64d_space-ACPC_model-mapmri_param-qiv_dwimap.nii.gz
  [DONE] → sub-134054_ses-3_acq-1k3k64d_space-MNI152NLin2009cAsym_res-02_model-mapmri_param-qiv_dwimap.nii.gz
  [PROC] sub-134054
sub-134054 ses-3
ses-3: sub-134054_ses-3_acq-1k3k64d_space-ACPC_model-mapmri_param-rtop_dwimap.nii.gz
  [DONE] → sub-134054_ses-3_acq-1k3k64d_space-MNI152NLin2009cAsym_res-02_model-mapmri_param-rtop_dwimap.nii.gz
  [PROC] sub-134054
sub-134054 ses-3
ses-3: sub-134054_ses-3_acq-1k3k64d_space-ACPC_model-mapmri_param-rtpp_dwimap.nii.gz
  [DONE] → sub-134054_ses-3_acq-1k3k64d_space-MNI152NLin2009cAsym_res-02_model-mapmri_param-rtpp_dwimap.nii.gz
  [PROC] sub-134055
sub-134055 ses-1
ses-1: sub-134055_ses-1_acq-1k3k64d_space-ACPC_model-mapmri_param-lapnorm_dwimap.nii.gz
  [DONE] → sub-134055_ses-1_acq-1k3k64d_space-MNI152NLin2009cAsym_res-02_model-mapmri_param-lapnorm_dwimap.nii.gz
  [PROC] sub-134055
sub-134055 ses-1
ses-1: sub-134055_ses-1_acq-1k3k64d_space-ACPC_model-mapmri_param-mapcoeffs_dwimap.nii.gz
  [DONE] → sub-134055_ses-1_acq-1k3k64d_space-MNI152NLin2009cAsym_res-02_model-mapmri_param-mapcoeffs_dwimap.nii.gz
  [PROC] sub-134055
sub-134055 ses-1
ses-1: sub-134055_ses-1_acq-1k3k64d_space-ACPC_model-mapmri_param-msd_dwimap.nii.gz
  [DONE] → sub-134055_ses-1_acq-1k3k64d_space-MNI152NLin2009cAsym_res-02_model-mapmri_param-msd_dwimap.nii.gz
  [PROC] sub-134055
sub-134055 ses-1
ses-1: sub-134055_ses-1_acq-1k3k64d_space-ACPC_model-mapmri_param-qiv_dwimap.nii.gz
  [DONE] → sub-134055_ses-1_acq-1k3k64d_space-MNI152NLin2009cAsym_res-02_model-mapmri_param-qiv_dwimap.nii.gz
  [PROC] sub-134055
sub-134055 ses-1
ses-1: sub-134055_ses-1_acq-1k3k64d_space-ACPC_model-mapmri_param-rtop_dwimap.nii.gz
  [DONE] → sub-134055_ses-1_acq-1k3k64d_space-MNI152NLin2009cAsym_res-02_model-mapmri_param-rtop_dwimap.nii.gz
  [PROC] sub-134055
sub-134055 ses-1
ses-1: sub-134055_ses-1_acq-1k3k64d_space-ACPC_model-mapmri_param-rtap_dwimap.nii.gz
  [DONE] → sub-134055_ses-1_acq-1k3k64d_space-MNI152NLin2009cAsym_res-02_model-mapmri_param-rtap_dwimap.nii.gz
  [PROC] sub-134055
sub-134055 ses-1
ses-1: sub-134055_ses-1_acq-1k3k64d_space-ACPC_model-mapmri_param-rtpp_dwimap.nii.gz
  [DONE] → sub-134055_ses-1_acq-1k3k64d_space-MNI152NLin2009cAsym_res-02_model-mapmri_param-rtpp_dwimap.nii.gz
  [PROC] sub-134055
sub-134055 ses-2
ses-2: sub-134055_ses-2_acq-1k3k64d_space-ACPC_model-mapmri_param-lapnorm_dwimap.nii.gz
  [DONE] → sub-134055_ses-2_acq-1k3k64d_space-MNI152NLin2009cAsym_res-02_model-mapmri_param-lapnorm_dwimap.nii.gz
  [PROC] sub-134055
sub-134055 ses-2
ses-2: sub-134055_ses-2_acq-1k3k64d_space-ACPC_model-mapmri_param-msd_dwimap.nii.gz
  [DONE] → sub-134055_ses-2_acq-1k3k64d_space-MNI152NLin2009cAsym_res-02_model-mapmri_param-msd_dwimap.nii.gz
  [PROC] sub-134055
sub-134055 ses-2
ses-2: sub-134055_ses-2_acq-1k3k64d_space-ACPC_model-mapmri_param-mapcoeffs_dwimap.nii.gz
  [DONE] → sub-134055_ses-2_acq-1k3k64d_space-MNI152NLin2009cAsym_res-02_model-mapmri_param-mapcoeffs_dwimap.nii.gz
  [PROC] sub-134055
sub-134055 ses-2
ses-2: sub-134055_ses-2_acq-1k3k64d_space-ACPC_model-mapmri_param-qiv_dwimap.nii.gz
  [DONE] → sub-134055_ses-2_acq-1k3k64d_space-MNI152NLin2009cAsym_res-02_model-mapmri_param-qiv_dwimap.nii.gz
  [PROC] sub-134055
sub-134055 ses-2
ses-2: sub-134055_ses-2_acq-1k3k64d_space-ACPC_model-mapmri_param-rtap_dwimap.nii.gz
  [DONE] → sub-134055_ses-2_acq-1k3k64d_space-MNI152NLin2009cAsym_res-02_model-mapmri_param-rtap_dwimap.nii.gz
  [PROC] sub-134055
sub-134055 ses-2
ses-2: sub-134055_ses-2_acq-1k3k64d_space-ACPC_model-mapmri_param-rtpp_dwimap.nii.gz
  [DONE] → sub-134055_ses-2_acq-1k3k64d_space-MNI152NLin2009cAsym_res-02_model-mapmri_param-rtpp_dwimap.nii.gz
  [PROC] sub-134055
sub-134055 ses-2
ses-2: sub-134055_ses-2_acq-1k3k64d_space-ACPC_model-mapmri_param-rtop_dwimap.nii.gz
  [DONE] → sub-134055_ses-2_acq-1k3k64d_space-MNI152NLin2009cAsym_res-02_model-mapmri_param-rtop_dwimap.nii.gz
  [PROC] sub-134055
sub-134055 ses-3
ses-3: sub-134055_ses-3_acq-1k3k64d_space-ACPC_model-mapmri_param-lapnorm_dwimap.nii.gz
  [DONE] → sub-134055_ses-3_acq-1k3k64d_space-MNI152NLin2009cAsym_res-02_model-mapmri_param-lapnorm_dwimap.nii.gz
  [PROC] sub-134055
sub-134055 ses-3
ses-3: sub-134055_ses-3_acq-1k3k64d_space-ACPC_model-mapmri_param-mapcoeffs_dwimap.nii.gz
  [DONE] → sub-134055_ses-3_acq-1k3k64d_space-MNI152NLin2009cAsym_res-02_model-mapmri_param-mapcoeffs_dwimap.nii.gz
  [PROC] sub-134055
sub-134055 ses-3
ses-3: sub-134055_ses-3_acq-1k3k64d_space-ACPC_model-mapmri_param-msd_dwimap.nii.gz
  [DONE] → sub-134055_ses-3_acq-1k3k64d_space-MNI152NLin2009cAsym_res-02_model-mapmri_param-msd_dwimap.nii.gz
  [PROC] sub-134055
sub-134055 ses-3
ses-3: sub-134055_ses-3_acq-1k3k64d_space-ACPC_model-mapmri_param-qiv_dwimap.nii.gz
  [DONE] → sub-134055_ses-3_acq-1k3k64d_space-MNI152NLin2009cAsym_res-02_model-mapmri_param-qiv_dwimap.nii.gz
  [PROC] sub-134055
sub-134055 ses-3
ses-3: sub-134055_ses-3_acq-1k3k64d_space-ACPC_model-mapmri_param-rtap_dwimap.nii.gz
  [DONE] → sub-134055_ses-3_acq-1k3k64d_space-MNI152NLin2009cAsym_res-02_model-mapmri_param-rtap_dwimap.nii.gz
  [PROC] sub-134055
sub-134055 ses-3
ses-3: sub-134055_ses-3_acq-1k3k64d_space-ACPC_model-mapmri_param-rtop_dwimap.nii.gz
  [DONE] → sub-134055_ses-3_acq-1k3k64d_space-MNI152NLin2009cAsym_res-02_model-mapmri_param-rtop_dwimap.nii.gz
  [PROC] sub-134055
sub-134055 ses-3
ses-3: sub-134055_ses-3_acq-1k3k64d_space-ACPC_model-mapmri_param-rtpp_dwimap.nii.gz
  [DONE] → sub-134055_ses-3_acq-1k3k64d_space-MNI152NLin2009cAsym_res-02_model-mapmri_param-rtpp_dwimap.nii.gz
  [PROC] sub-134056
sub-134056 ses-1
ses-1: sub-134056_ses-1_acq-1k3k64d_space-ACPC_model-mapmri_param-lapnorm_dwimap.nii.gz
  [DONE] → sub-134056_ses-1_acq-1k3k64d_space-MNI152NLin2009cAsym_res-02_model-mapmri_param-lapnorm_dwimap.nii.gz
  [PROC] sub-134056
sub-134056 ses-1
ses-1: sub-134056_ses-1_acq-1k3k64d_space-ACPC_model-mapmri_param-mapcoeffs_dwimap.nii.gz
  [DONE] → sub-134056_ses-1_acq-1k3k64d_space-MNI152NLin2009cAsym_res-02_model-mapmri_param-mapcoeffs_dwimap.nii.gz
  [PROC] sub-134056
sub-134056 ses-1
ses-1: sub-134056_ses-1_acq-1k3k64d_space-ACPC_model-mapmri_param-msd_dwimap.nii.gz
  [DONE] → sub-134056_ses-1_acq-1k3k64d_space-MNI152NLin2009cAsym_res-02_model-mapmri_param-msd_dwimap.nii.gz
  [PROC] sub-134056
sub-134056 ses-1
ses-1: sub-134056_ses-1_acq-1k3k64d_space-ACPC_model-mapmri_param-qiv_dwimap.nii.gz
  [DONE] → sub-134056_ses-1_acq-1k3k64d_space-MNI152NLin2009cAsym_res-02_model-mapmri_param-qiv_dwimap.nii.gz
  [PROC] sub-134056
sub-134056 ses-1
ses-1: sub-134056_ses-1_acq-1k3k64d_space-ACPC_model-mapmri_param-rtap_dwimap.nii.gz
  [DONE] → sub-134056_ses-1_acq-1k3k64d_space-MNI152NLin2009cAsym_res-02_model-mapmri_param-rtap_dwimap.nii.gz
  [PROC] sub-134056
sub-134056 ses-1
ses-1: sub-134056_ses-1_acq-1k3k64d_space-ACPC_model-mapmri_param-rtop_dwimap.nii.gz
  [DONE] → sub-134056_ses-1_acq-1k3k64d_space-MNI152NLin2009cAsym_res-02_model-mapmri_param-rtop_dwimap.nii.gz
  [PROC] sub-134056
sub-134056 ses-1
ses-1: sub-134056_ses-1_acq-1k3k64d_space-ACPC_model-mapmri_param-rtpp_dwimap.nii.gz
  [DONE] → sub-134056_ses-1_acq-1k3k64d_space-MNI152NLin2009cAsym_res-02_model-mapmri_param-rtpp_dwimap.nii.gz
  [PROC] sub-134056
sub-134056 ses-2
ses-2: sub-134056_ses-2_acq-1k3k64d_space-ACPC_model-mapmri_param-lapnorm_dwimap.nii.gz
  [DONE] → sub-134056_ses-2_acq-1k3k64d_space-MNI152NLin2009cAsym_res-02_model-mapmri_param-lapnorm_dwimap.nii.gz
  [PROC] sub-134056
sub-134056 ses-2
ses-2: sub-134056_ses-2_acq-1k3k64d_space-ACPC_model-mapmri_param-mapcoeffs_dwimap.nii.gz
  [DONE] → sub-134056_ses-2_acq-1k3k64d_space-MNI152NLin2009cAsym_res-02_model-mapmri_param-mapcoeffs_dwimap.nii.gz
  [PROC] sub-134056
sub-134056 ses-2
ses-2: sub-134056_ses-2_acq-1k3k64d_space-ACPC_model-mapmri_param-msd_dwimap.nii.gz
  [DONE] → sub-134056_ses-2_acq-1k3k64d_space-MNI152NLin2009cAsym_res-02_model-mapmri_param-msd_dwimap.nii.gz
  [PROC] sub-134056
sub-134056 ses-2
ses-2: sub-134056_ses-2_acq-1k3k64d_space-ACPC_model-mapmri_param-qiv_dwimap.nii.gz
  [DONE] → sub-134056_ses-2_acq-1k3k64d_space-MNI152NLin2009cAsym_res-02_model-mapmri_param-qiv_dwimap.nii.gz
  [PROC] sub-134056
sub-134056 ses-2
ses-2: sub-134056_ses-2_acq-1k3k64d_space-ACPC_model-mapmri_param-rtap_dwimap.nii.gz
  [DONE] → sub-134056_ses-2_acq-1k3k64d_space-MNI152NLin2009cAsym_res-02_model-mapmri_param-rtap_dwimap.nii.gz
  [PROC] sub-134056
sub-134056 ses-2
ses-2: sub-134056_ses-2_acq-1k3k64d_space-ACPC_model-mapmri_param-rtop_dwimap.nii.gz
  [DONE] → sub-134056_ses-2_acq-1k3k64d_space-MNI152NLin2009cAsym_res-02_model-mapmri_param-rtop_dwimap.nii.gz
  [PROC] sub-134056
sub-134056 ses-2
ses-2: sub-134056_ses-2_acq-1k3k64d_space-ACPC_model-mapmri_param-rtpp_dwimap.nii.gz
  [DONE] → sub-134056_ses-2_acq-1k3k64d_space-MNI152NLin2009cAsym_res-02_model-mapmri_param-rtpp_dwimap.nii.gz
  [PROC] sub-134057
sub-134057 ses-1
ses-1: sub-134057_ses-1_acq-1k3k64d_space-ACPC_model-mapmri_param-lapnorm_dwimap.nii.gz
  [DONE] → sub-134057_ses-1_acq-1k3k64d_space-MNI152NLin2009cAsym_res-02_model-mapmri_param-lapnorm_dwimap.nii.gz
  [PROC] sub-134057
sub-134057 ses-1
ses-1: sub-134057_ses-1_acq-1k3k64d_space-ACPC_model-mapmri_param-mapcoeffs_dwimap.nii.gz
  [DONE] → sub-134057_ses-1_acq-1k3k64d_space-MNI152NLin2009cAsym_res-02_model-mapmri_param-mapcoeffs_dwimap.nii.gz
  [PROC] sub-134057
sub-134057 ses-1
ses-1: sub-134057_ses-1_acq-1k3k64d_space-ACPC_model-mapmri_param-msd_dwimap.nii.gz
  [DONE] → sub-134057_ses-1_acq-1k3k64d_space-MNI152NLin2009cAsym_res-02_model-mapmri_param-msd_dwimap.nii.gz
  [PROC] sub-134057
sub-134057 ses-1
ses-1: sub-134057_ses-1_acq-1k3k64d_space-ACPC_model-mapmri_param-qiv_dwimap.nii.gz
  [DONE] → sub-134057_ses-1_acq-1k3k64d_space-MNI152NLin2009cAsym_res-02_model-mapmri_param-qiv_dwimap.nii.gz
  [PROC] sub-134057
sub-134057 ses-1
ses-1: sub-134057_ses-1_acq-1k3k64d_space-ACPC_model-mapmri_param-rtap_dwimap.nii.gz
  [DONE] → sub-134057_ses-1_acq-1k3k64d_space-MNI152NLin2009cAsym_res-02_model-mapmri_param-rtap_dwimap.nii.gz
  [PROC] sub-134057
sub-134057 ses-1
ses-1: sub-134057_ses-1_acq-1k3k64d_space-ACPC_model-mapmri_param-rtop_dwimap.nii.gz
  [DONE] → sub-134057_ses-1_acq-1k3k64d_space-MNI152NLin2009cAsym_res-02_model-mapmri_param-rtop_dwimap.nii.gz
  [PROC] sub-134057
sub-134057 ses-1
ses-1: sub-134057_ses-1_acq-1k3k64d_space-ACPC_model-mapmri_param-rtpp_dwimap.nii.gz
  [DONE] → sub-134057_ses-1_acq-1k3k64d_space-MNI152NLin2009cAsym_res-02_model-mapmri_param-rtpp_dwimap.nii.gz
  [PROC] sub-134057
sub-134057 ses-2
ses-2: sub-134057_ses-2_acq-1k3k64d_space-ACPC_model-mapmri_param-lapnorm_dwimap.nii.gz
  [DONE] → sub-134057_ses-2_acq-1k3k64d_space-MNI152NLin2009cAsym_res-02_model-mapmri_param-lapnorm_dwimap.nii.gz
  [PROC] sub-134057
sub-134057 ses-2
ses-2: sub-134057_ses-2_acq-1k3k64d_space-ACPC_model-mapmri_param-mapcoeffs_dwimap.nii.gz
  [DONE] → sub-134057_ses-2_acq-1k3k64d_space-MNI152NLin2009cAsym_res-02_model-mapmri_param-mapcoeffs_dwimap.nii.gz
  [PROC] sub-134057
sub-134057 ses-2
ses-2: sub-134057_ses-2_acq-1k3k64d_space-ACPC_model-mapmri_param-msd_dwimap.nii.gz
  [DONE] → sub-134057_ses-2_acq-1k3k64d_space-MNI152NLin2009cAsym_res-02_model-mapmri_param-msd_dwimap.nii.gz
  [PROC] sub-134057
sub-134057 ses-2
ses-2: sub-134057_ses-2_acq-1k3k64d_space-ACPC_model-mapmri_param-qiv_dwimap.nii.gz
  [DONE] → sub-134057_ses-2_acq-1k3k64d_space-MNI152NLin2009cAsym_res-02_model-mapmri_param-qiv_dwimap.nii.gz
  [PROC] sub-134057
sub-134057 ses-2
ses-2: sub-134057_ses-2_acq-1k3k64d_space-ACPC_model-mapmri_param-rtap_dwimap.nii.gz
  [DONE] → sub-134057_ses-2_acq-1k3k64d_space-MNI152NLin2009cAsym_res-02_model-mapmri_param-rtap_dwimap.nii.gz
  [PROC] sub-134057
sub-134057 ses-2
ses-2: sub-134057_ses-2_acq-1k3k64d_space-ACPC_model-mapmri_param-rtop_dwimap.nii.gz
  [DONE] → sub-134057_ses-2_acq-1k3k64d_space-MNI152NLin2009cAsym_res-02_model-mapmri_param-rtop_dwimap.nii.gz
  [PROC] sub-134057
sub-134057 ses-2
ses-2: sub-134057_ses-2_acq-1k3k64d_space-ACPC_model-mapmri_param-rtpp_dwimap.nii.gz
  [DONE] → sub-134057_ses-2_acq-1k3k64d_space-MNI152NLin2009cAsym_res-02_model-mapmri_param-rtpp_dwimap.nii.gz
  [PROC] sub-134057
sub-134057 ses-3
ses-3: sub-134057_ses-3_acq-1k3k64d_space-ACPC_model-mapmri_param-lapnorm_dwimap.nii.gz
  [DONE] → sub-134057_ses-3_acq-1k3k64d_space-MNI152NLin2009cAsym_res-02_model-mapmri_param-lapnorm_dwimap.nii.gz
  [PROC] sub-134057
sub-134057 ses-3
ses-3: sub-134057_ses-3_acq-1k3k64d_space-ACPC_model-mapmri_param-mapcoeffs_dwimap.nii.gz
  [DONE] → sub-134057_ses-3_acq-1k3k64d_space-MNI152NLin2009cAsym_res-02_model-mapmri_param-mapcoeffs_dwimap.nii.gz
  [PROC] sub-134057
sub-134057 ses-3
ses-3: sub-134057_ses-3_acq-1k3k64d_space-ACPC_model-mapmri_param-msd_dwimap.nii.gz
  [DONE] → sub-134057_ses-3_acq-1k3k64d_space-MNI152NLin2009cAsym_res-02_model-mapmri_param-msd_dwimap.nii.gz
  [PROC] sub-134057
sub-134057 ses-3
ses-3: sub-134057_ses-3_acq-1k3k64d_space-ACPC_model-mapmri_param-qiv_dwimap.nii.gz
  [DONE] → sub-134057_ses-3_acq-1k3k64d_space-MNI152NLin2009cAsym_res-02_model-mapmri_param-qiv_dwimap.nii.gz
  [PROC] sub-134057
sub-134057 ses-3
ses-3: sub-134057_ses-3_acq-1k3k64d_space-ACPC_model-mapmri_param-rtap_dwimap.nii.gz
  [DONE] → sub-134057_ses-3_acq-1k3k64d_space-MNI152NLin2009cAsym_res-02_model-mapmri_param-rtap_dwimap.nii.gz
  [PROC] sub-134057
sub-134057 ses-3
ses-3: sub-134057_ses-3_acq-1k3k64d_space-ACPC_model-mapmri_param-rtop_dwimap.nii.gz
  [DONE] → sub-134057_ses-3_acq-1k3k64d_space-MNI152NLin2009cAsym_res-02_model-mapmri_param-rtop_dwimap.nii.gz
  [PROC] sub-134057
sub-134057 ses-3
ses-3: sub-134057_ses-3_acq-1k3k64d_space-ACPC_model-mapmri_param-rtpp_dwimap.nii.gz
  [DONE] → sub-134057_ses-3_acq-1k3k64d_space-MNI152NLin2009cAsym_res-02_model-mapmri_param-rtpp_dwimap.nii.gz
  [PROC] sub-134058
sub-134058 ses-1
ses-1: sub-134058_ses-1_acq-1k3k64d_space-ACPC_model-mapmri_param-lapnorm_dwimap.nii.gz
  [DONE] → sub-134058_ses-1_acq-1k3k64d_space-MNI152NLin2009cAsym_res-02_model-mapmri_param-lapnorm_dwimap.nii.gz
  [PROC] sub-134058
sub-134058 ses-1
ses-1: sub-134058_ses-1_acq-1k3k64d_space-ACPC_model-mapmri_param-mapcoeffs_dwimap.nii.gz
  [DONE] → sub-134058_ses-1_acq-1k3k64d_space-MNI152NLin2009cAsym_res-02_model-mapmri_param-mapcoeffs_dwimap.nii.gz
  [PROC] sub-134058
sub-134058 ses-1
ses-1: sub-134058_ses-1_acq-1k3k64d_space-ACPC_model-mapmri_param-msd_dwimap.nii.gz
  [DONE] → sub-134058_ses-1_acq-1k3k64d_space-MNI152NLin2009cAsym_res-02_model-mapmri_param-msd_dwimap.nii.gz
  [PROC] sub-134058
sub-134058 ses-1
ses-1: sub-134058_ses-1_acq-1k3k64d_space-ACPC_model-mapmri_param-qiv_dwimap.nii.gz
  [DONE] → sub-134058_ses-1_acq-1k3k64d_space-MNI152NLin2009cAsym_res-02_model-mapmri_param-qiv_dwimap.nii.gz
  [PROC] sub-134058
sub-134058 ses-1
ses-1: sub-134058_ses-1_acq-1k3k64d_space-ACPC_model-mapmri_param-rtap_dwimap.nii.gz
  [DONE] → sub-134058_ses-1_acq-1k3k64d_space-MNI152NLin2009cAsym_res-02_model-mapmri_param-rtap_dwimap.nii.gz
  [PROC] sub-134058
sub-134058 ses-1
ses-1: sub-134058_ses-1_acq-1k3k64d_space-ACPC_model-mapmri_param-rtop_dwimap.nii.gz
  [DONE] → sub-134058_ses-1_acq-1k3k64d_space-MNI152NLin2009cAsym_res-02_model-mapmri_param-rtop_dwimap.nii.gz
  [PROC] sub-134058
sub-134058 ses-1
ses-1: sub-134058_ses-1_acq-1k3k64d_space-ACPC_model-mapmri_param-rtpp_dwimap.nii.gz
  [DONE] → sub-134058_ses-1_acq-1k3k64d_space-MNI152NLin2009cAsym_res-02_model-mapmri_param-rtpp_dwimap.nii.gz
  [PROC] sub-134058
sub-134058 ses-2
ses-2: sub-134058_ses-2_acq-1k3k64d_space-ACPC_model-mapmri_param-lapnorm_dwimap.nii.gz
  [DONE] → sub-134058_ses-2_acq-1k3k64d_space-MNI152NLin2009cAsym_res-02_model-mapmri_param-lapnorm_dwimap.nii.gz
  [PROC] sub-134058
sub-134058 ses-2
ses-2: sub-134058_ses-2_acq-1k3k64d_space-ACPC_model-mapmri_param-mapcoeffs_dwimap.nii.gz
  [DONE] → sub-134058_ses-2_acq-1k3k64d_space-MNI152NLin2009cAsym_res-02_model-mapmri_param-mapcoeffs_dwimap.nii.gz
  [PROC] sub-134058
sub-134058 ses-2
ses-2: sub-134058_ses-2_acq-1k3k64d_space-ACPC_model-mapmri_param-msd_dwimap.nii.gz
  [DONE] → sub-134058_ses-2_acq-1k3k64d_space-MNI152NLin2009cAsym_res-02_model-mapmri_param-msd_dwimap.nii.gz
  [PROC] sub-134058
sub-134058 ses-2
ses-2: sub-134058_ses-2_acq-1k3k64d_space-ACPC_model-mapmri_param-qiv_dwimap.nii.gz
  [DONE] → sub-134058_ses-2_acq-1k3k64d_space-MNI152NLin2009cAsym_res-02_model-mapmri_param-qiv_dwimap.nii.gz
  [PROC] sub-134058
sub-134058 ses-2
ses-2: sub-134058_ses-2_acq-1k3k64d_space-ACPC_model-mapmri_param-rtap_dwimap.nii.gz
  [DONE] → sub-134058_ses-2_acq-1k3k64d_space-MNI152NLin2009cAsym_res-02_model-mapmri_param-rtap_dwimap.nii.gz
  [PROC] sub-134058
sub-134058 ses-2
ses-2: sub-134058_ses-2_acq-1k3k64d_space-ACPC_model-mapmri_param-rtop_dwimap.nii.gz
  [DONE] → sub-134058_ses-2_acq-1k3k64d_space-MNI152NLin2009cAsym_res-02_model-mapmri_param-rtop_dwimap.nii.gz
  [PROC] sub-134058
sub-134058 ses-2
ses-2: sub-134058_ses-2_acq-1k3k64d_space-ACPC_model-mapmri_param-rtpp_dwimap.nii.gz
  [DONE] → sub-134058_ses-2_acq-1k3k64d_space-MNI152NLin2009cAsym_res-02_model-mapmri_param-rtpp_dwimap.nii.gz
  [PROC] sub-134058
sub-134058 ses-3
ses-3: sub-134058_ses-3_acq-1k3k64d_space-ACPC_model-mapmri_param-lapnorm_dwimap.nii.gz
  [DONE] → sub-134058_ses-3_acq-1k3k64d_space-MNI152NLin2009cAsym_res-02_model-mapmri_param-lapnorm_dwimap.nii.gz
  [PROC] sub-134058
sub-134058 ses-3
ses-3: sub-134058_ses-3_acq-1k3k64d_space-ACPC_model-mapmri_param-mapcoeffs_dwimap.nii.gz
  [DONE] → sub-134058_ses-3_acq-1k3k64d_space-MNI152NLin2009cAsym_res-02_model-mapmri_param-mapcoeffs_dwimap.nii.gz
  [PROC] sub-134058
sub-134058 ses-3
ses-3: sub-134058_ses-3_acq-1k3k64d_space-ACPC_model-mapmri_param-msd_dwimap.nii.gz
  [DONE] → sub-134058_ses-3_acq-1k3k64d_space-MNI152NLin2009cAsym_res-02_model-mapmri_param-msd_dwimap.nii.gz
  [PROC] sub-134058
sub-134058 ses-3
ses-3: sub-134058_ses-3_acq-1k3k64d_space-ACPC_model-mapmri_param-qiv_dwimap.nii.gz
  [DONE] → sub-134058_ses-3_acq-1k3k64d_space-MNI152NLin2009cAsym_res-02_model-mapmri_param-qiv_dwimap.nii.gz
  [PROC] sub-134058
sub-134058 ses-3
ses-3: sub-134058_ses-3_acq-1k3k64d_space-ACPC_model-mapmri_param-rtap_dwimap.nii.gz
  [DONE] → sub-134058_ses-3_acq-1k3k64d_space-MNI152NLin2009cAsym_res-02_model-mapmri_param-rtap_dwimap.nii.gz
  [PROC] sub-134058
sub-134058 ses-3
ses-3: sub-134058_ses-3_acq-1k3k64d_space-ACPC_model-mapmri_param-rtop_dwimap.nii.gz
  [DONE] → sub-134058_ses-3_acq-1k3k64d_space-MNI152NLin2009cAsym_res-02_model-mapmri_param-rtop_dwimap.nii.gz
  [PROC] sub-134058
sub-134058 ses-3
ses-3: sub-134058_ses-3_acq-1k3k64d_space-ACPC_model-mapmri_param-rtpp_dwimap.nii.gz
  [DONE] → sub-134058_ses-3_acq-1k3k64d_space-MNI152NLin2009cAsym_res-02_model-mapmri_param-rtpp_dwimap.nii.gz
  [PROC] sub-134059
sub-134059 ses-1
ses-1: sub-134059_ses-1_acq-1k3k64d_space-ACPC_model-mapmri_param-lapnorm_dwimap.nii.gz
  [DONE] → sub-134059_ses-1_acq-1k3k64d_space-MNI152NLin2009cAsym_res-02_model-mapmri_param-lapnorm_dwimap.nii.gz
  [PROC] sub-134059
sub-134059 ses-1
ses-1: sub-134059_ses-1_acq-1k3k64d_space-ACPC_model-mapmri_param-mapcoeffs_dwimap.nii.gz
  [DONE] → sub-134059_ses-1_acq-1k3k64d_space-MNI152NLin2009cAsym_res-02_model-mapmri_param-mapcoeffs_dwimap.nii.gz
  [PROC] sub-134059
sub-134059 ses-1
ses-1: sub-134059_ses-1_acq-1k3k64d_space-ACPC_model-mapmri_param-msd_dwimap.nii.gz
  [DONE] → sub-134059_ses-1_acq-1k3k64d_space-MNI152NLin2009cAsym_res-02_model-mapmri_param-msd_dwimap.nii.gz
  [PROC] sub-134059
sub-134059 ses-1
ses-1: sub-134059_ses-1_acq-1k3k64d_space-ACPC_model-mapmri_param-qiv_dwimap.nii.gz
  [DONE] → sub-134059_ses-1_acq-1k3k64d_space-MNI152NLin2009cAsym_res-02_model-mapmri_param-qiv_dwimap.nii.gz
  [PROC] sub-134059
sub-134059 ses-1
ses-1: sub-134059_ses-1_acq-1k3k64d_space-ACPC_model-mapmri_param-rtap_dwimap.nii.gz
  [DONE] → sub-134059_ses-1_acq-1k3k64d_space-MNI152NLin2009cAsym_res-02_model-mapmri_param-rtap_dwimap.nii.gz
  [PROC] sub-134059
sub-134059 ses-1
ses-1: sub-134059_ses-1_acq-1k3k64d_space-ACPC_model-mapmri_param-rtop_dwimap.nii.gz
  [DONE] → sub-134059_ses-1_acq-1k3k64d_space-MNI152NLin2009cAsym_res-02_model-mapmri_param-rtop_dwimap.nii.gz
  [PROC] sub-134059
sub-134059 ses-1
ses-1: sub-134059_ses-1_acq-1k3k64d_space-ACPC_model-mapmri_param-rtpp_dwimap.nii.gz
  [DONE] → sub-134059_ses-1_acq-1k3k64d_space-MNI152NLin2009cAsym_res-02_model-mapmri_param-rtpp_dwimap.nii.gz
  [PROC] sub-134060
sub-134060 ses-1
ses-1: sub-134060_ses-1_acq-1k3k64d_space-ACPC_model-mapmri_param-lapnorm_dwimap.nii.gz
  [DONE] → sub-134060_ses-1_acq-1k3k64d_space-MNI152NLin2009cAsym_res-02_model-mapmri_param-lapnorm_dwimap.nii.gz
  [PROC] sub-134060
sub-134060 ses-1
ses-1: sub-134060_ses-1_acq-1k3k64d_space-ACPC_model-mapmri_param-mapcoeffs_dwimap.nii.gz
  [DONE] → sub-134060_ses-1_acq-1k3k64d_space-MNI152NLin2009cAsym_res-02_model-mapmri_param-mapcoeffs_dwimap.nii.gz
  [PROC] sub-134060
sub-134060 ses-1
ses-1: sub-134060_ses-1_acq-1k3k64d_space-ACPC_model-mapmri_param-msd_dwimap.nii.gz
  [DONE] → sub-134060_ses-1_acq-1k3k64d_space-MNI152NLin2009cAsym_res-02_model-mapmri_param-msd_dwimap.nii.gz
  [PROC] sub-134060
sub-134060 ses-1
ses-1: sub-134060_ses-1_acq-1k3k64d_space-ACPC_model-mapmri_param-qiv_dwimap.nii.gz
  [DONE] → sub-134060_ses-1_acq-1k3k64d_space-MNI152NLin2009cAsym_res-02_model-mapmri_param-qiv_dwimap.nii.gz
  [PROC] sub-134060
sub-134060 ses-1
ses-1: sub-134060_ses-1_acq-1k3k64d_space-ACPC_model-mapmri_param-rtap_dwimap.nii.gz
  [DONE] → sub-134060_ses-1_acq-1k3k64d_space-MNI152NLin2009cAsym_res-02_model-mapmri_param-rtap_dwimap.nii.gz
  [PROC] sub-134060
sub-134060 ses-1
ses-1: sub-134060_ses-1_acq-1k3k64d_space-ACPC_model-mapmri_param-rtop_dwimap.nii.gz
  [DONE] → sub-134060_ses-1_acq-1k3k64d_space-MNI152NLin2009cAsym_res-02_model-mapmri_param-rtop_dwimap.nii.gz
  [PROC] sub-134060
sub-134060 ses-1
ses-1: sub-134060_ses-1_acq-1k3k64d_space-ACPC_model-mapmri_param-rtpp_dwimap.nii.gz
  [DONE] → sub-134060_ses-1_acq-1k3k64d_space-MNI152NLin2009cAsym_res-02_model-mapmri_param-rtpp_dwimap.nii.gz
  [PROC] sub-134060
sub-134060 ses-2
ses-2: sub-134060_ses-2_acq-1k3k64d_space-ACPC_model-mapmri_param-lapnorm_dwimap.nii.gz
  [DONE] → sub-134060_ses-2_acq-1k3k64d_space-MNI152NLin2009cAsym_res-02_model-mapmri_param-lapnorm_dwimap.nii.gz
  [PROC] sub-134060
sub-134060 ses-2
ses-2: sub-134060_ses-2_acq-1k3k64d_space-ACPC_model-mapmri_param-msd_dwimap.nii.gz
  [DONE] → sub-134060_ses-2_acq-1k3k64d_space-MNI152NLin2009cAsym_res-02_model-mapmri_param-msd_dwimap.nii.gz
  [PROC] sub-134060
sub-134060 ses-2
ses-2: sub-134060_ses-2_acq-1k3k64d_space-ACPC_model-mapmri_param-mapcoeffs_dwimap.nii.gz
  [DONE] → sub-134060_ses-2_acq-1k3k64d_space-MNI152NLin2009cAsym_res-02_model-mapmri_param-mapcoeffs_dwimap.nii.gz
  [PROC] sub-134060
sub-134060 ses-2
ses-2: sub-134060_ses-2_acq-1k3k64d_space-ACPC_model-mapmri_param-qiv_dwimap.nii.gz
  [DONE] → sub-134060_ses-2_acq-1k3k64d_space-MNI152NLin2009cAsym_res-02_model-mapmri_param-qiv_dwimap.nii.gz
  [PROC] sub-134060
sub-134060 ses-2
ses-2: sub-134060_ses-2_acq-1k3k64d_space-ACPC_model-mapmri_param-rtap_dwimap.nii.gz
  [DONE] → sub-134060_ses-2_acq-1k3k64d_space-MNI152NLin2009cAsym_res-02_model-mapmri_param-rtap_dwimap.nii.gz
  [PROC] sub-134060
sub-134060 ses-2
ses-2: sub-134060_ses-2_acq-1k3k64d_space-ACPC_model-mapmri_param-rtop_dwimap.nii.gz
  [DONE] → sub-134060_ses-2_acq-1k3k64d_space-MNI152NLin2009cAsym_res-02_model-mapmri_param-rtop_dwimap.nii.gz
  [PROC] sub-134060
sub-134060 ses-2
ses-2: sub-134060_ses-2_acq-1k3k64d_space-ACPC_model-mapmri_param-rtpp_dwimap.nii.gz
  [DONE] → sub-134060_ses-2_acq-1k3k64d_space-MNI152NLin2009cAsym_res-02_model-mapmri_param-rtpp_dwimap.nii.gz
  [PROC] sub-134062
sub-134062 ses-1
ses-1: sub-134062_ses-1_acq-1k3k64d_space-ACPC_model-mapmri_param-lapnorm_dwimap.nii.gz
  [DONE] → sub-134062_ses-1_acq-1k3k64d_space-MNI152NLin2009cAsym_res-02_model-mapmri_param-lapnorm_dwimap.nii.gz
  [PROC] sub-134062
sub-134062 ses-1
ses-1: sub-134062_ses-1_acq-1k3k64d_space-ACPC_model-mapmri_param-mapcoeffs_dwimap.nii.gz
  [DONE] → sub-134062_ses-1_acq-1k3k64d_space-MNI152NLin2009cAsym_res-02_model-mapmri_param-mapcoeffs_dwimap.nii.gz
  [PROC] sub-134062
sub-134062 ses-1
ses-1: sub-134062_ses-1_acq-1k3k64d_space-ACPC_model-mapmri_param-msd_dwimap.nii.gz
  [DONE] → sub-134062_ses-1_acq-1k3k64d_space-MNI152NLin2009cAsym_res-02_model-mapmri_param-msd_dwimap.nii.gz
  [PROC] sub-134062
sub-134062 ses-1
ses-1: sub-134062_ses-1_acq-1k3k64d_space-ACPC_model-mapmri_param-qiv_dwimap.nii.gz
  [DONE] → sub-134062_ses-1_acq-1k3k64d_space-MNI152NLin2009cAsym_res-02_model-mapmri_param-qiv_dwimap.nii.gz
  [PROC] sub-134062
sub-134062 ses-1
ses-1: sub-134062_ses-1_acq-1k3k64d_space-ACPC_model-mapmri_param-rtap_dwimap.nii.gz
  [DONE] → sub-134062_ses-1_acq-1k3k64d_space-MNI152NLin2009cAsym_res-02_model-mapmri_param-rtap_dwimap.nii.gz
  [PROC] sub-134062
sub-134062 ses-1
ses-1: sub-134062_ses-1_acq-1k3k64d_space-ACPC_model-mapmri_param-rtop_dwimap.nii.gz
  [DONE] → sub-134062_ses-1_acq-1k3k64d_space-MNI152NLin2009cAsym_res-02_model-mapmri_param-rtop_dwimap.nii.gz
  [PROC] sub-134062
sub-134062 ses-2
ses-2: sub-134062_ses-2_acq-1k3k64d_space-ACPC_model-mapmri_param-lapnorm_dwimap.nii.gz
  [DONE] → sub-134062_ses-2_acq-1k3k64d_space-MNI152NLin2009cAsym_res-02_model-mapmri_param-lapnorm_dwimap.nii.gz
  [PROC] sub-134062
sub-134062 ses-1
ses-1: sub-134062_ses-1_acq-1k3k64d_space-ACPC_model-mapmri_param-rtpp_dwimap.nii.gz
  [DONE] → sub-134062_ses-1_acq-1k3k64d_space-MNI152NLin2009cAsym_res-02_model-mapmri_param-rtpp_dwimap.nii.gz
  [PROC] sub-134062
sub-134062 ses-2
ses-2: sub-134062_ses-2_acq-1k3k64d_space-ACPC_model-mapmri_param-mapcoeffs_dwimap.nii.gz
  [DONE] → sub-134062_ses-2_acq-1k3k64d_space-MNI152NLin2009cAsym_res-02_model-mapmri_param-mapcoeffs_dwimap.nii.gz
  [PROC] sub-134062
sub-134062 ses-2
ses-2: sub-134062_ses-2_acq-1k3k64d_space-ACPC_model-mapmri_param-msd_dwimap.nii.gz
  [DONE] → sub-134062_ses-2_acq-1k3k64d_space-MNI152NLin2009cAsym_res-02_model-mapmri_param-msd_dwimap.nii.gz
  [PROC] sub-134062
sub-134062 ses-2
ses-2: sub-134062_ses-2_acq-1k3k64d_space-ACPC_model-mapmri_param-qiv_dwimap.nii.gz
  [DONE] → sub-134062_ses-2_acq-1k3k64d_space-MNI152NLin2009cAsym_res-02_model-mapmri_param-qiv_dwimap.nii.gz
  [PROC] sub-134062
sub-134062 ses-2
ses-2: sub-134062_ses-2_acq-1k3k64d_space-ACPC_model-mapmri_param-rtap_dwimap.nii.gz
  [DONE] → sub-134062_ses-2_acq-1k3k64d_space-MNI152NLin2009cAsym_res-02_model-mapmri_param-rtap_dwimap.nii.gz
  [PROC] sub-134062
sub-134062 ses-2
ses-2: sub-134062_ses-2_acq-1k3k64d_space-ACPC_model-mapmri_param-rtop_dwimap.nii.gz
  [DONE] → sub-134062_ses-2_acq-1k3k64d_space-MNI152NLin2009cAsym_res-02_model-mapmri_param-rtop_dwimap.nii.gz
  [PROC] sub-134062
sub-134062 ses-2
ses-2: sub-134062_ses-2_acq-1k3k64d_space-ACPC_model-mapmri_param-rtpp_dwimap.nii.gz
  [DONE] → sub-134062_ses-2_acq-1k3k64d_space-MNI152NLin2009cAsym_res-02_model-mapmri_param-rtpp_dwimap.nii.gz
  [PROC] sub-134062
sub-134062 ses-3
ses-3: sub-134062_ses-3_acq-1k3k64d_space-ACPC_model-mapmri_param-lapnorm_dwimap.nii.gz
  [DONE] → sub-134062_ses-3_acq-1k3k64d_space-MNI152NLin2009cAsym_res-02_model-mapmri_param-lapnorm_dwimap.nii.gz
  [PROC] sub-134062
sub-134062 ses-3
ses-3: sub-134062_ses-3_acq-1k3k64d_space-ACPC_model-mapmri_param-mapcoeffs_dwimap.nii.gz
  [DONE] → sub-134062_ses-3_acq-1k3k64d_space-MNI152NLin2009cAsym_res-02_model-mapmri_param-mapcoeffs_dwimap.nii.gz
  [PROC] sub-134062
sub-134062 ses-3
ses-3: sub-134062_ses-3_acq-1k3k64d_space-ACPC_model-mapmri_param-msd_dwimap.nii.gz
  [DONE] → sub-134062_ses-3_acq-1k3k64d_space-MNI152NLin2009cAsym_res-02_model-mapmri_param-msd_dwimap.nii.gz
  [PROC] sub-134062
sub-134062 ses-3
ses-3: sub-134062_ses-3_acq-1k3k64d_space-ACPC_model-mapmri_param-qiv_dwimap.nii.gz
  [DONE] → sub-134062_ses-3_acq-1k3k64d_space-MNI152NLin2009cAsym_res-02_model-mapmri_param-qiv_dwimap.nii.gz
  [PROC] sub-134062
sub-134062 ses-3
ses-3: sub-134062_ses-3_acq-1k3k64d_space-ACPC_model-mapmri_param-rtap_dwimap.nii.gz
  [DONE] → sub-134062_ses-3_acq-1k3k64d_space-MNI152NLin2009cAsym_res-02_model-mapmri_param-rtap_dwimap.nii.gz
  [PROC] sub-134062
sub-134062 ses-3
ses-3: sub-134062_ses-3_acq-1k3k64d_space-ACPC_model-mapmri_param-rtop_dwimap.nii.gz
  [DONE] → sub-134062_ses-3_acq-1k3k64d_space-MNI152NLin2009cAsym_res-02_model-mapmri_param-rtop_dwimap.nii.gz
  [PROC] sub-134062
sub-134062 ses-3
ses-3: sub-134062_ses-3_acq-1k3k64d_space-ACPC_model-mapmri_param-rtpp_dwimap.nii.gz
  [DONE] → sub-134062_ses-3_acq-1k3k64d_space-MNI152NLin2009cAsym_res-02_model-mapmri_param-rtpp_dwimap.nii.gz
  [PROC] sub-134063
sub-134063 ses-1
ses-1: sub-134063_ses-1_acq-1k3k64d_space-ACPC_model-mapmri_param-lapnorm_dwimap.nii.gz
  [DONE] → sub-134063_ses-1_acq-1k3k64d_space-MNI152NLin2009cAsym_res-02_model-mapmri_param-lapnorm_dwimap.nii.gz
  [PROC] sub-134063
sub-134063 ses-1
ses-1: sub-134063_ses-1_acq-1k3k64d_space-ACPC_model-mapmri_param-mapcoeffs_dwimap.nii.gz
  [DONE] → sub-134063_ses-1_acq-1k3k64d_space-MNI152NLin2009cAsym_res-02_model-mapmri_param-mapcoeffs_dwimap.nii.gz
  [PROC] sub-134063
sub-134063 ses-1
ses-1: sub-134063_ses-1_acq-1k3k64d_space-ACPC_model-mapmri_param-msd_dwimap.nii.gz
  [DONE] → sub-134063_ses-1_acq-1k3k64d_space-MNI152NLin2009cAsym_res-02_model-mapmri_param-msd_dwimap.nii.gz
  [PROC] sub-134063
sub-134063 ses-1
ses-1: sub-134063_ses-1_acq-1k3k64d_space-ACPC_model-mapmri_param-qiv_dwimap.nii.gz
  [DONE] → sub-134063_ses-1_acq-1k3k64d_space-MNI152NLin2009cAsym_res-02_model-mapmri_param-qiv_dwimap.nii.gz
  [PROC] sub-134063
sub-134063 ses-1
ses-1: sub-134063_ses-1_acq-1k3k64d_space-ACPC_model-mapmri_param-rtap_dwimap.nii.gz
  [DONE] → sub-134063_ses-1_acq-1k3k64d_space-MNI152NLin2009cAsym_res-02_model-mapmri_param-rtap_dwimap.nii.gz
  [PROC] sub-134063
sub-134063 ses-1
ses-1: sub-134063_ses-1_acq-1k3k64d_space-ACPC_model-mapmri_param-rtop_dwimap.nii.gz
  [DONE] → sub-134063_ses-1_acq-1k3k64d_space-MNI152NLin2009cAsym_res-02_model-mapmri_param-rtop_dwimap.nii.gz
  [PROC] sub-134063
sub-134063 ses-1
ses-1: sub-134063_ses-1_acq-1k3k64d_space-ACPC_model-mapmri_param-rtpp_dwimap.nii.gz
  [DONE] → sub-134063_ses-1_acq-1k3k64d_space-MNI152NLin2009cAsym_res-02_model-mapmri_param-rtpp_dwimap.nii.gz
  [PROC] sub-134063
sub-134063 ses-2
ses-2: sub-134063_ses-2_acq-1k3k64d_space-ACPC_model-mapmri_param-lapnorm_dwimap.nii.gz
  [DONE] → sub-134063_ses-2_acq-1k3k64d_space-MNI152NLin2009cAsym_res-02_model-mapmri_param-lapnorm_dwimap.nii.gz
  [PROC] sub-134063
sub-134063 ses-2
ses-2: sub-134063_ses-2_acq-1k3k64d_space-ACPC_model-mapmri_param-mapcoeffs_dwimap.nii.gz
  [DONE] → sub-134063_ses-2_acq-1k3k64d_space-MNI152NLin2009cAsym_res-02_model-mapmri_param-mapcoeffs_dwimap.nii.gz
  [PROC] sub-134063
sub-134063 ses-2
ses-2: sub-134063_ses-2_acq-1k3k64d_space-ACPC_model-mapmri_param-msd_dwimap.nii.gz
  [DONE] → sub-134063_ses-2_acq-1k3k64d_space-MNI152NLin2009cAsym_res-02_model-mapmri_param-msd_dwimap.nii.gz
  [PROC] sub-134063
sub-134063 ses-2
ses-2: sub-134063_ses-2_acq-1k3k64d_space-ACPC_model-mapmri_param-qiv_dwimap.nii.gz
  [DONE] → sub-134063_ses-2_acq-1k3k64d_space-MNI152NLin2009cAsym_res-02_model-mapmri_param-qiv_dwimap.nii.gz
  [PROC] sub-134063
sub-134063 ses-2
ses-2: sub-134063_ses-2_acq-1k3k64d_space-ACPC_model-mapmri_param-rtap_dwimap.nii.gz
  [DONE] → sub-134063_ses-2_acq-1k3k64d_space-MNI152NLin2009cAsym_res-02_model-mapmri_param-rtap_dwimap.nii.gz
  [PROC] sub-134063
sub-134063 ses-2
ses-2: sub-134063_ses-2_acq-1k3k64d_space-ACPC_model-mapmri_param-rtop_dwimap.nii.gz
  [DONE] → sub-134063_ses-2_acq-1k3k64d_space-MNI152NLin2009cAsym_res-02_model-mapmri_param-rtop_dwimap.nii.gz
  [PROC] sub-134063
sub-134063 ses-2
ses-2: sub-134063_ses-2_acq-1k3k64d_space-ACPC_model-mapmri_param-rtpp_dwimap.nii.gz
  [DONE] → sub-134063_ses-2_acq-1k3k64d_space-MNI152NLin2009cAsym_res-02_model-mapmri_param-rtpp_dwimap.nii.gz
  [PROC] sub-134063
sub-134063 ses-3
ses-3: sub-134063_ses-3_acq-1k3k64d_space-ACPC_model-mapmri_param-lapnorm_dwimap.nii.gz
  [DONE] → sub-134063_ses-3_acq-1k3k64d_space-MNI152NLin2009cAsym_res-02_model-mapmri_param-lapnorm_dwimap.nii.gz
  [PROC] sub-134063
sub-134063 ses-3
ses-3: sub-134063_ses-3_acq-1k3k64d_space-ACPC_model-mapmri_param-mapcoeffs_dwimap.nii.gz
  [DONE] → sub-134063_ses-3_acq-1k3k64d_space-MNI152NLin2009cAsym_res-02_model-mapmri_param-mapcoeffs_dwimap.nii.gz
  [PROC] sub-134063
sub-134063 ses-3
ses-3: sub-134063_ses-3_acq-1k3k64d_space-ACPC_model-mapmri_param-msd_dwimap.nii.gz
  [DONE] → sub-134063_ses-3_acq-1k3k64d_space-MNI152NLin2009cAsym_res-02_model-mapmri_param-msd_dwimap.nii.gz
  [PROC] sub-134063
sub-134063 ses-3
ses-3: sub-134063_ses-3_acq-1k3k64d_space-ACPC_model-mapmri_param-qiv_dwimap.nii.gz
  [DONE] → sub-134063_ses-3_acq-1k3k64d_space-MNI152NLin2009cAsym_res-02_model-mapmri_param-qiv_dwimap.nii.gz
  [PROC] sub-134063
sub-134063 ses-3
ses-3: sub-134063_ses-3_acq-1k3k64d_space-ACPC_model-mapmri_param-rtap_dwimap.nii.gz
  [DONE] → sub-134063_ses-3_acq-1k3k64d_space-MNI152NLin2009cAsym_res-02_model-mapmri_param-rtap_dwimap.nii.gz
  [PROC] sub-134063
sub-134063 ses-3
ses-3: sub-134063_ses-3_acq-1k3k64d_space-ACPC_model-mapmri_param-rtop_dwimap.nii.gz
  [DONE] → sub-134063_ses-3_acq-1k3k64d_space-MNI152NLin2009cAsym_res-02_model-mapmri_param-rtop_dwimap.nii.gz
  [PROC] sub-134063
sub-134063 ses-3
ses-3: sub-134063_ses-3_acq-1k3k64d_space-ACPC_model-mapmri_param-rtpp_dwimap.nii.gz
  [DONE] → sub-134063_ses-3_acq-1k3k64d_space-MNI152NLin2009cAsym_res-02_model-mapmri_param-rtpp_dwimap.nii.gz
  [PROC] sub-134064
sub-134064 ses-1
ses-1: sub-134064_ses-1_acq-1k3k64d_space-ACPC_model-mapmri_param-lapnorm_dwimap.nii.gz
  [DONE] → sub-134064_ses-1_acq-1k3k64d_space-MNI152NLin2009cAsym_res-02_model-mapmri_param-lapnorm_dwimap.nii.gz
  [PROC] sub-134064
sub-134064 ses-1
ses-1: sub-134064_ses-1_acq-1k3k64d_space-ACPC_model-mapmri_param-mapcoeffs_dwimap.nii.gz
  [DONE] → sub-134064_ses-1_acq-1k3k64d_space-MNI152NLin2009cAsym_res-02_model-mapmri_param-mapcoeffs_dwimap.nii.gz
  [PROC] sub-134064
sub-134064 ses-1
ses-1: sub-134064_ses-1_acq-1k3k64d_space-ACPC_model-mapmri_param-msd_dwimap.nii.gz
  [DONE] → sub-134064_ses-1_acq-1k3k64d_space-MNI152NLin2009cAsym_res-02_model-mapmri_param-msd_dwimap.nii.gz
  [PROC] sub-134064
sub-134064 ses-1
ses-1: sub-134064_ses-1_acq-1k3k64d_space-ACPC_model-mapmri_param-qiv_dwimap.nii.gz
  [DONE] → sub-134064_ses-1_acq-1k3k64d_space-MNI152NLin2009cAsym_res-02_model-mapmri_param-qiv_dwimap.nii.gz
  [PROC] sub-134064
sub-134064 ses-1
ses-1: sub-134064_ses-1_acq-1k3k64d_space-ACPC_model-mapmri_param-rtap_dwimap.nii.gz
  [DONE] → sub-134064_ses-1_acq-1k3k64d_space-MNI152NLin2009cAsym_res-02_model-mapmri_param-rtap_dwimap.nii.gz
  [PROC] sub-134064
sub-134064 ses-1
ses-1: sub-134064_ses-1_acq-1k3k64d_space-ACPC_model-mapmri_param-rtop_dwimap.nii.gz
  [DONE] → sub-134064_ses-1_acq-1k3k64d_space-MNI152NLin2009cAsym_res-02_model-mapmri_param-rtop_dwimap.nii.gz
  [PROC] sub-134064
sub-134064 ses-1
ses-1: sub-134064_ses-1_acq-1k3k64d_space-ACPC_model-mapmri_param-rtpp_dwimap.nii.gz
  [DONE] → sub-134064_ses-1_acq-1k3k64d_space-MNI152NLin2009cAsym_res-02_model-mapmri_param-rtpp_dwimap.nii.gz
  [PROC] sub-134064
sub-134064 ses-2
ses-2: sub-134064_ses-2_acq-1k3k64d_space-ACPC_model-mapmri_param-lapnorm_dwimap.nii.gz
  [DONE] → sub-134064_ses-2_acq-1k3k64d_space-MNI152NLin2009cAsym_res-02_model-mapmri_param-lapnorm_dwimap.nii.gz
  [PROC] sub-134064
sub-134064 ses-2
ses-2: sub-134064_ses-2_acq-1k3k64d_space-ACPC_model-mapmri_param-mapcoeffs_dwimap.nii.gz
  [DONE] → sub-134064_ses-2_acq-1k3k64d_space-MNI152NLin2009cAsym_res-02_model-mapmri_param-mapcoeffs_dwimap.nii.gz
  [PROC] sub-134064
sub-134064 ses-2
ses-2: sub-134064_ses-2_acq-1k3k64d_space-ACPC_model-mapmri_param-msd_dwimap.nii.gz
  [DONE] → sub-134064_ses-2_acq-1k3k64d_space-MNI152NLin2009cAsym_res-02_model-mapmri_param-msd_dwimap.nii.gz
  [PROC] sub-134064
sub-134064 ses-2
ses-2: sub-134064_ses-2_acq-1k3k64d_space-ACPC_model-mapmri_param-qiv_dwimap.nii.gz
  [DONE] → sub-134064_ses-2_acq-1k3k64d_space-MNI152NLin2009cAsym_res-02_model-mapmri_param-qiv_dwimap.nii.gz
  [PROC] sub-134064
sub-134064 ses-2
ses-2: sub-134064_ses-2_acq-1k3k64d_space-ACPC_model-mapmri_param-rtap_dwimap.nii.gz
  [DONE] → sub-134064_ses-2_acq-1k3k64d_space-MNI152NLin2009cAsym_res-02_model-mapmri_param-rtap_dwimap.nii.gz
  [PROC] sub-134064
sub-134064 ses-2
ses-2: sub-134064_ses-2_acq-1k3k64d_space-ACPC_model-mapmri_param-rtop_dwimap.nii.gz
  [DONE] → sub-134064_ses-2_acq-1k3k64d_space-MNI152NLin2009cAsym_res-02_model-mapmri_param-rtop_dwimap.nii.gz
  [PROC] sub-134064
sub-134064 ses-2
ses-2: sub-134064_ses-2_acq-1k3k64d_space-ACPC_model-mapmri_param-rtpp_dwimap.nii.gz
  [DONE] → sub-134064_ses-2_acq-1k3k64d_space-MNI152NLin2009cAsym_res-02_model-mapmri_param-rtpp_dwimap.nii.gz
  [PROC] sub-134064
sub-134064 ses-3
ses-3: sub-134064_ses-3_acq-1k3k64d_space-ACPC_model-mapmri_param-lapnorm_dwimap.nii.gz
  [DONE] → sub-134064_ses-3_acq-1k3k64d_space-MNI152NLin2009cAsym_res-02_model-mapmri_param-lapnorm_dwimap.nii.gz
  [PROC] sub-134064
sub-134064 ses-3
ses-3: sub-134064_ses-3_acq-1k3k64d_space-ACPC_model-mapmri_param-mapcoeffs_dwimap.nii.gz
  [DONE] → sub-134064_ses-3_acq-1k3k64d_space-MNI152NLin2009cAsym_res-02_model-mapmri_param-mapcoeffs_dwimap.nii.gz
  [PROC] sub-134064
sub-134064 ses-3
ses-3: sub-134064_ses-3_acq-1k3k64d_space-ACPC_model-mapmri_param-msd_dwimap.nii.gz
  [DONE] → sub-134064_ses-3_acq-1k3k64d_space-MNI152NLin2009cAsym_res-02_model-mapmri_param-msd_dwimap.nii.gz
  [PROC] sub-134064
sub-134064 ses-3
ses-3: sub-134064_ses-3_acq-1k3k64d_space-ACPC_model-mapmri_param-qiv_dwimap.nii.gz
  [DONE] → sub-134064_ses-3_acq-1k3k64d_space-MNI152NLin2009cAsym_res-02_model-mapmri_param-qiv_dwimap.nii.gz
  [PROC] sub-134064
sub-134064 ses-3
ses-3: sub-134064_ses-3_acq-1k3k64d_space-ACPC_model-mapmri_param-rtap_dwimap.nii.gz
  [DONE] → sub-134064_ses-3_acq-1k3k64d_space-MNI152NLin2009cAsym_res-02_model-mapmri_param-rtap_dwimap.nii.gz
  [PROC] sub-134064
sub-134064 ses-3
ses-3: sub-134064_ses-3_acq-1k3k64d_space-ACPC_model-mapmri_param-rtop_dwimap.nii.gz
  [DONE] → sub-134064_ses-3_acq-1k3k64d_space-MNI152NLin2009cAsym_res-02_model-mapmri_param-rtop_dwimap.nii.gz
  [PROC] sub-134064
sub-134064 ses-3
ses-3: sub-134064_ses-3_acq-1k3k64d_space-ACPC_model-mapmri_param-rtpp_dwimap.nii.gz
  [DONE] → sub-134064_ses-3_acq-1k3k64d_space-MNI152NLin2009cAsym_res-02_model-mapmri_param-rtpp_dwimap.nii.gz
  [PROC] sub-134065
sub-134065 ses-1
ses-1: sub-134065_ses-1_acq-1k3k64d_space-ACPC_model-mapmri_param-lapnorm_dwimap.nii.gz
  [DONE] → sub-134065_ses-1_acq-1k3k64d_space-MNI152NLin2009cAsym_res-02_model-mapmri_param-lapnorm_dwimap.nii.gz
  [PROC] sub-134065
sub-134065 ses-1
ses-1: sub-134065_ses-1_acq-1k3k64d_space-ACPC_model-mapmri_param-msd_dwimap.nii.gz
  [DONE] → sub-134065_ses-1_acq-1k3k64d_space-MNI152NLin2009cAsym_res-02_model-mapmri_param-msd_dwimap.nii.gz
  [PROC] sub-134065
sub-134065 ses-1
ses-1: sub-134065_ses-1_acq-1k3k64d_space-ACPC_model-mapmri_param-mapcoeffs_dwimap.nii.gz
  [DONE] → sub-134065_ses-1_acq-1k3k64d_space-MNI152NLin2009cAsym_res-02_model-mapmri_param-mapcoeffs_dwimap.nii.gz
  [PROC] sub-134065
sub-134065 ses-1
ses-1: sub-134065_ses-1_acq-1k3k64d_space-ACPC_model-mapmri_param-qiv_dwimap.nii.gz
  [DONE] → sub-134065_ses-1_acq-1k3k64d_space-MNI152NLin2009cAsym_res-02_model-mapmri_param-qiv_dwimap.nii.gz
  [PROC] sub-134065
sub-134065 ses-1
ses-1: sub-134065_ses-1_acq-1k3k64d_space-ACPC_model-mapmri_param-rtap_dwimap.nii.gz
  [DONE] → sub-134065_ses-1_acq-1k3k64d_space-MNI152NLin2009cAsym_res-02_model-mapmri_param-rtap_dwimap.nii.gz
  [PROC] sub-134065
sub-134065 ses-1
ses-1: sub-134065_ses-1_acq-1k3k64d_space-ACPC_model-mapmri_param-rtop_dwimap.nii.gz
  [DONE] → sub-134065_ses-1_acq-1k3k64d_space-MNI152NLin2009cAsym_res-02_model-mapmri_param-rtop_dwimap.nii.gz
  [PROC] sub-134065
sub-134065 ses-1
ses-1: sub-134065_ses-1_acq-1k3k64d_space-ACPC_model-mapmri_param-rtpp_dwimap.nii.gz
  [DONE] → sub-134065_ses-1_acq-1k3k64d_space-MNI152NLin2009cAsym_res-02_model-mapmri_param-rtpp_dwimap.nii.gz
  [PROC] sub-134065
sub-134065 ses-2
ses-2: sub-134065_ses-2_acq-1k3k64d_space-ACPC_model-mapmri_param-lapnorm_dwimap.nii.gz
  [DONE] → sub-134065_ses-2_acq-1k3k64d_space-MNI152NLin2009cAsym_res-02_model-mapmri_param-lapnorm_dwimap.nii.gz
  [PROC] sub-134065
sub-134065 ses-2
ses-2: sub-134065_ses-2_acq-1k3k64d_space-ACPC_model-mapmri_param-mapcoeffs_dwimap.nii.gz
  [DONE] → sub-134065_ses-2_acq-1k3k64d_space-MNI152NLin2009cAsym_res-02_model-mapmri_param-mapcoeffs_dwimap.nii.gz
  [PROC] sub-134065
sub-134065 ses-2
ses-2: sub-134065_ses-2_acq-1k3k64d_space-ACPC_model-mapmri_param-msd_dwimap.nii.gz
  [DONE] → sub-134065_ses-2_acq-1k3k64d_space-MNI152NLin2009cAsym_res-02_model-mapmri_param-msd_dwimap.nii.gz
  [PROC] sub-134065
sub-134065 ses-2
ses-2: sub-134065_ses-2_acq-1k3k64d_space-ACPC_model-mapmri_param-qiv_dwimap.nii.gz
  [DONE] → sub-134065_ses-2_acq-1k3k64d_space-MNI152NLin2009cAsym_res-02_model-mapmri_param-qiv_dwimap.nii.gz
  [PROC] sub-134065
sub-134065 ses-2
ses-2: sub-134065_ses-2_acq-1k3k64d_space-ACPC_model-mapmri_param-rtap_dwimap.nii.gz
  [DONE] → sub-134065_ses-2_acq-1k3k64d_space-MNI152NLin2009cAsym_res-02_model-mapmri_param-rtap_dwimap.nii.gz
  [PROC] sub-134065
sub-134065 ses-2
ses-2: sub-134065_ses-2_acq-1k3k64d_space-ACPC_model-mapmri_param-rtop_dwimap.nii.gz
  [DONE] → sub-134065_ses-2_acq-1k3k64d_space-MNI152NLin2009cAsym_res-02_model-mapmri_param-rtop_dwimap.nii.gz
  [PROC] sub-134065
sub-134065 ses-2
ses-2: sub-134065_ses-2_acq-1k3k64d_space-ACPC_model-mapmri_param-rtpp_dwimap.nii.gz
  [DONE] → sub-134065_ses-2_acq-1k3k64d_space-MNI152NLin2009cAsym_res-02_model-mapmri_param-rtpp_dwimap.nii.gz
  [PROC] sub-134065
sub-134065 ses-3
ses-3: sub-134065_ses-3_acq-1k3k64d_space-ACPC_model-mapmri_param-lapnorm_dwimap.nii.gz
  [DONE] → sub-134065_ses-3_acq-1k3k64d_space-MNI152NLin2009cAsym_res-02_model-mapmri_param-lapnorm_dwimap.nii.gz
  [PROC] sub-134065
sub-134065 ses-3
ses-3: sub-134065_ses-3_acq-1k3k64d_space-ACPC_model-mapmri_param-mapcoeffs_dwimap.nii.gz
  [DONE] → sub-134065_ses-3_acq-1k3k64d_space-MNI152NLin2009cAsym_res-02_model-mapmri_param-mapcoeffs_dwimap.nii.gz
  [PROC] sub-134065
sub-134065 ses-3
ses-3: sub-134065_ses-3_acq-1k3k64d_space-ACPC_model-mapmri_param-msd_dwimap.nii.gz
  [DONE] → sub-134065_ses-3_acq-1k3k64d_space-MNI152NLin2009cAsym_res-02_model-mapmri_param-msd_dwimap.nii.gz
  [PROC] sub-134065
sub-134065 ses-3
ses-3: sub-134065_ses-3_acq-1k3k64d_space-ACPC_model-mapmri_param-qiv_dwimap.nii.gz
  [DONE] → sub-134065_ses-3_acq-1k3k64d_space-MNI152NLin2009cAsym_res-02_model-mapmri_param-qiv_dwimap.nii.gz
  [PROC] sub-134065
sub-134065 ses-3
ses-3: sub-134065_ses-3_acq-1k3k64d_space-ACPC_model-mapmri_param-rtap_dwimap.nii.gz
  [DONE] → sub-134065_ses-3_acq-1k3k64d_space-MNI152NLin2009cAsym_res-02_model-mapmri_param-rtap_dwimap.nii.gz
  [PROC] sub-134065
sub-134065 ses-3
ses-3: sub-134065_ses-3_acq-1k3k64d_space-ACPC_model-mapmri_param-rtop_dwimap.nii.gz
  [DONE] → sub-134065_ses-3_acq-1k3k64d_space-MNI152NLin2009cAsym_res-02_model-mapmri_param-rtop_dwimap.nii.gz
  [PROC] sub-134065
sub-134065 ses-3
ses-3: sub-134065_ses-3_acq-1k3k64d_space-ACPC_model-mapmri_param-rtpp_dwimap.nii.gz
  [DONE] → sub-134065_ses-3_acq-1k3k64d_space-MNI152NLin2009cAsym_res-02_model-mapmri_param-rtpp_dwimap.nii.gz
  [PROC] sub-134066
sub-134066 ses-1
ses-1: sub-134066_ses-1_acq-1k3k64d_space-ACPC_model-mapmri_param-lapnorm_dwimap.nii.gz
  [DONE] → sub-134066_ses-1_acq-1k3k64d_space-MNI152NLin2009cAsym_res-02_model-mapmri_param-lapnorm_dwimap.nii.gz
  [PROC] sub-134066
sub-134066 ses-1
ses-1: sub-134066_ses-1_acq-1k3k64d_space-ACPC_model-mapmri_param-mapcoeffs_dwimap.nii.gz
  [DONE] → sub-134066_ses-1_acq-1k3k64d_space-MNI152NLin2009cAsym_res-02_model-mapmri_param-mapcoeffs_dwimap.nii.gz
  [PROC] sub-134066
sub-134066 ses-1
ses-1: sub-134066_ses-1_acq-1k3k64d_space-ACPC_model-mapmri_param-msd_dwimap.nii.gz
  [DONE] → sub-134066_ses-1_acq-1k3k64d_space-MNI152NLin2009cAsym_res-02_model-mapmri_param-msd_dwimap.nii.gz
  [PROC] sub-134066
sub-134066 ses-1
ses-1: sub-134066_ses-1_acq-1k3k64d_space-ACPC_model-mapmri_param-qiv_dwimap.nii.gz
  [DONE] → sub-134066_ses-1_acq-1k3k64d_space-MNI152NLin2009cAsym_res-02_model-mapmri_param-qiv_dwimap.nii.gz
  [PROC] sub-134066
sub-134066 ses-1
ses-1: sub-134066_ses-1_acq-1k3k64d_space-ACPC_model-mapmri_param-rtap_dwimap.nii.gz
  [DONE] → sub-134066_ses-1_acq-1k3k64d_space-MNI152NLin2009cAsym_res-02_model-mapmri_param-rtap_dwimap.nii.gz
  [PROC] sub-134066
sub-134066 ses-1
ses-1: sub-134066_ses-1_acq-1k3k64d_space-ACPC_model-mapmri_param-rtop_dwimap.nii.gz
  [DONE] → sub-134066_ses-1_acq-1k3k64d_space-MNI152NLin2009cAsym_res-02_model-mapmri_param-rtop_dwimap.nii.gz
  [PROC] sub-134066
sub-134066 ses-1
ses-1: sub-134066_ses-1_acq-1k3k64d_space-ACPC_model-mapmri_param-rtpp_dwimap.nii.gz
  [DONE] → sub-134066_ses-1_acq-1k3k64d_space-MNI152NLin2009cAsym_res-02_model-mapmri_param-rtpp_dwimap.nii.gz
  [PROC] sub-134067
sub-134067 ses-1
ses-1: sub-134067_ses-1_acq-1k3k64d_space-ACPC_model-mapmri_param-lapnorm_dwimap.nii.gz
  [DONE] → sub-134067_ses-1_acq-1k3k64d_space-MNI152NLin2009cAsym_res-02_model-mapmri_param-lapnorm_dwimap.nii.gz
  [PROC] sub-134067
sub-134067 ses-1
ses-1: sub-134067_ses-1_acq-1k3k64d_space-ACPC_model-mapmri_param-mapcoeffs_dwimap.nii.gz
  [DONE] → sub-134067_ses-1_acq-1k3k64d_space-MNI152NLin2009cAsym_res-02_model-mapmri_param-mapcoeffs_dwimap.nii.gz
  [PROC] sub-134067
sub-134067 ses-1
ses-1: sub-134067_ses-1_acq-1k3k64d_space-ACPC_model-mapmri_param-msd_dwimap.nii.gz
  [DONE] → sub-134067_ses-1_acq-1k3k64d_space-MNI152NLin2009cAsym_res-02_model-mapmri_param-msd_dwimap.nii.gz
  [PROC] sub-134067
sub-134067 ses-1
ses-1: sub-134067_ses-1_acq-1k3k64d_space-ACPC_model-mapmri_param-qiv_dwimap.nii.gz
  [DONE] → sub-134067_ses-1_acq-1k3k64d_space-MNI152NLin2009cAsym_res-02_model-mapmri_param-qiv_dwimap.nii.gz
  [PROC] sub-134067
sub-134067 ses-1
ses-1: sub-134067_ses-1_acq-1k3k64d_space-ACPC_model-mapmri_param-rtap_dwimap.nii.gz
  [DONE] → sub-134067_ses-1_acq-1k3k64d_space-MNI152NLin2009cAsym_res-02_model-mapmri_param-rtap_dwimap.nii.gz
  [PROC] sub-134067
sub-134067 ses-1
ses-1: sub-134067_ses-1_acq-1k3k64d_space-ACPC_model-mapmri_param-rtop_dwimap.nii.gz
  [DONE] → sub-134067_ses-1_acq-1k3k64d_space-MNI152NLin2009cAsym_res-02_model-mapmri_param-rtop_dwimap.nii.gz
  [PROC] sub-134067
sub-134067 ses-1
ses-1: sub-134067_ses-1_acq-1k3k64d_space-ACPC_model-mapmri_param-rtpp_dwimap.nii.gz
  [DONE] → sub-134067_ses-1_acq-1k3k64d_space-MNI152NLin2009cAsym_res-02_model-mapmri_param-rtpp_dwimap.nii.gz
  [PROC] sub-134067
sub-134067 ses-2
ses-2: sub-134067_ses-2_acq-1k3k64d_space-ACPC_model-mapmri_param-lapnorm_dwimap.nii.gz
  [DONE] → sub-134067_ses-2_acq-1k3k64d_space-MNI152NLin2009cAsym_res-02_model-mapmri_param-lapnorm_dwimap.nii.gz
  [PROC] sub-134067
sub-134067 ses-2
ses-2: sub-134067_ses-2_acq-1k3k64d_space-ACPC_model-mapmri_param-mapcoeffs_dwimap.nii.gz
  [DONE] → sub-134067_ses-2_acq-1k3k64d_space-MNI152NLin2009cAsym_res-02_model-mapmri_param-mapcoeffs_dwimap.nii.gz
  [PROC] sub-134067
sub-134067 ses-2
ses-2: sub-134067_ses-2_acq-1k3k64d_space-ACPC_model-mapmri_param-msd_dwimap.nii.gz
  [DONE] → sub-134067_ses-2_acq-1k3k64d_space-MNI152NLin2009cAsym_res-02_model-mapmri_param-msd_dwimap.nii.gz
  [PROC] sub-134067
sub-134067 ses-2
ses-2: sub-134067_ses-2_acq-1k3k64d_space-ACPC_model-mapmri_param-qiv_dwimap.nii.gz
  [DONE] → sub-134067_ses-2_acq-1k3k64d_space-MNI152NLin2009cAsym_res-02_model-mapmri_param-qiv_dwimap.nii.gz
  [PROC] sub-134067
sub-134067 ses-2
ses-2: sub-134067_ses-2_acq-1k3k64d_space-ACPC_model-mapmri_param-rtap_dwimap.nii.gz
  [DONE] → sub-134067_ses-2_acq-1k3k64d_space-MNI152NLin2009cAsym_res-02_model-mapmri_param-rtap_dwimap.nii.gz
  [PROC] sub-134067
sub-134067 ses-2
ses-2: sub-134067_ses-2_acq-1k3k64d_space-ACPC_model-mapmri_param-rtop_dwimap.nii.gz
  [DONE] → sub-134067_ses-2_acq-1k3k64d_space-MNI152NLin2009cAsym_res-02_model-mapmri_param-rtop_dwimap.nii.gz
  [PROC] sub-134067
sub-134067 ses-2
ses-2: sub-134067_ses-2_acq-1k3k64d_space-ACPC_model-mapmri_param-rtpp_dwimap.nii.gz
  [DONE] → sub-134067_ses-2_acq-1k3k64d_space-MNI152NLin2009cAsym_res-02_model-mapmri_param-rtpp_dwimap.nii.gz
  [PROC] sub-134067
sub-134067 ses-3
ses-3: sub-134067_ses-3_acq-1k3k64d_space-ACPC_model-mapmri_param-lapnorm_dwimap.nii.gz
  [DONE] → sub-134067_ses-3_acq-1k3k64d_space-MNI152NLin2009cAsym_res-02_model-mapmri_param-lapnorm_dwimap.nii.gz
  [PROC] sub-134067
sub-134067 ses-3
ses-3: sub-134067_ses-3_acq-1k3k64d_space-ACPC_model-mapmri_param-mapcoeffs_dwimap.nii.gz
  [DONE] → sub-134067_ses-3_acq-1k3k64d_space-MNI152NLin2009cAsym_res-02_model-mapmri_param-mapcoeffs_dwimap.nii.gz
  [PROC] sub-134067
sub-134067 ses-3
ses-3: sub-134067_ses-3_acq-1k3k64d_space-ACPC_model-mapmri_param-msd_dwimap.nii.gz
  [DONE] → sub-134067_ses-3_acq-1k3k64d_space-MNI152NLin2009cAsym_res-02_model-mapmri_param-msd_dwimap.nii.gz
  [PROC] sub-134067
sub-134067 ses-3
ses-3: sub-134067_ses-3_acq-1k3k64d_space-ACPC_model-mapmri_param-qiv_dwimap.nii.gz
  [DONE] → sub-134067_ses-3_acq-1k3k64d_space-MNI152NLin2009cAsym_res-02_model-mapmri_param-qiv_dwimap.nii.gz
  [PROC] sub-134067
sub-134067 ses-3
ses-3: sub-134067_ses-3_acq-1k3k64d_space-ACPC_model-mapmri_param-rtap_dwimap.nii.gz
  [DONE] → sub-134067_ses-3_acq-1k3k64d_space-MNI152NLin2009cAsym_res-02_model-mapmri_param-rtap_dwimap.nii.gz
  [PROC] sub-134067
sub-134067 ses-3
ses-3: sub-134067_ses-3_acq-1k3k64d_space-ACPC_model-mapmri_param-rtop_dwimap.nii.gz
  [DONE] → sub-134067_ses-3_acq-1k3k64d_space-MNI152NLin2009cAsym_res-02_model-mapmri_param-rtop_dwimap.nii.gz
  [PROC] sub-134067
sub-134067 ses-3
ses-3: sub-134067_ses-3_acq-1k3k64d_space-ACPC_model-mapmri_param-rtpp_dwimap.nii.gz
  [DONE] → sub-134067_ses-3_acq-1k3k64d_space-MNI152NLin2009cAsym_res-02_model-mapmri_param-rtpp_dwimap.nii.gz
  [PROC] sub-134068
sub-134068 ses-1
ses-1: sub-134068_ses-1_acq-1k3k64d_space-ACPC_model-mapmri_param-lapnorm_dwimap.nii.gz
  [DONE] → sub-134068_ses-1_acq-1k3k64d_space-MNI152NLin2009cAsym_res-02_model-mapmri_param-lapnorm_dwimap.nii.gz
  [PROC] sub-134068
sub-134068 ses-1
ses-1: sub-134068_ses-1_acq-1k3k64d_space-ACPC_model-mapmri_param-mapcoeffs_dwimap.nii.gz
  [DONE] → sub-134068_ses-1_acq-1k3k64d_space-MNI152NLin2009cAsym_res-02_model-mapmri_param-mapcoeffs_dwimap.nii.gz
  [PROC] sub-134068
sub-134068 ses-1
ses-1: sub-134068_ses-1_acq-1k3k64d_space-ACPC_model-mapmri_param-msd_dwimap.nii.gz
  [DONE] → sub-134068_ses-1_acq-1k3k64d_space-MNI152NLin2009cAsym_res-02_model-mapmri_param-msd_dwimap.nii.gz
  [PROC] sub-134068
sub-134068 ses-1
ses-1: sub-134068_ses-1_acq-1k3k64d_space-ACPC_model-mapmri_param-qiv_dwimap.nii.gz
  [DONE] → sub-134068_ses-1_acq-1k3k64d_space-MNI152NLin2009cAsym_res-02_model-mapmri_param-qiv_dwimap.nii.gz
  [PROC] sub-134068
sub-134068 ses-1
ses-1: sub-134068_ses-1_acq-1k3k64d_space-ACPC_model-mapmri_param-rtap_dwimap.nii.gz
  [DONE] → sub-134068_ses-1_acq-1k3k64d_space-MNI152NLin2009cAsym_res-02_model-mapmri_param-rtap_dwimap.nii.gz
  [PROC] sub-134068
sub-134068 ses-1
ses-1: sub-134068_ses-1_acq-1k3k64d_space-ACPC_model-mapmri_param-rtop_dwimap.nii.gz
  [DONE] → sub-134068_ses-1_acq-1k3k64d_space-MNI152NLin2009cAsym_res-02_model-mapmri_param-rtop_dwimap.nii.gz
  [PROC] sub-134068
sub-134068 ses-1
ses-1: sub-134068_ses-1_acq-1k3k64d_space-ACPC_model-mapmri_param-rtpp_dwimap.nii.gz
  [DONE] → sub-134068_ses-1_acq-1k3k64d_space-MNI152NLin2009cAsym_res-02_model-mapmri_param-rtpp_dwimap.nii.gz
  [PROC] sub-134070
sub-134070 ses-1
ses-1: sub-134070_ses-1_acq-1k3k64d_space-ACPC_model-mapmri_param-lapnorm_dwimap.nii.gz
  [DONE] → sub-134070_ses-1_acq-1k3k64d_space-MNI152NLin2009cAsym_res-02_model-mapmri_param-lapnorm_dwimap.nii.gz
  [PROC] sub-134070
sub-134070 ses-1
ses-1: sub-134070_ses-1_acq-1k3k64d_space-ACPC_model-mapmri_param-mapcoeffs_dwimap.nii.gz
  [DONE] → sub-134070_ses-1_acq-1k3k64d_space-MNI152NLin2009cAsym_res-02_model-mapmri_param-mapcoeffs_dwimap.nii.gz
  [PROC] sub-134070
sub-134070 ses-1
ses-1: sub-134070_ses-1_acq-1k3k64d_space-ACPC_model-mapmri_param-msd_dwimap.nii.gz
  [DONE] → sub-134070_ses-1_acq-1k3k64d_space-MNI152NLin2009cAsym_res-02_model-mapmri_param-msd_dwimap.nii.gz
  [PROC] sub-134070
sub-134070 ses-1
ses-1: sub-134070_ses-1_acq-1k3k64d_space-ACPC_model-mapmri_param-qiv_dwimap.nii.gz
  [DONE] → sub-134070_ses-1_acq-1k3k64d_space-MNI152NLin2009cAsym_res-02_model-mapmri_param-qiv_dwimap.nii.gz
  [PROC] sub-134070
sub-134070 ses-1
ses-1: sub-134070_ses-1_acq-1k3k64d_space-ACPC_model-mapmri_param-rtap_dwimap.nii.gz
  [DONE] → sub-134070_ses-1_acq-1k3k64d_space-MNI152NLin2009cAsym_res-02_model-mapmri_param-rtap_dwimap.nii.gz
  [PROC] sub-134070
sub-134070 ses-1
ses-1: sub-134070_ses-1_acq-1k3k64d_space-ACPC_model-mapmri_param-rtop_dwimap.nii.gz
  [DONE] → sub-134070_ses-1_acq-1k3k64d_space-MNI152NLin2009cAsym_res-02_model-mapmri_param-rtop_dwimap.nii.gz
  [PROC] sub-134070
sub-134070 ses-1
ses-1: sub-134070_ses-1_acq-1k3k64d_space-ACPC_model-mapmri_param-rtpp_dwimap.nii.gz
  [DONE] → sub-134070_ses-1_acq-1k3k64d_space-MNI152NLin2009cAsym_res-02_model-mapmri_param-rtpp_dwimap.nii.gz
  [PROC] sub-134070
sub-134070 ses-2
ses-2: sub-134070_ses-2_acq-1k3k64d_space-ACPC_model-mapmri_param-lapnorm_dwimap.nii.gz
  [DONE] → sub-134070_ses-2_acq-1k3k64d_space-MNI152NLin2009cAsym_res-02_model-mapmri_param-lapnorm_dwimap.nii.gz
  [PROC] sub-134070
sub-134070 ses-2
ses-2: sub-134070_ses-2_acq-1k3k64d_space-ACPC_model-mapmri_param-mapcoeffs_dwimap.nii.gz
  [DONE] → sub-134070_ses-2_acq-1k3k64d_space-MNI152NLin2009cAsym_res-02_model-mapmri_param-mapcoeffs_dwimap.nii.gz
  [PROC] sub-134070
sub-134070 ses-2
ses-2: sub-134070_ses-2_acq-1k3k64d_space-ACPC_model-mapmri_param-msd_dwimap.nii.gz
  [DONE] → sub-134070_ses-2_acq-1k3k64d_space-MNI152NLin2009cAsym_res-02_model-mapmri_param-msd_dwimap.nii.gz
  [PROC] sub-134070
sub-134070 ses-2
ses-2: sub-134070_ses-2_acq-1k3k64d_space-ACPC_model-mapmri_param-qiv_dwimap.nii.gz
  [DONE] → sub-134070_ses-2_acq-1k3k64d_space-MNI152NLin2009cAsym_res-02_model-mapmri_param-qiv_dwimap.nii.gz
  [PROC] sub-134070
sub-134070 ses-2
ses-2: sub-134070_ses-2_acq-1k3k64d_space-ACPC_model-mapmri_param-rtap_dwimap.nii.gz
  [DONE] → sub-134070_ses-2_acq-1k3k64d_space-MNI152NLin2009cAsym_res-02_model-mapmri_param-rtap_dwimap.nii.gz
  [PROC] sub-134070
sub-134070 ses-2
ses-2: sub-134070_ses-2_acq-1k3k64d_space-ACPC_model-mapmri_param-rtop_dwimap.nii.gz
  [DONE] → sub-134070_ses-2_acq-1k3k64d_space-MNI152NLin2009cAsym_res-02_model-mapmri_param-rtop_dwimap.nii.gz
  [PROC] sub-134070
sub-134070 ses-2
ses-2: sub-134070_ses-2_acq-1k3k64d_space-ACPC_model-mapmri_param-rtpp_dwimap.nii.gz
  [DONE] → sub-134070_ses-2_acq-1k3k64d_space-MNI152NLin2009cAsym_res-02_model-mapmri_param-rtpp_dwimap.nii.gz
  [PROC] sub-134070
sub-134070 ses-3
ses-3: sub-134070_ses-3_acq-1k3k64d_space-ACPC_model-mapmri_param-lapnorm_dwimap.nii.gz
  [DONE] → sub-134070_ses-3_acq-1k3k64d_space-MNI152NLin2009cAsym_res-02_model-mapmri_param-lapnorm_dwimap.nii.gz
  [PROC] sub-134070
sub-134070 ses-3
ses-3: sub-134070_ses-3_acq-1k3k64d_space-ACPC_model-mapmri_param-mapcoeffs_dwimap.nii.gz
  [DONE] → sub-134070_ses-3_acq-1k3k64d_space-MNI152NLin2009cAsym_res-02_model-mapmri_param-mapcoeffs_dwimap.nii.gz
  [PROC] sub-134070
sub-134070 ses-3
ses-3: sub-134070_ses-3_acq-1k3k64d_space-ACPC_model-mapmri_param-msd_dwimap.nii.gz
  [DONE] → sub-134070_ses-3_acq-1k3k64d_space-MNI152NLin2009cAsym_res-02_model-mapmri_param-msd_dwimap.nii.gz
  [PROC] sub-134070
sub-134070 ses-3
ses-3: sub-134070_ses-3_acq-1k3k64d_space-ACPC_model-mapmri_param-qiv_dwimap.nii.gz
  [DONE] → sub-134070_ses-3_acq-1k3k64d_space-MNI152NLin2009cAsym_res-02_model-mapmri_param-qiv_dwimap.nii.gz
  [PROC] sub-134070
sub-134070 ses-3
ses-3: sub-134070_ses-3_acq-1k3k64d_space-ACPC_model-mapmri_param-rtap_dwimap.nii.gz
  [DONE] → sub-134070_ses-3_acq-1k3k64d_space-MNI152NLin2009cAsym_res-02_model-mapmri_param-rtap_dwimap.nii.gz
  [PROC] sub-134070
sub-134070 ses-3
ses-3: sub-134070_ses-3_acq-1k3k64d_space-ACPC_model-mapmri_param-rtop_dwimap.nii.gz
  [DONE] → sub-134070_ses-3_acq-1k3k64d_space-MNI152NLin2009cAsym_res-02_model-mapmri_param-rtop_dwimap.nii.gz
  [PROC] sub-134070
sub-134070 ses-3
ses-3: sub-134070_ses-3_acq-1k3k64d_space-ACPC_model-mapmri_param-rtpp_dwimap.nii.gz
  [DONE] → sub-134070_ses-3_acq-1k3k64d_space-MNI152NLin2009cAsym_res-02_model-mapmri_param-rtpp_dwimap.nii.gz
  [PROC] sub-134071
sub-134071 ses-1
ses-1: sub-134071_ses-1_acq-1k3k64d_space-ACPC_model-mapmri_param-lapnorm_dwimap.nii.gz
  [DONE] → sub-134071_ses-1_acq-1k3k64d_space-MNI152NLin2009cAsym_res-02_model-mapmri_param-lapnorm_dwimap.nii.gz
  [PROC] sub-134071
sub-134071 ses-1
ses-1: sub-134071_ses-1_acq-1k3k64d_space-ACPC_model-mapmri_param-mapcoeffs_dwimap.nii.gz
  [DONE] → sub-134071_ses-1_acq-1k3k64d_space-MNI152NLin2009cAsym_res-02_model-mapmri_param-mapcoeffs_dwimap.nii.gz
  [PROC] sub-134071
sub-134071 ses-1
ses-1: sub-134071_ses-1_acq-1k3k64d_space-ACPC_model-mapmri_param-msd_dwimap.nii.gz
  [DONE] → sub-134071_ses-1_acq-1k3k64d_space-MNI152NLin2009cAsym_res-02_model-mapmri_param-msd_dwimap.nii.gz
  [PROC] sub-134071
sub-134071 ses-1
ses-1: sub-134071_ses-1_acq-1k3k64d_space-ACPC_model-mapmri_param-qiv_dwimap.nii.gz
  [DONE] → sub-134071_ses-1_acq-1k3k64d_space-MNI152NLin2009cAsym_res-02_model-mapmri_param-qiv_dwimap.nii.gz
  [PROC] sub-134071
sub-134071 ses-1
ses-1: sub-134071_ses-1_acq-1k3k64d_space-ACPC_model-mapmri_param-rtap_dwimap.nii.gz
  [DONE] → sub-134071_ses-1_acq-1k3k64d_space-MNI152NLin2009cAsym_res-02_model-mapmri_param-rtap_dwimap.nii.gz
  [PROC] sub-134071
sub-134071 ses-1
ses-1: sub-134071_ses-1_acq-1k3k64d_space-ACPC_model-mapmri_param-rtop_dwimap.nii.gz
  [DONE] → sub-134071_ses-1_acq-1k3k64d_space-MNI152NLin2009cAsym_res-02_model-mapmri_param-rtop_dwimap.nii.gz
  [PROC] sub-134071
sub-134071 ses-1
ses-1: sub-134071_ses-1_acq-1k3k64d_space-ACPC_model-mapmri_param-rtpp_dwimap.nii.gz
  [DONE] → sub-134071_ses-1_acq-1k3k64d_space-MNI152NLin2009cAsym_res-02_model-mapmri_param-rtpp_dwimap.nii.gz
  [PROC] sub-134071
sub-134071 ses-2
ses-2: sub-134071_ses-2_acq-1k3k64d_space-ACPC_model-mapmri_param-lapnorm_dwimap.nii.gz
  [DONE] → sub-134071_ses-2_acq-1k3k64d_space-MNI152NLin2009cAsym_res-02_model-mapmri_param-lapnorm_dwimap.nii.gz
  [PROC] sub-134071
sub-134071 ses-2
ses-2: sub-134071_ses-2_acq-1k3k64d_space-ACPC_model-mapmri_param-mapcoeffs_dwimap.nii.gz
  [DONE] → sub-134071_ses-2_acq-1k3k64d_space-MNI152NLin2009cAsym_res-02_model-mapmri_param-mapcoeffs_dwimap.nii.gz
  [PROC] sub-134071
sub-134071 ses-2
ses-2: sub-134071_ses-2_acq-1k3k64d_space-ACPC_model-mapmri_param-msd_dwimap.nii.gz
  [DONE] → sub-134071_ses-2_acq-1k3k64d_space-MNI152NLin2009cAsym_res-02_model-mapmri_param-msd_dwimap.nii.gz
  [PROC] sub-134071
sub-134071 ses-2
ses-2: sub-134071_ses-2_acq-1k3k64d_space-ACPC_model-mapmri_param-qiv_dwimap.nii.gz
  [DONE] → sub-134071_ses-2_acq-1k3k64d_space-MNI152NLin2009cAsym_res-02_model-mapmri_param-qiv_dwimap.nii.gz
  [PROC] sub-134071
sub-134071 ses-2
ses-2: sub-134071_ses-2_acq-1k3k64d_space-ACPC_model-mapmri_param-rtap_dwimap.nii.gz
  [DONE] → sub-134071_ses-2_acq-1k3k64d_space-MNI152NLin2009cAsym_res-02_model-mapmri_param-rtap_dwimap.nii.gz
  [PROC] sub-134071
sub-134071 ses-2
ses-2: sub-134071_ses-2_acq-1k3k64d_space-ACPC_model-mapmri_param-rtop_dwimap.nii.gz
  [DONE] → sub-134071_ses-2_acq-1k3k64d_space-MNI152NLin2009cAsym_res-02_model-mapmri_param-rtop_dwimap.nii.gz
  [PROC] sub-134071
sub-134071 ses-2
ses-2: sub-134071_ses-2_acq-1k3k64d_space-ACPC_model-mapmri_param-rtpp_dwimap.nii.gz
  [DONE] → sub-134071_ses-2_acq-1k3k64d_space-MNI152NLin2009cAsym_res-02_model-mapmri_param-rtpp_dwimap.nii.gz
  [PROC] sub-134071
sub-134071 ses-3
ses-3: sub-134071_ses-3_acq-1k3k64d_space-ACPC_model-mapmri_param-lapnorm_dwimap.nii.gz
  [DONE] → sub-134071_ses-3_acq-1k3k64d_space-MNI152NLin2009cAsym_res-02_model-mapmri_param-lapnorm_dwimap.nii.gz
  [PROC] sub-134071
sub-134071 ses-3
ses-3: sub-134071_ses-3_acq-1k3k64d_space-ACPC_model-mapmri_param-mapcoeffs_dwimap.nii.gz
  [DONE] → sub-134071_ses-3_acq-1k3k64d_space-MNI152NLin2009cAsym_res-02_model-mapmri_param-mapcoeffs_dwimap.nii.gz
  [PROC] sub-134071
sub-134071 ses-3
ses-3: sub-134071_ses-3_acq-1k3k64d_space-ACPC_model-mapmri_param-msd_dwimap.nii.gz
  [DONE] → sub-134071_ses-3_acq-1k3k64d_space-MNI152NLin2009cAsym_res-02_model-mapmri_param-msd_dwimap.nii.gz
  [PROC] sub-134071
sub-134071 ses-3
ses-3: sub-134071_ses-3_acq-1k3k64d_space-ACPC_model-mapmri_param-qiv_dwimap.nii.gz
  [DONE] → sub-134071_ses-3_acq-1k3k64d_space-MNI152NLin2009cAsym_res-02_model-mapmri_param-qiv_dwimap.nii.gz
  [PROC] sub-134071
sub-134071 ses-3
ses-3: sub-134071_ses-3_acq-1k3k64d_space-ACPC_model-mapmri_param-rtap_dwimap.nii.gz
  [DONE] → sub-134071_ses-3_acq-1k3k64d_space-MNI152NLin2009cAsym_res-02_model-mapmri_param-rtap_dwimap.nii.gz
  [PROC] sub-134071
sub-134071 ses-3
ses-3: sub-134071_ses-3_acq-1k3k64d_space-ACPC_model-mapmri_param-rtop_dwimap.nii.gz
  [DONE] → sub-134071_ses-3_acq-1k3k64d_space-MNI152NLin2009cAsym_res-02_model-mapmri_param-rtop_dwimap.nii.gz
  [PROC] sub-134071
sub-134071 ses-3
ses-3: sub-134071_ses-3_acq-1k3k64d_space-ACPC_model-mapmri_param-rtpp_dwimap.nii.gz
  [DONE] → sub-134071_ses-3_acq-1k3k64d_space-MNI152NLin2009cAsym_res-02_model-mapmri_param-rtpp_dwimap.nii.gz
  [PROC] sub-134072
sub-134072 ses-1
ses-1: sub-134072_ses-1_acq-1k3k64d_space-ACPC_model-mapmri_param-lapnorm_dwimap.nii.gz
  [DONE] → sub-134072_ses-1_acq-1k3k64d_space-MNI152NLin2009cAsym_res-02_model-mapmri_param-lapnorm_dwimap.nii.gz
  [PROC] sub-134072
sub-134072 ses-1
ses-1: sub-134072_ses-1_acq-1k3k64d_space-ACPC_model-mapmri_param-mapcoeffs_dwimap.nii.gz
  [DONE] → sub-134072_ses-1_acq-1k3k64d_space-MNI152NLin2009cAsym_res-02_model-mapmri_param-mapcoeffs_dwimap.nii.gz
  [PROC] sub-134072
sub-134072 ses-1
ses-1: sub-134072_ses-1_acq-1k3k64d_space-ACPC_model-mapmri_param-msd_dwimap.nii.gz
  [DONE] → sub-134072_ses-1_acq-1k3k64d_space-MNI152NLin2009cAsym_res-02_model-mapmri_param-msd_dwimap.nii.gz
  [PROC] sub-134072
sub-134072 ses-1
ses-1: sub-134072_ses-1_acq-1k3k64d_space-ACPC_model-mapmri_param-qiv_dwimap.nii.gz
  [DONE] → sub-134072_ses-1_acq-1k3k64d_space-MNI152NLin2009cAsym_res-02_model-mapmri_param-qiv_dwimap.nii.gz
  [PROC] sub-134072
sub-134072 ses-1
ses-1: sub-134072_ses-1_acq-1k3k64d_space-ACPC_model-mapmri_param-rtap_dwimap.nii.gz
  [DONE] → sub-134072_ses-1_acq-1k3k64d_space-MNI152NLin2009cAsym_res-02_model-mapmri_param-rtap_dwimap.nii.gz
  [PROC] sub-134072
sub-134072 ses-1
ses-1: sub-134072_ses-1_acq-1k3k64d_space-ACPC_model-mapmri_param-rtop_dwimap.nii.gz
  [DONE] → sub-134072_ses-1_acq-1k3k64d_space-MNI152NLin2009cAsym_res-02_model-mapmri_param-rtop_dwimap.nii.gz
  [PROC] sub-134072
sub-134072 ses-1
ses-1: sub-134072_ses-1_acq-1k3k64d_space-ACPC_model-mapmri_param-rtpp_dwimap.nii.gz
  [DONE] → sub-134072_ses-1_acq-1k3k64d_space-MNI152NLin2009cAsym_res-02_model-mapmri_param-rtpp_dwimap.nii.gz
  [PROC] sub-134073
sub-134073 ses-1
ses-1: sub-134073_ses-1_acq-1k3k64d_space-ACPC_model-mapmri_param-mapcoeffs_dwimap.nii.gz
  [DONE] → sub-134073_ses-1_acq-1k3k64d_space-MNI152NLin2009cAsym_res-02_model-mapmri_param-mapcoeffs_dwimap.nii.gz
  [PROC] sub-134073
sub-134073 ses-1
ses-1: sub-134073_ses-1_acq-1k3k64d_space-ACPC_model-mapmri_param-lapnorm_dwimap.nii.gz
  [DONE] → sub-134073_ses-1_acq-1k3k64d_space-MNI152NLin2009cAsym_res-02_model-mapmri_param-lapnorm_dwimap.nii.gz
  [PROC] sub-134073
sub-134073 ses-1
ses-1: sub-134073_ses-1_acq-1k3k64d_space-ACPC_model-mapmri_param-msd_dwimap.nii.gz
  [DONE] → sub-134073_ses-1_acq-1k3k64d_space-MNI152NLin2009cAsym_res-02_model-mapmri_param-msd_dwimap.nii.gz
  [PROC] sub-134073
sub-134073 ses-1
ses-1: sub-134073_ses-1_acq-1k3k64d_space-ACPC_model-mapmri_param-qiv_dwimap.nii.gz
  [DONE] → sub-134073_ses-1_acq-1k3k64d_space-MNI152NLin2009cAsym_res-02_model-mapmri_param-qiv_dwimap.nii.gz
  [PROC] sub-134073
sub-134073 ses-1
ses-1: sub-134073_ses-1_acq-1k3k64d_space-ACPC_model-mapmri_param-rtap_dwimap.nii.gz
  [DONE] → sub-134073_ses-1_acq-1k3k64d_space-MNI152NLin2009cAsym_res-02_model-mapmri_param-rtap_dwimap.nii.gz
  [PROC] sub-134073
sub-134073 ses-1
ses-1: sub-134073_ses-1_acq-1k3k64d_space-ACPC_model-mapmri_param-rtop_dwimap.nii.gz
  [DONE] → sub-134073_ses-1_acq-1k3k64d_space-MNI152NLin2009cAsym_res-02_model-mapmri_param-rtop_dwimap.nii.gz
  [PROC] sub-134073
sub-134073 ses-1
ses-1: sub-134073_ses-1_acq-1k3k64d_space-ACPC_model-mapmri_param-rtpp_dwimap.nii.gz
  [DONE] → sub-134073_ses-1_acq-1k3k64d_space-MNI152NLin2009cAsym_res-02_model-mapmri_param-rtpp_dwimap.nii.gz
  [PROC] sub-134073
sub-134073 ses-2
ses-2: sub-134073_ses-2_acq-1k3k64d_space-ACPC_model-mapmri_param-lapnorm_dwimap.nii.gz
  [DONE] → sub-134073_ses-2_acq-1k3k64d_space-MNI152NLin2009cAsym_res-02_model-mapmri_param-lapnorm_dwimap.nii.gz
  [PROC] sub-134073
sub-134073 ses-2
ses-2: sub-134073_ses-2_acq-1k3k64d_space-ACPC_model-mapmri_param-mapcoeffs_dwimap.nii.gz
  [DONE] → sub-134073_ses-2_acq-1k3k64d_space-MNI152NLin2009cAsym_res-02_model-mapmri_param-mapcoeffs_dwimap.nii.gz
  [PROC] sub-134073
sub-134073 ses-2
ses-2: sub-134073_ses-2_acq-1k3k64d_space-ACPC_model-mapmri_param-msd_dwimap.nii.gz
  [DONE] → sub-134073_ses-2_acq-1k3k64d_space-MNI152NLin2009cAsym_res-02_model-mapmri_param-msd_dwimap.nii.gz
  [PROC] sub-134073
sub-134073 ses-2
ses-2: sub-134073_ses-2_acq-1k3k64d_space-ACPC_model-mapmri_param-qiv_dwimap.nii.gz
  [DONE] → sub-134073_ses-2_acq-1k3k64d_space-MNI152NLin2009cAsym_res-02_model-mapmri_param-qiv_dwimap.nii.gz
  [PROC] sub-134073
sub-134073 ses-2
ses-2: sub-134073_ses-2_acq-1k3k64d_space-ACPC_model-mapmri_param-rtap_dwimap.nii.gz
  [DONE] → sub-134073_ses-2_acq-1k3k64d_space-MNI152NLin2009cAsym_res-02_model-mapmri_param-rtap_dwimap.nii.gz
  [PROC] sub-134073
sub-134073 ses-2
ses-2: sub-134073_ses-2_acq-1k3k64d_space-ACPC_model-mapmri_param-rtop_dwimap.nii.gz
  [DONE] → sub-134073_ses-2_acq-1k3k64d_space-MNI152NLin2009cAsym_res-02_model-mapmri_param-rtop_dwimap.nii.gz
  [PROC] sub-134073
sub-134073 ses-2
ses-2: sub-134073_ses-2_acq-1k3k64d_space-ACPC_model-mapmri_param-rtpp_dwimap.nii.gz
  [DONE] → sub-134073_ses-2_acq-1k3k64d_space-MNI152NLin2009cAsym_res-02_model-mapmri_param-rtpp_dwimap.nii.gz
  [PROC] sub-134073
sub-134073 ses-3
ses-3: sub-134073_ses-3_acq-1k3k64d_space-ACPC_model-mapmri_param-lapnorm_dwimap.nii.gz
  [DONE] → sub-134073_ses-3_acq-1k3k64d_space-MNI152NLin2009cAsym_res-02_model-mapmri_param-lapnorm_dwimap.nii.gz
  [PROC] sub-134073
sub-134073 ses-3
ses-3: sub-134073_ses-3_acq-1k3k64d_space-ACPC_model-mapmri_param-mapcoeffs_dwimap.nii.gz
  [DONE] → sub-134073_ses-3_acq-1k3k64d_space-MNI152NLin2009cAsym_res-02_model-mapmri_param-mapcoeffs_dwimap.nii.gz
  [PROC] sub-134073
sub-134073 ses-3
ses-3: sub-134073_ses-3_acq-1k3k64d_space-ACPC_model-mapmri_param-msd_dwimap.nii.gz
  [DONE] → sub-134073_ses-3_acq-1k3k64d_space-MNI152NLin2009cAsym_res-02_model-mapmri_param-msd_dwimap.nii.gz
  [PROC] sub-134073
sub-134073 ses-3
ses-3: sub-134073_ses-3_acq-1k3k64d_space-ACPC_model-mapmri_param-qiv_dwimap.nii.gz
  [DONE] → sub-134073_ses-3_acq-1k3k64d_space-MNI152NLin2009cAsym_res-02_model-mapmri_param-qiv_dwimap.nii.gz
  [PROC] sub-134073
sub-134073 ses-3
ses-3: sub-134073_ses-3_acq-1k3k64d_space-ACPC_model-mapmri_param-rtap_dwimap.nii.gz
  [DONE] → sub-134073_ses-3_acq-1k3k64d_space-MNI152NLin2009cAsym_res-02_model-mapmri_param-rtap_dwimap.nii.gz
  [PROC] sub-134073
sub-134073 ses-3
ses-3: sub-134073_ses-3_acq-1k3k64d_space-ACPC_model-mapmri_param-rtop_dwimap.nii.gz
  [DONE] → sub-134073_ses-3_acq-1k3k64d_space-MNI152NLin2009cAsym_res-02_model-mapmri_param-rtop_dwimap.nii.gz
  [PROC] sub-134073
sub-134073 ses-3
ses-3: sub-134073_ses-3_acq-1k3k64d_space-ACPC_model-mapmri_param-rtpp_dwimap.nii.gz
  [DONE] → sub-134073_ses-3_acq-1k3k64d_space-MNI152NLin2009cAsym_res-02_model-mapmri_param-rtpp_dwimap.nii.gz
  [PROC] sub-134074
sub-134074 ses-1
ses-1: sub-134074_ses-1_acq-1k3k64d_space-ACPC_model-mapmri_param-lapnorm_dwimap.nii.gz
  [DONE] → sub-134074_ses-1_acq-1k3k64d_space-MNI152NLin2009cAsym_res-02_model-mapmri_param-lapnorm_dwimap.nii.gz
  [PROC] sub-134074
sub-134074 ses-1
ses-1: sub-134074_ses-1_acq-1k3k64d_space-ACPC_model-mapmri_param-mapcoeffs_dwimap.nii.gz
  [DONE] → sub-134074_ses-1_acq-1k3k64d_space-MNI152NLin2009cAsym_res-02_model-mapmri_param-mapcoeffs_dwimap.nii.gz
  [PROC] sub-134074
sub-134074 ses-1
ses-1: sub-134074_ses-1_acq-1k3k64d_space-ACPC_model-mapmri_param-msd_dwimap.nii.gz
  [DONE] → sub-134074_ses-1_acq-1k3k64d_space-MNI152NLin2009cAsym_res-02_model-mapmri_param-msd_dwimap.nii.gz
  [PROC] sub-134074
sub-134074 ses-1
ses-1: sub-134074_ses-1_acq-1k3k64d_space-ACPC_model-mapmri_param-qiv_dwimap.nii.gz
  [DONE] → sub-134074_ses-1_acq-1k3k64d_space-MNI152NLin2009cAsym_res-02_model-mapmri_param-qiv_dwimap.nii.gz
  [PROC] sub-134074
sub-134074 ses-1
ses-1: sub-134074_ses-1_acq-1k3k64d_space-ACPC_model-mapmri_param-rtap_dwimap.nii.gz
  [DONE] → sub-134074_ses-1_acq-1k3k64d_space-MNI152NLin2009cAsym_res-02_model-mapmri_param-rtap_dwimap.nii.gz
  [PROC] sub-134074
sub-134074 ses-1
ses-1: sub-134074_ses-1_acq-1k3k64d_space-ACPC_model-mapmri_param-rtop_dwimap.nii.gz
  [DONE] → sub-134074_ses-1_acq-1k3k64d_space-MNI152NLin2009cAsym_res-02_model-mapmri_param-rtop_dwimap.nii.gz
  [PROC] sub-134074
sub-134074 ses-1
ses-1: sub-134074_ses-1_acq-1k3k64d_space-ACPC_model-mapmri_param-rtpp_dwimap.nii.gz
  [DONE] → sub-134074_ses-1_acq-1k3k64d_space-MNI152NLin2009cAsym_res-02_model-mapmri_param-rtpp_dwimap.nii.gz
  [PROC] sub-134075
sub-134075 ses-1
ses-1: sub-134075_ses-1_acq-1k3k64d_space-ACPC_model-mapmri_param-lapnorm_dwimap.nii.gz
  [DONE] → sub-134075_ses-1_acq-1k3k64d_space-MNI152NLin2009cAsym_res-02_model-mapmri_param-lapnorm_dwimap.nii.gz
  [PROC] sub-134075
sub-134075 ses-1
ses-1: sub-134075_ses-1_acq-1k3k64d_space-ACPC_model-mapmri_param-mapcoeffs_dwimap.nii.gz
  [DONE] → sub-134075_ses-1_acq-1k3k64d_space-MNI152NLin2009cAsym_res-02_model-mapmri_param-mapcoeffs_dwimap.nii.gz
  [PROC] sub-134075
sub-134075 ses-1
ses-1: sub-134075_ses-1_acq-1k3k64d_space-ACPC_model-mapmri_param-msd_dwimap.nii.gz
  [DONE] → sub-134075_ses-1_acq-1k3k64d_space-MNI152NLin2009cAsym_res-02_model-mapmri_param-msd_dwimap.nii.gz
  [PROC] sub-134075
sub-134075 ses-1
ses-1: sub-134075_ses-1_acq-1k3k64d_space-ACPC_model-mapmri_param-qiv_dwimap.nii.gz
  [DONE] → sub-134075_ses-1_acq-1k3k64d_space-MNI152NLin2009cAsym_res-02_model-mapmri_param-qiv_dwimap.nii.gz
  [PROC] sub-134075
sub-134075 ses-1
ses-1: sub-134075_ses-1_acq-1k3k64d_space-ACPC_model-mapmri_param-rtap_dwimap.nii.gz
  [DONE] → sub-134075_ses-1_acq-1k3k64d_space-MNI152NLin2009cAsym_res-02_model-mapmri_param-rtap_dwimap.nii.gz
  [PROC] sub-134075
sub-134075 ses-1
ses-1: sub-134075_ses-1_acq-1k3k64d_space-ACPC_model-mapmri_param-rtop_dwimap.nii.gz
  [DONE] → sub-134075_ses-1_acq-1k3k64d_space-MNI152NLin2009cAsym_res-02_model-mapmri_param-rtop_dwimap.nii.gz
  [PROC] sub-134075
sub-134075 ses-1
ses-1: sub-134075_ses-1_acq-1k3k64d_space-ACPC_model-mapmri_param-rtpp_dwimap.nii.gz
  [DONE] → sub-134075_ses-1_acq-1k3k64d_space-MNI152NLin2009cAsym_res-02_model-mapmri_param-rtpp_dwimap.nii.gz
  [PROC] sub-134075
sub-134075 ses-2
ses-2: sub-134075_ses-2_acq-1k3k64d_space-ACPC_model-mapmri_param-lapnorm_dwimap.nii.gz
  [DONE] → sub-134075_ses-2_acq-1k3k64d_space-MNI152NLin2009cAsym_res-02_model-mapmri_param-lapnorm_dwimap.nii.gz
  [PROC] sub-134075
sub-134075 ses-2
ses-2: sub-134075_ses-2_acq-1k3k64d_space-ACPC_model-mapmri_param-mapcoeffs_dwimap.nii.gz
  [DONE] → sub-134075_ses-2_acq-1k3k64d_space-MNI152NLin2009cAsym_res-02_model-mapmri_param-mapcoeffs_dwimap.nii.gz
  [PROC] sub-134075
sub-134075 ses-2
ses-2: sub-134075_ses-2_acq-1k3k64d_space-ACPC_model-mapmri_param-msd_dwimap.nii.gz
  [DONE] → sub-134075_ses-2_acq-1k3k64d_space-MNI152NLin2009cAsym_res-02_model-mapmri_param-msd_dwimap.nii.gz
  [PROC] sub-134075
sub-134075 ses-2
ses-2: sub-134075_ses-2_acq-1k3k64d_space-ACPC_model-mapmri_param-qiv_dwimap.nii.gz
  [DONE] → sub-134075_ses-2_acq-1k3k64d_space-MNI152NLin2009cAsym_res-02_model-mapmri_param-qiv_dwimap.nii.gz
  [PROC] sub-134075
sub-134075 ses-2
ses-2: sub-134075_ses-2_acq-1k3k64d_space-ACPC_model-mapmri_param-rtap_dwimap.nii.gz
  [DONE] → sub-134075_ses-2_acq-1k3k64d_space-MNI152NLin2009cAsym_res-02_model-mapmri_param-rtap_dwimap.nii.gz
  [PROC] sub-134075
sub-134075 ses-2
ses-2: sub-134075_ses-2_acq-1k3k64d_space-ACPC_model-mapmri_param-rtop_dwimap.nii.gz
  [DONE] → sub-134075_ses-2_acq-1k3k64d_space-MNI152NLin2009cAsym_res-02_model-mapmri_param-rtop_dwimap.nii.gz
  [PROC] sub-134075
sub-134075 ses-2
ses-2: sub-134075_ses-2_acq-1k3k64d_space-ACPC_model-mapmri_param-rtpp_dwimap.nii.gz
  [DONE] → sub-134075_ses-2_acq-1k3k64d_space-MNI152NLin2009cAsym_res-02_model-mapmri_param-rtpp_dwimap.nii.gz
  [PROC] sub-134075
sub-134075 ses-3
ses-3: sub-134075_ses-3_acq-1k3k64d_space-ACPC_model-mapmri_param-lapnorm_dwimap.nii.gz
  [DONE] → sub-134075_ses-3_acq-1k3k64d_space-MNI152NLin2009cAsym_res-02_model-mapmri_param-lapnorm_dwimap.nii.gz
  [PROC] sub-134075
sub-134075 ses-3
ses-3: sub-134075_ses-3_acq-1k3k64d_space-ACPC_model-mapmri_param-mapcoeffs_dwimap.nii.gz
  [DONE] → sub-134075_ses-3_acq-1k3k64d_space-MNI152NLin2009cAsym_res-02_model-mapmri_param-mapcoeffs_dwimap.nii.gz
  [PROC] sub-134075
sub-134075 ses-3
ses-3: sub-134075_ses-3_acq-1k3k64d_space-ACPC_model-mapmri_param-msd_dwimap.nii.gz
  [DONE] → sub-134075_ses-3_acq-1k3k64d_space-MNI152NLin2009cAsym_res-02_model-mapmri_param-msd_dwimap.nii.gz
  [PROC] sub-134075
sub-134075 ses-3
ses-3: sub-134075_ses-3_acq-1k3k64d_space-ACPC_model-mapmri_param-qiv_dwimap.nii.gz
  [DONE] → sub-134075_ses-3_acq-1k3k64d_space-MNI152NLin2009cAsym_res-02_model-mapmri_param-qiv_dwimap.nii.gz
  [PROC] sub-134075
sub-134075 ses-3
ses-3: sub-134075_ses-3_acq-1k3k64d_space-ACPC_model-mapmri_param-rtop_dwimap.nii.gz
  [DONE] → sub-134075_ses-3_acq-1k3k64d_space-MNI152NLin2009cAsym_res-02_model-mapmri_param-rtop_dwimap.nii.gz
  [PROC] sub-134075
sub-134075 ses-3
ses-3: sub-134075_ses-3_acq-1k3k64d_space-ACPC_model-mapmri_param-rtap_dwimap.nii.gz
  [DONE] → sub-134075_ses-3_acq-1k3k64d_space-MNI152NLin2009cAsym_res-02_model-mapmri_param-rtap_dwimap.nii.gz
  [PROC] sub-134075
sub-134075 ses-3
ses-3: sub-134075_ses-3_acq-1k3k64d_space-ACPC_model-mapmri_param-rtpp_dwimap.nii.gz
  [DONE] → sub-134075_ses-3_acq-1k3k64d_space-MNI152NLin2009cAsym_res-02_model-mapmri_param-rtpp_dwimap.nii.gz
  [PROC] sub-134076
sub-134076 ses-1
ses-1: sub-134076_ses-1_acq-1k3k64d_space-ACPC_model-mapmri_param-lapnorm_dwimap.nii.gz
  [DONE] → sub-134076_ses-1_acq-1k3k64d_space-MNI152NLin2009cAsym_res-02_model-mapmri_param-lapnorm_dwimap.nii.gz
  [PROC] sub-134076
sub-134076 ses-1
ses-1: sub-134076_ses-1_acq-1k3k64d_space-ACPC_model-mapmri_param-mapcoeffs_dwimap.nii.gz
  [DONE] → sub-134076_ses-1_acq-1k3k64d_space-MNI152NLin2009cAsym_res-02_model-mapmri_param-mapcoeffs_dwimap.nii.gz
  [PROC] sub-134076
sub-134076 ses-1
ses-1: sub-134076_ses-1_acq-1k3k64d_space-ACPC_model-mapmri_param-msd_dwimap.nii.gz
  [DONE] → sub-134076_ses-1_acq-1k3k64d_space-MNI152NLin2009cAsym_res-02_model-mapmri_param-msd_dwimap.nii.gz
  [PROC] sub-134076
sub-134076 ses-1
ses-1: sub-134076_ses-1_acq-1k3k64d_space-ACPC_model-mapmri_param-qiv_dwimap.nii.gz
  [DONE] → sub-134076_ses-1_acq-1k3k64d_space-MNI152NLin2009cAsym_res-02_model-mapmri_param-qiv_dwimap.nii.gz
  [PROC] sub-134076
sub-134076 ses-1
ses-1: sub-134076_ses-1_acq-1k3k64d_space-ACPC_model-mapmri_param-rtap_dwimap.nii.gz
  [DONE] → sub-134076_ses-1_acq-1k3k64d_space-MNI152NLin2009cAsym_res-02_model-mapmri_param-rtap_dwimap.nii.gz
  [PROC] sub-134076
sub-134076 ses-1
ses-1: sub-134076_ses-1_acq-1k3k64d_space-ACPC_model-mapmri_param-rtop_dwimap.nii.gz
  [DONE] → sub-134076_ses-1_acq-1k3k64d_space-MNI152NLin2009cAsym_res-02_model-mapmri_param-rtop_dwimap.nii.gz
  [PROC] sub-134076
sub-134076 ses-1
ses-1: sub-134076_ses-1_acq-1k3k64d_space-ACPC_model-mapmri_param-rtpp_dwimap.nii.gz
  [DONE] → sub-134076_ses-1_acq-1k3k64d_space-MNI152NLin2009cAsym_res-02_model-mapmri_param-rtpp_dwimap.nii.gz
  [PROC] sub-134076
sub-134076 ses-2
ses-2: sub-134076_ses-2_acq-1k3k64d_space-ACPC_model-mapmri_param-lapnorm_dwimap.nii.gz
  [DONE] → sub-134076_ses-2_acq-1k3k64d_space-MNI152NLin2009cAsym_res-02_model-mapmri_param-lapnorm_dwimap.nii.gz
  [PROC] sub-134076
sub-134076 ses-2
ses-2: sub-134076_ses-2_acq-1k3k64d_space-ACPC_model-mapmri_param-mapcoeffs_dwimap.nii.gz
  [DONE] → sub-134076_ses-2_acq-1k3k64d_space-MNI152NLin2009cAsym_res-02_model-mapmri_param-mapcoeffs_dwimap.nii.gz
  [PROC] sub-134076
sub-134076 ses-2
ses-2: sub-134076_ses-2_acq-1k3k64d_space-ACPC_model-mapmri_param-msd_dwimap.nii.gz
  [DONE] → sub-134076_ses-2_acq-1k3k64d_space-MNI152NLin2009cAsym_res-02_model-mapmri_param-msd_dwimap.nii.gz
  [PROC] sub-134076
sub-134076 ses-2
ses-2: sub-134076_ses-2_acq-1k3k64d_space-ACPC_model-mapmri_param-qiv_dwimap.nii.gz
  [DONE] → sub-134076_ses-2_acq-1k3k64d_space-MNI152NLin2009cAsym_res-02_model-mapmri_param-qiv_dwimap.nii.gz
  [PROC] sub-134076
sub-134076 ses-2
ses-2: sub-134076_ses-2_acq-1k3k64d_space-ACPC_model-mapmri_param-rtap_dwimap.nii.gz
  [DONE] → sub-134076_ses-2_acq-1k3k64d_space-MNI152NLin2009cAsym_res-02_model-mapmri_param-rtap_dwimap.nii.gz
  [PROC] sub-134076
sub-134076 ses-2
ses-2: sub-134076_ses-2_acq-1k3k64d_space-ACPC_model-mapmri_param-rtop_dwimap.nii.gz
  [DONE] → sub-134076_ses-2_acq-1k3k64d_space-MNI152NLin2009cAsym_res-02_model-mapmri_param-rtop_dwimap.nii.gz
  [PROC] sub-134076
sub-134076 ses-2
ses-2: sub-134076_ses-2_acq-1k3k64d_space-ACPC_model-mapmri_param-rtpp_dwimap.nii.gz
  [DONE] → sub-134076_ses-2_acq-1k3k64d_space-MNI152NLin2009cAsym_res-02_model-mapmri_param-rtpp_dwimap.nii.gz
  [PROC] sub-134076
sub-134076 ses-3
ses-3: sub-134076_ses-3_acq-1k3k64d_space-ACPC_model-mapmri_param-lapnorm_dwimap.nii.gz
  [DONE] → sub-134076_ses-3_acq-1k3k64d_space-MNI152NLin2009cAsym_res-02_model-mapmri_param-lapnorm_dwimap.nii.gz
  [PROC] sub-134076
sub-134076 ses-3
ses-3: sub-134076_ses-3_acq-1k3k64d_space-ACPC_model-mapmri_param-mapcoeffs_dwimap.nii.gz
  [DONE] → sub-134076_ses-3_acq-1k3k64d_space-MNI152NLin2009cAsym_res-02_model-mapmri_param-mapcoeffs_dwimap.nii.gz
  [PROC] sub-134076
sub-134076 ses-3
ses-3: sub-134076_ses-3_acq-1k3k64d_space-ACPC_model-mapmri_param-msd_dwimap.nii.gz
  [DONE] → sub-134076_ses-3_acq-1k3k64d_space-MNI152NLin2009cAsym_res-02_model-mapmri_param-msd_dwimap.nii.gz
  [PROC] sub-134076
sub-134076 ses-3
ses-3: sub-134076_ses-3_acq-1k3k64d_space-ACPC_model-mapmri_param-qiv_dwimap.nii.gz
  [DONE] → sub-134076_ses-3_acq-1k3k64d_space-MNI152NLin2009cAsym_res-02_model-mapmri_param-qiv_dwimap.nii.gz
  [PROC] sub-134076
sub-134076 ses-3
ses-3: sub-134076_ses-3_acq-1k3k64d_space-ACPC_model-mapmri_param-rtap_dwimap.nii.gz
  [DONE] → sub-134076_ses-3_acq-1k3k64d_space-MNI152NLin2009cAsym_res-02_model-mapmri_param-rtap_dwimap.nii.gz
  [PROC] sub-134076
sub-134076 ses-3
ses-3: sub-134076_ses-3_acq-1k3k64d_space-ACPC_model-mapmri_param-rtop_dwimap.nii.gz
  [DONE] → sub-134076_ses-3_acq-1k3k64d_space-MNI152NLin2009cAsym_res-02_model-mapmri_param-rtop_dwimap.nii.gz
  [PROC] sub-134076
sub-134076 ses-3
ses-3: sub-134076_ses-3_acq-1k3k64d_space-ACPC_model-mapmri_param-rtpp_dwimap.nii.gz
  [DONE] → sub-134076_ses-3_acq-1k3k64d_space-MNI152NLin2009cAsym_res-02_model-mapmri_param-rtpp_dwimap.nii.gz
  [PROC] sub-134077
sub-134077 ses-1
ses-1: sub-134077_ses-1_acq-1k3k64d_space-ACPC_model-mapmri_param-mapcoeffs_dwimap.nii.gz
  [DONE] → sub-134077_ses-1_acq-1k3k64d_space-MNI152NLin2009cAsym_res-02_model-mapmri_param-mapcoeffs_dwimap.nii.gz
  [PROC] sub-134077
sub-134077 ses-1
ses-1: sub-134077_ses-1_acq-1k3k64d_space-ACPC_model-mapmri_param-lapnorm_dwimap.nii.gz
  [DONE] → sub-134077_ses-1_acq-1k3k64d_space-MNI152NLin2009cAsym_res-02_model-mapmri_param-lapnorm_dwimap.nii.gz
  [PROC] sub-134077
sub-134077 ses-1
ses-1: sub-134077_ses-1_acq-1k3k64d_space-ACPC_model-mapmri_param-msd_dwimap.nii.gz
  [DONE] → sub-134077_ses-1_acq-1k3k64d_space-MNI152NLin2009cAsym_res-02_model-mapmri_param-msd_dwimap.nii.gz
  [PROC] sub-134077
sub-134077 ses-1
ses-1: sub-134077_ses-1_acq-1k3k64d_space-ACPC_model-mapmri_param-qiv_dwimap.nii.gz
  [DONE] → sub-134077_ses-1_acq-1k3k64d_space-MNI152NLin2009cAsym_res-02_model-mapmri_param-qiv_dwimap.nii.gz
  [PROC] sub-134077
sub-134077 ses-1
ses-1: sub-134077_ses-1_acq-1k3k64d_space-ACPC_model-mapmri_param-rtop_dwimap.nii.gz
  [DONE] → sub-134077_ses-1_acq-1k3k64d_space-MNI152NLin2009cAsym_res-02_model-mapmri_param-rtop_dwimap.nii.gz
  [PROC] sub-134077
sub-134077 ses-1
ses-1: sub-134077_ses-1_acq-1k3k64d_space-ACPC_model-mapmri_param-rtap_dwimap.nii.gz
  [DONE] → sub-134077_ses-1_acq-1k3k64d_space-MNI152NLin2009cAsym_res-02_model-mapmri_param-rtap_dwimap.nii.gz
  [PROC] sub-134077
sub-134077 ses-1
ses-1: sub-134077_ses-1_acq-1k3k64d_space-ACPC_model-mapmri_param-rtpp_dwimap.nii.gz
  [DONE] → sub-134077_ses-1_acq-1k3k64d_space-MNI152NLin2009cAsym_res-02_model-mapmri_param-rtpp_dwimap.nii.gz
  [PROC] sub-134077
sub-134077 ses-2
ses-2: sub-134077_ses-2_acq-1k3k64d_space-ACPC_model-mapmri_param-lapnorm_dwimap.nii.gz
  [DONE] → sub-134077_ses-2_acq-1k3k64d_space-MNI152NLin2009cAsym_res-02_model-mapmri_param-lapnorm_dwimap.nii.gz
  [PROC] sub-134077
sub-134077 ses-2
ses-2: sub-134077_ses-2_acq-1k3k64d_space-ACPC_model-mapmri_param-mapcoeffs_dwimap.nii.gz
  [DONE] → sub-134077_ses-2_acq-1k3k64d_space-MNI152NLin2009cAsym_res-02_model-mapmri_param-mapcoeffs_dwimap.nii.gz
  [PROC] sub-134077
sub-134077 ses-2
ses-2: sub-134077_ses-2_acq-1k3k64d_space-ACPC_model-mapmri_param-msd_dwimap.nii.gz
  [DONE] → sub-134077_ses-2_acq-1k3k64d_space-MNI152NLin2009cAsym_res-02_model-mapmri_param-msd_dwimap.nii.gz
  [PROC] sub-134077
sub-134077 ses-2
ses-2: sub-134077_ses-2_acq-1k3k64d_space-ACPC_model-mapmri_param-qiv_dwimap.nii.gz
  [DONE] → sub-134077_ses-2_acq-1k3k64d_space-MNI152NLin2009cAsym_res-02_model-mapmri_param-qiv_dwimap.nii.gz
  [PROC] sub-134077
sub-134077 ses-2
ses-2: sub-134077_ses-2_acq-1k3k64d_space-ACPC_model-mapmri_param-rtap_dwimap.nii.gz
  [DONE] → sub-134077_ses-2_acq-1k3k64d_space-MNI152NLin2009cAsym_res-02_model-mapmri_param-rtap_dwimap.nii.gz
  [PROC] sub-134077
sub-134077 ses-2
ses-2: sub-134077_ses-2_acq-1k3k64d_space-ACPC_model-mapmri_param-rtop_dwimap.nii.gz
  [DONE] → sub-134077_ses-2_acq-1k3k64d_space-MNI152NLin2009cAsym_res-02_model-mapmri_param-rtop_dwimap.nii.gz
  [PROC] sub-134077
sub-134077 ses-2
ses-2: sub-134077_ses-2_acq-1k3k64d_space-ACPC_model-mapmri_param-rtpp_dwimap.nii.gz
  [DONE] → sub-134077_ses-2_acq-1k3k64d_space-MNI152NLin2009cAsym_res-02_model-mapmri_param-rtpp_dwimap.nii.gz
  [PROC] sub-134077
sub-134077 ses-3
ses-3: sub-134077_ses-3_acq-1k3k64d_space-ACPC_model-mapmri_param-lapnorm_dwimap.nii.gz
  [DONE] → sub-134077_ses-3_acq-1k3k64d_space-MNI152NLin2009cAsym_res-02_model-mapmri_param-lapnorm_dwimap.nii.gz
  [PROC] sub-134077
sub-134077 ses-3
ses-3: sub-134077_ses-3_acq-1k3k64d_space-ACPC_model-mapmri_param-mapcoeffs_dwimap.nii.gz
  [DONE] → sub-134077_ses-3_acq-1k3k64d_space-MNI152NLin2009cAsym_res-02_model-mapmri_param-mapcoeffs_dwimap.nii.gz
  [PROC] sub-134077
sub-134077 ses-3
ses-3: sub-134077_ses-3_acq-1k3k64d_space-ACPC_model-mapmri_param-msd_dwimap.nii.gz
  [DONE] → sub-134077_ses-3_acq-1k3k64d_space-MNI152NLin2009cAsym_res-02_model-mapmri_param-msd_dwimap.nii.gz
  [PROC] sub-134077
sub-134077 ses-3
ses-3: sub-134077_ses-3_acq-1k3k64d_space-ACPC_model-mapmri_param-qiv_dwimap.nii.gz
  [DONE] → sub-134077_ses-3_acq-1k3k64d_space-MNI152NLin2009cAsym_res-02_model-mapmri_param-qiv_dwimap.nii.gz
  [PROC] sub-134077
sub-134077 ses-3
ses-3: sub-134077_ses-3_acq-1k3k64d_space-ACPC_model-mapmri_param-rtap_dwimap.nii.gz
  [DONE] → sub-134077_ses-3_acq-1k3k64d_space-MNI152NLin2009cAsym_res-02_model-mapmri_param-rtap_dwimap.nii.gz
  [PROC] sub-134077
sub-134077 ses-3
ses-3: sub-134077_ses-3_acq-1k3k64d_space-ACPC_model-mapmri_param-rtop_dwimap.nii.gz
  [DONE] → sub-134077_ses-3_acq-1k3k64d_space-MNI152NLin2009cAsym_res-02_model-mapmri_param-rtop_dwimap.nii.gz
  [PROC] sub-134077
sub-134077 ses-3
ses-3: sub-134077_ses-3_acq-1k3k64d_space-ACPC_model-mapmri_param-rtpp_dwimap.nii.gz
  [DONE] → sub-134077_ses-3_acq-1k3k64d_space-MNI152NLin2009cAsym_res-02_model-mapmri_param-rtpp_dwimap.nii.gz
  [PROC] sub-134078
sub-134078 ses-1
ses-1: sub-134078_ses-1_acq-1k3k64d_space-ACPC_model-mapmri_param-lapnorm_dwimap.nii.gz
  [DONE] → sub-134078_ses-1_acq-1k3k64d_space-MNI152NLin2009cAsym_res-02_model-mapmri_param-lapnorm_dwimap.nii.gz
  [PROC] sub-134078
sub-134078 ses-1
ses-1: sub-134078_ses-1_acq-1k3k64d_space-ACPC_model-mapmri_param-mapcoeffs_dwimap.nii.gz
  [DONE] → sub-134078_ses-1_acq-1k3k64d_space-MNI152NLin2009cAsym_res-02_model-mapmri_param-mapcoeffs_dwimap.nii.gz
  [PROC] sub-134078
sub-134078 ses-1
ses-1: sub-134078_ses-1_acq-1k3k64d_space-ACPC_model-mapmri_param-msd_dwimap.nii.gz
  [DONE] → sub-134078_ses-1_acq-1k3k64d_space-MNI152NLin2009cAsym_res-02_model-mapmri_param-msd_dwimap.nii.gz
  [PROC] sub-134078
sub-134078 ses-1
ses-1: sub-134078_ses-1_acq-1k3k64d_space-ACPC_model-mapmri_param-qiv_dwimap.nii.gz
  [DONE] → sub-134078_ses-1_acq-1k3k64d_space-MNI152NLin2009cAsym_res-02_model-mapmri_param-qiv_dwimap.nii.gz
  [PROC] sub-134078
sub-134078 ses-1
ses-1: sub-134078_ses-1_acq-1k3k64d_space-ACPC_model-mapmri_param-rtap_dwimap.nii.gz
  [DONE] → sub-134078_ses-1_acq-1k3k64d_space-MNI152NLin2009cAsym_res-02_model-mapmri_param-rtap_dwimap.nii.gz
  [PROC] sub-134078
sub-134078 ses-1
ses-1: sub-134078_ses-1_acq-1k3k64d_space-ACPC_model-mapmri_param-rtop_dwimap.nii.gz
  [DONE] → sub-134078_ses-1_acq-1k3k64d_space-MNI152NLin2009cAsym_res-02_model-mapmri_param-rtop_dwimap.nii.gz
  [PROC] sub-134078
sub-134078 ses-1
ses-1: sub-134078_ses-1_acq-1k3k64d_space-ACPC_model-mapmri_param-rtpp_dwimap.nii.gz
  [DONE] → sub-134078_ses-1_acq-1k3k64d_space-MNI152NLin2009cAsym_res-02_model-mapmri_param-rtpp_dwimap.nii.gz
  [PROC] sub-134078
sub-134078 ses-2
ses-2: sub-134078_ses-2_acq-1k3k64d_space-ACPC_model-mapmri_param-lapnorm_dwimap.nii.gz
  [DONE] → sub-134078_ses-2_acq-1k3k64d_space-MNI152NLin2009cAsym_res-02_model-mapmri_param-lapnorm_dwimap.nii.gz
  [PROC] sub-134078
sub-134078 ses-2
ses-2: sub-134078_ses-2_acq-1k3k64d_space-ACPC_model-mapmri_param-mapcoeffs_dwimap.nii.gz
  [DONE] → sub-134078_ses-2_acq-1k3k64d_space-MNI152NLin2009cAsym_res-02_model-mapmri_param-mapcoeffs_dwimap.nii.gz
  [PROC] sub-134078
sub-134078 ses-2
ses-2: sub-134078_ses-2_acq-1k3k64d_space-ACPC_model-mapmri_param-msd_dwimap.nii.gz
  [DONE] → sub-134078_ses-2_acq-1k3k64d_space-MNI152NLin2009cAsym_res-02_model-mapmri_param-msd_dwimap.nii.gz
  [PROC] sub-134078
sub-134078 ses-2
ses-2: sub-134078_ses-2_acq-1k3k64d_space-ACPC_model-mapmri_param-qiv_dwimap.nii.gz
  [DONE] → sub-134078_ses-2_acq-1k3k64d_space-MNI152NLin2009cAsym_res-02_model-mapmri_param-qiv_dwimap.nii.gz
  [PROC] sub-134078
sub-134078 ses-2
ses-2: sub-134078_ses-2_acq-1k3k64d_space-ACPC_model-mapmri_param-rtap_dwimap.nii.gz
  [DONE] → sub-134078_ses-2_acq-1k3k64d_space-MNI152NLin2009cAsym_res-02_model-mapmri_param-rtap_dwimap.nii.gz
  [PROC] sub-134078
sub-134078 ses-2
ses-2: sub-134078_ses-2_acq-1k3k64d_space-ACPC_model-mapmri_param-rtop_dwimap.nii.gz
  [DONE] → sub-134078_ses-2_acq-1k3k64d_space-MNI152NLin2009cAsym_res-02_model-mapmri_param-rtop_dwimap.nii.gz
  [PROC] sub-134078
sub-134078 ses-3
ses-3: sub-134078_ses-3_acq-1k3k64d_space-ACPC_model-mapmri_param-lapnorm_dwimap.nii.gz
  [DONE] → sub-134078_ses-3_acq-1k3k64d_space-MNI152NLin2009cAsym_res-02_model-mapmri_param-lapnorm_dwimap.nii.gz
  [PROC] sub-134078
sub-134078 ses-2
ses-2: sub-134078_ses-2_acq-1k3k64d_space-ACPC_model-mapmri_param-rtpp_dwimap.nii.gz
  [DONE] → sub-134078_ses-2_acq-1k3k64d_space-MNI152NLin2009cAsym_res-02_model-mapmri_param-rtpp_dwimap.nii.gz
  [PROC] sub-134078
sub-134078 ses-3
ses-3: sub-134078_ses-3_acq-1k3k64d_space-ACPC_model-mapmri_param-mapcoeffs_dwimap.nii.gz
  [DONE] → sub-134078_ses-3_acq-1k3k64d_space-MNI152NLin2009cAsym_res-02_model-mapmri_param-mapcoeffs_dwimap.nii.gz
  [PROC] sub-134078
sub-134078 ses-3
ses-3: sub-134078_ses-3_acq-1k3k64d_space-ACPC_model-mapmri_param-msd_dwimap.nii.gz
  [DONE] → sub-134078_ses-3_acq-1k3k64d_space-MNI152NLin2009cAsym_res-02_model-mapmri_param-msd_dwimap.nii.gz
  [PROC] sub-134078
sub-134078 ses-3
ses-3: sub-134078_ses-3_acq-1k3k64d_space-ACPC_model-mapmri_param-qiv_dwimap.nii.gz
  [DONE] → sub-134078_ses-3_acq-1k3k64d_space-MNI152NLin2009cAsym_res-02_model-mapmri_param-qiv_dwimap.nii.gz
  [PROC] sub-134078
sub-134078 ses-3
ses-3: sub-134078_ses-3_acq-1k3k64d_space-ACPC_model-mapmri_param-rtap_dwimap.nii.gz
  [DONE] → sub-134078_ses-3_acq-1k3k64d_space-MNI152NLin2009cAsym_res-02_model-mapmri_param-rtap_dwimap.nii.gz
  [PROC] sub-134078
sub-134078 ses-3
ses-3: sub-134078_ses-3_acq-1k3k64d_space-ACPC_model-mapmri_param-rtop_dwimap.nii.gz
  [DONE] → sub-134078_ses-3_acq-1k3k64d_space-MNI152NLin2009cAsym_res-02_model-mapmri_param-rtop_dwimap.nii.gz
  [PROC] sub-134078
sub-134078 ses-3
ses-3: sub-134078_ses-3_acq-1k3k64d_space-ACPC_model-mapmri_param-rtpp_dwimap.nii.gz
  [DONE] → sub-134078_ses-3_acq-1k3k64d_space-MNI152NLin2009cAsym_res-02_model-mapmri_param-rtpp_dwimap.nii.gz
  [PROC] sub-134079
sub-134079 ses-1
ses-1: sub-134079_ses-1_acq-1k3k64d_space-ACPC_model-mapmri_param-lapnorm_dwimap.nii.gz
  [DONE] → sub-134079_ses-1_acq-1k3k64d_space-MNI152NLin2009cAsym_res-02_model-mapmri_param-lapnorm_dwimap.nii.gz
  [PROC] sub-134079
sub-134079 ses-1
ses-1: sub-134079_ses-1_acq-1k3k64d_space-ACPC_model-mapmri_param-mapcoeffs_dwimap.nii.gz
  [DONE] → sub-134079_ses-1_acq-1k3k64d_space-MNI152NLin2009cAsym_res-02_model-mapmri_param-mapcoeffs_dwimap.nii.gz
  [PROC] sub-134079
sub-134079 ses-1
ses-1: sub-134079_ses-1_acq-1k3k64d_space-ACPC_model-mapmri_param-msd_dwimap.nii.gz
  [DONE] → sub-134079_ses-1_acq-1k3k64d_space-MNI152NLin2009cAsym_res-02_model-mapmri_param-msd_dwimap.nii.gz
  [PROC] sub-134079
sub-134079 ses-1
ses-1: sub-134079_ses-1_acq-1k3k64d_space-ACPC_model-mapmri_param-qiv_dwimap.nii.gz
  [DONE] → sub-134079_ses-1_acq-1k3k64d_space-MNI152NLin2009cAsym_res-02_model-mapmri_param-qiv_dwimap.nii.gz
  [PROC] sub-134079
sub-134079 ses-1
ses-1: sub-134079_ses-1_acq-1k3k64d_space-ACPC_model-mapmri_param-rtap_dwimap.nii.gz
  [DONE] → sub-134079_ses-1_acq-1k3k64d_space-MNI152NLin2009cAsym_res-02_model-mapmri_param-rtap_dwimap.nii.gz
  [PROC] sub-134079
sub-134079 ses-1
ses-1: sub-134079_ses-1_acq-1k3k64d_space-ACPC_model-mapmri_param-rtop_dwimap.nii.gz
  [DONE] → sub-134079_ses-1_acq-1k3k64d_space-MNI152NLin2009cAsym_res-02_model-mapmri_param-rtop_dwimap.nii.gz
  [PROC] sub-134079
sub-134079 ses-1
ses-1: sub-134079_ses-1_acq-1k3k64d_space-ACPC_model-mapmri_param-rtpp_dwimap.nii.gz
  [DONE] → sub-134079_ses-1_acq-1k3k64d_space-MNI152NLin2009cAsym_res-02_model-mapmri_param-rtpp_dwimap.nii.gz
  [PROC] sub-134079
sub-134079 ses-2
ses-2: sub-134079_ses-2_acq-1k3k64d_space-ACPC_model-mapmri_param-lapnorm_dwimap.nii.gz
  [DONE] → sub-134079_ses-2_acq-1k3k64d_space-MNI152NLin2009cAsym_res-02_model-mapmri_param-lapnorm_dwimap.nii.gz
  [PROC] sub-134079
sub-134079 ses-2
ses-2: sub-134079_ses-2_acq-1k3k64d_space-ACPC_model-mapmri_param-msd_dwimap.nii.gz
  [DONE] → sub-134079_ses-2_acq-1k3k64d_space-MNI152NLin2009cAsym_res-02_model-mapmri_param-msd_dwimap.nii.gz
  [PROC] sub-134079
sub-134079 ses-2
ses-2: sub-134079_ses-2_acq-1k3k64d_space-ACPC_model-mapmri_param-mapcoeffs_dwimap.nii.gz
  [DONE] → sub-134079_ses-2_acq-1k3k64d_space-MNI152NLin2009cAsym_res-02_model-mapmri_param-mapcoeffs_dwimap.nii.gz
  [PROC] sub-134079
sub-134079 ses-2
ses-2: sub-134079_ses-2_acq-1k3k64d_space-ACPC_model-mapmri_param-qiv_dwimap.nii.gz
  [DONE] → sub-134079_ses-2_acq-1k3k64d_space-MNI152NLin2009cAsym_res-02_model-mapmri_param-qiv_dwimap.nii.gz
  [PROC] sub-134079
sub-134079 ses-2
ses-2: sub-134079_ses-2_acq-1k3k64d_space-ACPC_model-mapmri_param-rtap_dwimap.nii.gz
  [DONE] → sub-134079_ses-2_acq-1k3k64d_space-MNI152NLin2009cAsym_res-02_model-mapmri_param-rtap_dwimap.nii.gz
  [PROC] sub-134079
sub-134079 ses-2
ses-2: sub-134079_ses-2_acq-1k3k64d_space-ACPC_model-mapmri_param-rtop_dwimap.nii.gz
  [DONE] → sub-134079_ses-2_acq-1k3k64d_space-MNI152NLin2009cAsym_res-02_model-mapmri_param-rtop_dwimap.nii.gz
  [PROC] sub-134079
sub-134079 ses-2
ses-2: sub-134079_ses-2_acq-1k3k64d_space-ACPC_model-mapmri_param-rtpp_dwimap.nii.gz
  [DONE] → sub-134079_ses-2_acq-1k3k64d_space-MNI152NLin2009cAsym_res-02_model-mapmri_param-rtpp_dwimap.nii.gz
  [PROC] sub-134079
sub-134079 ses-3
ses-3: sub-134079_ses-3_acq-1k3k64d_space-ACPC_model-mapmri_param-lapnorm_dwimap.nii.gz
  [DONE] → sub-134079_ses-3_acq-1k3k64d_space-MNI152NLin2009cAsym_res-02_model-mapmri_param-lapnorm_dwimap.nii.gz
  [PROC] sub-134079
sub-134079 ses-3
ses-3: sub-134079_ses-3_acq-1k3k64d_space-ACPC_model-mapmri_param-mapcoeffs_dwimap.nii.gz
  [DONE] → sub-134079_ses-3_acq-1k3k64d_space-MNI152NLin2009cAsym_res-02_model-mapmri_param-mapcoeffs_dwimap.nii.gz
  [PROC] sub-134079
sub-134079 ses-3
ses-3: sub-134079_ses-3_acq-1k3k64d_space-ACPC_model-mapmri_param-msd_dwimap.nii.gz
  [DONE] → sub-134079_ses-3_acq-1k3k64d_space-MNI152NLin2009cAsym_res-02_model-mapmri_param-msd_dwimap.nii.gz
  [PROC] sub-134079
sub-134079 ses-3
ses-3: sub-134079_ses-3_acq-1k3k64d_space-ACPC_model-mapmri_param-qiv_dwimap.nii.gz
  [DONE] → sub-134079_ses-3_acq-1k3k64d_space-MNI152NLin2009cAsym_res-02_model-mapmri_param-qiv_dwimap.nii.gz
  [PROC] sub-134079
sub-134079 ses-3
ses-3: sub-134079_ses-3_acq-1k3k64d_space-ACPC_model-mapmri_param-rtap_dwimap.nii.gz
  [DONE] → sub-134079_ses-3_acq-1k3k64d_space-MNI152NLin2009cAsym_res-02_model-mapmri_param-rtap_dwimap.nii.gz
  [PROC] sub-134079
sub-134079 ses-3
ses-3: sub-134079_ses-3_acq-1k3k64d_space-ACPC_model-mapmri_param-rtop_dwimap.nii.gz
  [DONE] → sub-134079_ses-3_acq-1k3k64d_space-MNI152NLin2009cAsym_res-02_model-mapmri_param-rtop_dwimap.nii.gz
  [PROC] sub-134079
sub-134079 ses-3
ses-3: sub-134079_ses-3_acq-1k3k64d_space-ACPC_model-mapmri_param-rtpp_dwimap.nii.gz
  [DONE] → sub-134079_ses-3_acq-1k3k64d_space-MNI152NLin2009cAsym_res-02_model-mapmri_param-rtpp_dwimap.nii.gz
  [PROC] sub-134080
sub-134080 ses-1
ses-1: sub-134080_ses-1_acq-1k3k64d_space-ACPC_model-mapmri_param-lapnorm_dwimap.nii.gz
  [DONE] → sub-134080_ses-1_acq-1k3k64d_space-MNI152NLin2009cAsym_res-02_model-mapmri_param-lapnorm_dwimap.nii.gz
  [PROC] sub-134080
sub-134080 ses-1
ses-1: sub-134080_ses-1_acq-1k3k64d_space-ACPC_model-mapmri_param-mapcoeffs_dwimap.nii.gz
  [DONE] → sub-134080_ses-1_acq-1k3k64d_space-MNI152NLin2009cAsym_res-02_model-mapmri_param-mapcoeffs_dwimap.nii.gz
  [PROC] sub-134080
sub-134080 ses-1
ses-1: sub-134080_ses-1_acq-1k3k64d_space-ACPC_model-mapmri_param-msd_dwimap.nii.gz
  [DONE] → sub-134080_ses-1_acq-1k3k64d_space-MNI152NLin2009cAsym_res-02_model-mapmri_param-msd_dwimap.nii.gz
  [PROC] sub-134080
sub-134080 ses-1
ses-1: sub-134080_ses-1_acq-1k3k64d_space-ACPC_model-mapmri_param-qiv_dwimap.nii.gz
  [DONE] → sub-134080_ses-1_acq-1k3k64d_space-MNI152NLin2009cAsym_res-02_model-mapmri_param-qiv_dwimap.nii.gz
  [PROC] sub-134080
sub-134080 ses-1
ses-1: sub-134080_ses-1_acq-1k3k64d_space-ACPC_model-mapmri_param-rtap_dwimap.nii.gz
  [DONE] → sub-134080_ses-1_acq-1k3k64d_space-MNI152NLin2009cAsym_res-02_model-mapmri_param-rtap_dwimap.nii.gz
  [PROC] sub-134080
sub-134080 ses-1
ses-1: sub-134080_ses-1_acq-1k3k64d_space-ACPC_model-mapmri_param-rtop_dwimap.nii.gz
  [DONE] → sub-134080_ses-1_acq-1k3k64d_space-MNI152NLin2009cAsym_res-02_model-mapmri_param-rtop_dwimap.nii.gz
  [PROC] sub-134080
sub-134080 ses-1
ses-1: sub-134080_ses-1_acq-1k3k64d_space-ACPC_model-mapmri_param-rtpp_dwimap.nii.gz
  [DONE] → sub-134080_ses-1_acq-1k3k64d_space-MNI152NLin2009cAsym_res-02_model-mapmri_param-rtpp_dwimap.nii.gz
  [PROC] sub-134080
sub-134080 ses-2
ses-2: sub-134080_ses-2_acq-1k3k64d_space-ACPC_model-mapmri_param-lapnorm_dwimap.nii.gz
  [DONE] → sub-134080_ses-2_acq-1k3k64d_space-MNI152NLin2009cAsym_res-02_model-mapmri_param-lapnorm_dwimap.nii.gz
  [PROC] sub-134080
sub-134080 ses-2
ses-2: sub-134080_ses-2_acq-1k3k64d_space-ACPC_model-mapmri_param-mapcoeffs_dwimap.nii.gz
  [DONE] → sub-134080_ses-2_acq-1k3k64d_space-MNI152NLin2009cAsym_res-02_model-mapmri_param-mapcoeffs_dwimap.nii.gz
  [PROC] sub-134080
sub-134080 ses-2
ses-2: sub-134080_ses-2_acq-1k3k64d_space-ACPC_model-mapmri_param-msd_dwimap.nii.gz
  [DONE] → sub-134080_ses-2_acq-1k3k64d_space-MNI152NLin2009cAsym_res-02_model-mapmri_param-msd_dwimap.nii.gz
  [PROC] sub-134080
sub-134080 ses-2
ses-2: sub-134080_ses-2_acq-1k3k64d_space-ACPC_model-mapmri_param-qiv_dwimap.nii.gz
  [DONE] → sub-134080_ses-2_acq-1k3k64d_space-MNI152NLin2009cAsym_res-02_model-mapmri_param-qiv_dwimap.nii.gz
  [PROC] sub-134080
sub-134080 ses-2
ses-2: sub-134080_ses-2_acq-1k3k64d_space-ACPC_model-mapmri_param-rtap_dwimap.nii.gz
  [DONE] → sub-134080_ses-2_acq-1k3k64d_space-MNI152NLin2009cAsym_res-02_model-mapmri_param-rtap_dwimap.nii.gz
  [PROC] sub-134080
sub-134080 ses-2
ses-2: sub-134080_ses-2_acq-1k3k64d_space-ACPC_model-mapmri_param-rtop_dwimap.nii.gz
  [DONE] → sub-134080_ses-2_acq-1k3k64d_space-MNI152NLin2009cAsym_res-02_model-mapmri_param-rtop_dwimap.nii.gz
  [PROC] sub-134080
sub-134080 ses-2
ses-2: sub-134080_ses-2_acq-1k3k64d_space-ACPC_model-mapmri_param-rtpp_dwimap.nii.gz
  [DONE] → sub-134080_ses-2_acq-1k3k64d_space-MNI152NLin2009cAsym_res-02_model-mapmri_param-rtpp_dwimap.nii.gz
  [PROC] sub-134080
sub-134080 ses-3
ses-3: sub-134080_ses-3_acq-1k3k64d_space-ACPC_model-mapmri_param-lapnorm_dwimap.nii.gz
  [DONE] → sub-134080_ses-3_acq-1k3k64d_space-MNI152NLin2009cAsym_res-02_model-mapmri_param-lapnorm_dwimap.nii.gz
  [PROC] sub-134080
sub-134080 ses-3
ses-3: sub-134080_ses-3_acq-1k3k64d_space-ACPC_model-mapmri_param-mapcoeffs_dwimap.nii.gz
  [DONE] → sub-134080_ses-3_acq-1k3k64d_space-MNI152NLin2009cAsym_res-02_model-mapmri_param-mapcoeffs_dwimap.nii.gz
  [PROC] sub-134080
sub-134080 ses-3
ses-3: sub-134080_ses-3_acq-1k3k64d_space-ACPC_model-mapmri_param-msd_dwimap.nii.gz
  [DONE] → sub-134080_ses-3_acq-1k3k64d_space-MNI152NLin2009cAsym_res-02_model-mapmri_param-msd_dwimap.nii.gz
  [PROC] sub-134080
sub-134080 ses-3
ses-3: sub-134080_ses-3_acq-1k3k64d_space-ACPC_model-mapmri_param-qiv_dwimap.nii.gz
  [DONE] → sub-134080_ses-3_acq-1k3k64d_space-MNI152NLin2009cAsym_res-02_model-mapmri_param-qiv_dwimap.nii.gz
  [PROC] sub-134080
sub-134080 ses-3
ses-3: sub-134080_ses-3_acq-1k3k64d_space-ACPC_model-mapmri_param-rtap_dwimap.nii.gz
  [DONE] → sub-134080_ses-3_acq-1k3k64d_space-MNI152NLin2009cAsym_res-02_model-mapmri_param-rtap_dwimap.nii.gz
  [PROC] sub-134080
sub-134080 ses-3
ses-3: sub-134080_ses-3_acq-1k3k64d_space-ACPC_model-mapmri_param-rtop_dwimap.nii.gz
  [DONE] → sub-134080_ses-3_acq-1k3k64d_space-MNI152NLin2009cAsym_res-02_model-mapmri_param-rtop_dwimap.nii.gz
  [PROC] sub-134080
sub-134080 ses-3
ses-3: sub-134080_ses-3_acq-1k3k64d_space-ACPC_model-mapmri_param-rtpp_dwimap.nii.gz
  [DONE] → sub-134080_ses-3_acq-1k3k64d_space-MNI152NLin2009cAsym_res-02_model-mapmri_param-rtpp_dwimap.nii.gz
  [PROC] sub-134082
sub-134082 ses-1
ses-1: sub-134082_ses-1_acq-1k3k64d_space-ACPC_model-mapmri_param-lapnorm_dwimap.nii.gz
  [DONE] → sub-134082_ses-1_acq-1k3k64d_space-MNI152NLin2009cAsym_res-02_model-mapmri_param-lapnorm_dwimap.nii.gz
  [PROC] sub-134082
sub-134082 ses-1
ses-1: sub-134082_ses-1_acq-1k3k64d_space-ACPC_model-mapmri_param-mapcoeffs_dwimap.nii.gz
  [DONE] → sub-134082_ses-1_acq-1k3k64d_space-MNI152NLin2009cAsym_res-02_model-mapmri_param-mapcoeffs_dwimap.nii.gz
  [PROC] sub-134082
sub-134082 ses-1
ses-1: sub-134082_ses-1_acq-1k3k64d_space-ACPC_model-mapmri_param-msd_dwimap.nii.gz
  [DONE] → sub-134082_ses-1_acq-1k3k64d_space-MNI152NLin2009cAsym_res-02_model-mapmri_param-msd_dwimap.nii.gz
  [PROC] sub-134082
sub-134082 ses-1
ses-1: sub-134082_ses-1_acq-1k3k64d_space-ACPC_model-mapmri_param-qiv_dwimap.nii.gz
  [DONE] → sub-134082_ses-1_acq-1k3k64d_space-MNI152NLin2009cAsym_res-02_model-mapmri_param-qiv_dwimap.nii.gz
  [PROC] sub-134082
sub-134082 ses-1
ses-1: sub-134082_ses-1_acq-1k3k64d_space-ACPC_model-mapmri_param-rtap_dwimap.nii.gz
  [DONE] → sub-134082_ses-1_acq-1k3k64d_space-MNI152NLin2009cAsym_res-02_model-mapmri_param-rtap_dwimap.nii.gz
  [PROC] sub-134082
sub-134082 ses-1
ses-1: sub-134082_ses-1_acq-1k3k64d_space-ACPC_model-mapmri_param-rtop_dwimap.nii.gz
  [DONE] → sub-134082_ses-1_acq-1k3k64d_space-MNI152NLin2009cAsym_res-02_model-mapmri_param-rtop_dwimap.nii.gz
  [PROC] sub-134082
sub-134082 ses-1
ses-1: sub-134082_ses-1_acq-1k3k64d_space-ACPC_model-mapmri_param-rtpp_dwimap.nii.gz
  [DONE] → sub-134082_ses-1_acq-1k3k64d_space-MNI152NLin2009cAsym_res-02_model-mapmri_param-rtpp_dwimap.nii.gz
  [PROC] sub-134082
sub-134082 ses-2
ses-2: sub-134082_ses-2_acq-1k3k64d_space-ACPC_model-mapmri_param-lapnorm_dwimap.nii.gz
  [DONE] → sub-134082_ses-2_acq-1k3k64d_space-MNI152NLin2009cAsym_res-02_model-mapmri_param-lapnorm_dwimap.nii.gz
  [PROC] sub-134082
sub-134082 ses-2
ses-2: sub-134082_ses-2_acq-1k3k64d_space-ACPC_model-mapmri_param-mapcoeffs_dwimap.nii.gz
  [DONE] → sub-134082_ses-2_acq-1k3k64d_space-MNI152NLin2009cAsym_res-02_model-mapmri_param-mapcoeffs_dwimap.nii.gz
  [PROC] sub-134082
sub-134082 ses-2
ses-2: sub-134082_ses-2_acq-1k3k64d_space-ACPC_model-mapmri_param-msd_dwimap.nii.gz
  [DONE] → sub-134082_ses-2_acq-1k3k64d_space-MNI152NLin2009cAsym_res-02_model-mapmri_param-msd_dwimap.nii.gz
  [PROC] sub-134082
sub-134082 ses-2
ses-2: sub-134082_ses-2_acq-1k3k64d_space-ACPC_model-mapmri_param-qiv_dwimap.nii.gz
  [DONE] → sub-134082_ses-2_acq-1k3k64d_space-MNI152NLin2009cAsym_res-02_model-mapmri_param-qiv_dwimap.nii.gz
  [PROC] sub-134082
sub-134082 ses-2
ses-2: sub-134082_ses-2_acq-1k3k64d_space-ACPC_model-mapmri_param-rtap_dwimap.nii.gz
  [DONE] → sub-134082_ses-2_acq-1k3k64d_space-MNI152NLin2009cAsym_res-02_model-mapmri_param-rtap_dwimap.nii.gz
  [PROC] sub-134082
sub-134082 ses-2
ses-2: sub-134082_ses-2_acq-1k3k64d_space-ACPC_model-mapmri_param-rtop_dwimap.nii.gz
  [DONE] → sub-134082_ses-2_acq-1k3k64d_space-MNI152NLin2009cAsym_res-02_model-mapmri_param-rtop_dwimap.nii.gz
  [PROC] sub-134082
sub-134082 ses-2
ses-2: sub-134082_ses-2_acq-1k3k64d_space-ACPC_model-mapmri_param-rtpp_dwimap.nii.gz
  [DONE] → sub-134082_ses-2_acq-1k3k64d_space-MNI152NLin2009cAsym_res-02_model-mapmri_param-rtpp_dwimap.nii.gz
  [PROC] sub-134082
sub-134082 ses-3
ses-3: sub-134082_ses-3_acq-1k3k64d_space-ACPC_model-mapmri_param-lapnorm_dwimap.nii.gz
  [DONE] → sub-134082_ses-3_acq-1k3k64d_space-MNI152NLin2009cAsym_res-02_model-mapmri_param-lapnorm_dwimap.nii.gz
  [PROC] sub-134082
sub-134082 ses-3
ses-3: sub-134082_ses-3_acq-1k3k64d_space-ACPC_model-mapmri_param-mapcoeffs_dwimap.nii.gz
  [DONE] → sub-134082_ses-3_acq-1k3k64d_space-MNI152NLin2009cAsym_res-02_model-mapmri_param-mapcoeffs_dwimap.nii.gz
  [PROC] sub-134082
sub-134082 ses-3
ses-3: sub-134082_ses-3_acq-1k3k64d_space-ACPC_model-mapmri_param-msd_dwimap.nii.gz
  [DONE] → sub-134082_ses-3_acq-1k3k64d_space-MNI152NLin2009cAsym_res-02_model-mapmri_param-msd_dwimap.nii.gz
  [PROC] sub-134082
sub-134082 ses-3
ses-3: sub-134082_ses-3_acq-1k3k64d_space-ACPC_model-mapmri_param-qiv_dwimap.nii.gz
  [DONE] → sub-134082_ses-3_acq-1k3k64d_space-MNI152NLin2009cAsym_res-02_model-mapmri_param-qiv_dwimap.nii.gz
  [PROC] sub-134082
sub-134082 ses-3
ses-3: sub-134082_ses-3_acq-1k3k64d_space-ACPC_model-mapmri_param-rtap_dwimap.nii.gz
  [DONE] → sub-134082_ses-3_acq-1k3k64d_space-MNI152NLin2009cAsym_res-02_model-mapmri_param-rtap_dwimap.nii.gz
  [PROC] sub-134082
sub-134082 ses-3
ses-3: sub-134082_ses-3_acq-1k3k64d_space-ACPC_model-mapmri_param-rtop_dwimap.nii.gz
  [DONE] → sub-134082_ses-3_acq-1k3k64d_space-MNI152NLin2009cAsym_res-02_model-mapmri_param-rtop_dwimap.nii.gz
  [PROC] sub-134082
sub-134082 ses-3
ses-3: sub-134082_ses-3_acq-1k3k64d_space-ACPC_model-mapmri_param-rtpp_dwimap.nii.gz
  [DONE] → sub-134082_ses-3_acq-1k3k64d_space-MNI152NLin2009cAsym_res-02_model-mapmri_param-rtpp_dwimap.nii.gz
  [PROC] sub-134083
sub-134083 ses-1
ses-1: sub-134083_ses-1_acq-1k3k64d_space-ACPC_model-mapmri_param-lapnorm_dwimap.nii.gz
  [DONE] → sub-134083_ses-1_acq-1k3k64d_space-MNI152NLin2009cAsym_res-02_model-mapmri_param-lapnorm_dwimap.nii.gz
  [PROC] sub-134083
sub-134083 ses-1
ses-1: sub-134083_ses-1_acq-1k3k64d_space-ACPC_model-mapmri_param-mapcoeffs_dwimap.nii.gz
  [DONE] → sub-134083_ses-1_acq-1k3k64d_space-MNI152NLin2009cAsym_res-02_model-mapmri_param-mapcoeffs_dwimap.nii.gz
  [PROC] sub-134083
sub-134083 ses-1
ses-1: sub-134083_ses-1_acq-1k3k64d_space-ACPC_model-mapmri_param-msd_dwimap.nii.gz
  [DONE] → sub-134083_ses-1_acq-1k3k64d_space-MNI152NLin2009cAsym_res-02_model-mapmri_param-msd_dwimap.nii.gz
  [PROC] sub-134083
sub-134083 ses-1
ses-1: sub-134083_ses-1_acq-1k3k64d_space-ACPC_model-mapmri_param-qiv_dwimap.nii.gz
  [DONE] → sub-134083_ses-1_acq-1k3k64d_space-MNI152NLin2009cAsym_res-02_model-mapmri_param-qiv_dwimap.nii.gz
  [PROC] sub-134083
sub-134083 ses-1
ses-1: sub-134083_ses-1_acq-1k3k64d_space-ACPC_model-mapmri_param-rtap_dwimap.nii.gz
  [DONE] → sub-134083_ses-1_acq-1k3k64d_space-MNI152NLin2009cAsym_res-02_model-mapmri_param-rtap_dwimap.nii.gz
  [PROC] sub-134083
sub-134083 ses-1
ses-1: sub-134083_ses-1_acq-1k3k64d_space-ACPC_model-mapmri_param-rtop_dwimap.nii.gz
  [DONE] → sub-134083_ses-1_acq-1k3k64d_space-MNI152NLin2009cAsym_res-02_model-mapmri_param-rtop_dwimap.nii.gz
  [PROC] sub-134083
sub-134083 ses-1
ses-1: sub-134083_ses-1_acq-1k3k64d_space-ACPC_model-mapmri_param-rtpp_dwimap.nii.gz
  [DONE] → sub-134083_ses-1_acq-1k3k64d_space-MNI152NLin2009cAsym_res-02_model-mapmri_param-rtpp_dwimap.nii.gz
  [PROC] sub-134083
sub-134083 ses-2
ses-2: sub-134083_ses-2_acq-1k3k64d_space-ACPC_model-mapmri_param-lapnorm_dwimap.nii.gz
  [DONE] → sub-134083_ses-2_acq-1k3k64d_space-MNI152NLin2009cAsym_res-02_model-mapmri_param-lapnorm_dwimap.nii.gz
  [PROC] sub-134083
sub-134083 ses-2
ses-2: sub-134083_ses-2_acq-1k3k64d_space-ACPC_model-mapmri_param-mapcoeffs_dwimap.nii.gz
  [DONE] → sub-134083_ses-2_acq-1k3k64d_space-MNI152NLin2009cAsym_res-02_model-mapmri_param-mapcoeffs_dwimap.nii.gz
  [PROC] sub-134083
sub-134083 ses-2
ses-2: sub-134083_ses-2_acq-1k3k64d_space-ACPC_model-mapmri_param-msd_dwimap.nii.gz
  [DONE] → sub-134083_ses-2_acq-1k3k64d_space-MNI152NLin2009cAsym_res-02_model-mapmri_param-msd_dwimap.nii.gz
  [PROC] sub-134083
sub-134083 ses-2
ses-2: sub-134083_ses-2_acq-1k3k64d_space-ACPC_model-mapmri_param-qiv_dwimap.nii.gz
  [DONE] → sub-134083_ses-2_acq-1k3k64d_space-MNI152NLin2009cAsym_res-02_model-mapmri_param-qiv_dwimap.nii.gz
  [PROC] sub-134083
sub-134083 ses-2
ses-2: sub-134083_ses-2_acq-1k3k64d_space-ACPC_model-mapmri_param-rtap_dwimap.nii.gz
  [DONE] → sub-134083_ses-2_acq-1k3k64d_space-MNI152NLin2009cAsym_res-02_model-mapmri_param-rtap_dwimap.nii.gz
  [PROC] sub-134083
sub-134083 ses-2
ses-2: sub-134083_ses-2_acq-1k3k64d_space-ACPC_model-mapmri_param-rtop_dwimap.nii.gz
  [DONE] → sub-134083_ses-2_acq-1k3k64d_space-MNI152NLin2009cAsym_res-02_model-mapmri_param-rtop_dwimap.nii.gz
  [PROC] sub-134083
sub-134083 ses-2
ses-2: sub-134083_ses-2_acq-1k3k64d_space-ACPC_model-mapmri_param-rtpp_dwimap.nii.gz
  [DONE] → sub-134083_ses-2_acq-1k3k64d_space-MNI152NLin2009cAsym_res-02_model-mapmri_param-rtpp_dwimap.nii.gz
  [PROC] sub-134083
sub-134083 ses-3
ses-3: sub-134083_ses-3_acq-1k3k64d_space-ACPC_model-mapmri_param-lapnorm_dwimap.nii.gz
  [DONE] → sub-134083_ses-3_acq-1k3k64d_space-MNI152NLin2009cAsym_res-02_model-mapmri_param-lapnorm_dwimap.nii.gz
  [PROC] sub-134083
sub-134083 ses-3
ses-3: sub-134083_ses-3_acq-1k3k64d_space-ACPC_model-mapmri_param-mapcoeffs_dwimap.nii.gz
  [DONE] → sub-134083_ses-3_acq-1k3k64d_space-MNI152NLin2009cAsym_res-02_model-mapmri_param-mapcoeffs_dwimap.nii.gz
  [PROC] sub-134083
sub-134083 ses-3
ses-3: sub-134083_ses-3_acq-1k3k64d_space-ACPC_model-mapmri_param-msd_dwimap.nii.gz
  [DONE] → sub-134083_ses-3_acq-1k3k64d_space-MNI152NLin2009cAsym_res-02_model-mapmri_param-msd_dwimap.nii.gz
  [PROC] sub-134083
sub-134083 ses-3
ses-3: sub-134083_ses-3_acq-1k3k64d_space-ACPC_model-mapmri_param-qiv_dwimap.nii.gz
  [DONE] → sub-134083_ses-3_acq-1k3k64d_space-MNI152NLin2009cAsym_res-02_model-mapmri_param-qiv_dwimap.nii.gz
  [PROC] sub-134083
sub-134083 ses-3
ses-3: sub-134083_ses-3_acq-1k3k64d_space-ACPC_model-mapmri_param-rtap_dwimap.nii.gz
  [DONE] → sub-134083_ses-3_acq-1k3k64d_space-MNI152NLin2009cAsym_res-02_model-mapmri_param-rtap_dwimap.nii.gz
  [PROC] sub-134083
sub-134083 ses-3
ses-3: sub-134083_ses-3_acq-1k3k64d_space-ACPC_model-mapmri_param-rtop_dwimap.nii.gz
  [DONE] → sub-134083_ses-3_acq-1k3k64d_space-MNI152NLin2009cAsym_res-02_model-mapmri_param-rtop_dwimap.nii.gz
  [PROC] sub-134083
sub-134083 ses-3
ses-3: sub-134083_ses-3_acq-1k3k64d_space-ACPC_model-mapmri_param-rtpp_dwimap.nii.gz
  [DONE] → sub-134083_ses-3_acq-1k3k64d_space-MNI152NLin2009cAsym_res-02_model-mapmri_param-rtpp_dwimap.nii.gz
  [PROC] sub-134084
sub-134084 ses-1
ses-1: sub-134084_ses-1_acq-1k3k64d_space-ACPC_model-mapmri_param-lapnorm_dwimap.nii.gz
  [DONE] → sub-134084_ses-1_acq-1k3k64d_space-MNI152NLin2009cAsym_res-02_model-mapmri_param-lapnorm_dwimap.nii.gz
  [PROC] sub-134084
sub-134084 ses-1
ses-1: sub-134084_ses-1_acq-1k3k64d_space-ACPC_model-mapmri_param-mapcoeffs_dwimap.nii.gz
  [DONE] → sub-134084_ses-1_acq-1k3k64d_space-MNI152NLin2009cAsym_res-02_model-mapmri_param-mapcoeffs_dwimap.nii.gz
  [PROC] sub-134084
sub-134084 ses-1
ses-1: sub-134084_ses-1_acq-1k3k64d_space-ACPC_model-mapmri_param-msd_dwimap.nii.gz
  [DONE] → sub-134084_ses-1_acq-1k3k64d_space-MNI152NLin2009cAsym_res-02_model-mapmri_param-msd_dwimap.nii.gz
  [PROC] sub-134084
sub-134084 ses-1
ses-1: sub-134084_ses-1_acq-1k3k64d_space-ACPC_model-mapmri_param-qiv_dwimap.nii.gz
  [DONE] → sub-134084_ses-1_acq-1k3k64d_space-MNI152NLin2009cAsym_res-02_model-mapmri_param-qiv_dwimap.nii.gz
  [PROC] sub-134084
sub-134084 ses-1
ses-1: sub-134084_ses-1_acq-1k3k64d_space-ACPC_model-mapmri_param-rtop_dwimap.nii.gz
  [DONE] → sub-134084_ses-1_acq-1k3k64d_space-MNI152NLin2009cAsym_res-02_model-mapmri_param-rtop_dwimap.nii.gz
  [PROC] sub-134084
sub-134084 ses-1
ses-1: sub-134084_ses-1_acq-1k3k64d_space-ACPC_model-mapmri_param-rtap_dwimap.nii.gz
  [DONE] → sub-134084_ses-1_acq-1k3k64d_space-MNI152NLin2009cAsym_res-02_model-mapmri_param-rtap_dwimap.nii.gz
  [PROC] sub-134084
sub-134084 ses-1
ses-1: sub-134084_ses-1_acq-1k3k64d_space-ACPC_model-mapmri_param-rtpp_dwimap.nii.gz
  [DONE] → sub-134084_ses-1_acq-1k3k64d_space-MNI152NLin2009cAsym_res-02_model-mapmri_param-rtpp_dwimap.nii.gz
  [PROC] sub-134084
sub-134084 ses-2
ses-2: sub-134084_ses-2_acq-1k3k64d_space-ACPC_model-mapmri_param-lapnorm_dwimap.nii.gz
  [DONE] → sub-134084_ses-2_acq-1k3k64d_space-MNI152NLin2009cAsym_res-02_model-mapmri_param-lapnorm_dwimap.nii.gz
  [PROC] sub-134084
sub-134084 ses-2
ses-2: sub-134084_ses-2_acq-1k3k64d_space-ACPC_model-mapmri_param-mapcoeffs_dwimap.nii.gz
  [DONE] → sub-134084_ses-2_acq-1k3k64d_space-MNI152NLin2009cAsym_res-02_model-mapmri_param-mapcoeffs_dwimap.nii.gz
  [PROC] sub-134084
sub-134084 ses-2
ses-2: sub-134084_ses-2_acq-1k3k64d_space-ACPC_model-mapmri_param-msd_dwimap.nii.gz
  [DONE] → sub-134084_ses-2_acq-1k3k64d_space-MNI152NLin2009cAsym_res-02_model-mapmri_param-msd_dwimap.nii.gz
  [PROC] sub-134084
sub-134084 ses-2
ses-2: sub-134084_ses-2_acq-1k3k64d_space-ACPC_model-mapmri_param-qiv_dwimap.nii.gz
  [DONE] → sub-134084_ses-2_acq-1k3k64d_space-MNI152NLin2009cAsym_res-02_model-mapmri_param-qiv_dwimap.nii.gz
  [PROC] sub-134084
sub-134084 ses-2
ses-2: sub-134084_ses-2_acq-1k3k64d_space-ACPC_model-mapmri_param-rtap_dwimap.nii.gz
  [DONE] → sub-134084_ses-2_acq-1k3k64d_space-MNI152NLin2009cAsym_res-02_model-mapmri_param-rtap_dwimap.nii.gz
  [PROC] sub-134084
sub-134084 ses-2
ses-2: sub-134084_ses-2_acq-1k3k64d_space-ACPC_model-mapmri_param-rtpp_dwimap.nii.gz
  [DONE] → sub-134084_ses-2_acq-1k3k64d_space-MNI152NLin2009cAsym_res-02_model-mapmri_param-rtpp_dwimap.nii.gz
  [PROC] sub-134084
sub-134084 ses-2
ses-2: sub-134084_ses-2_acq-1k3k64d_space-ACPC_model-mapmri_param-rtop_dwimap.nii.gz
  [DONE] → sub-134084_ses-2_acq-1k3k64d_space-MNI152NLin2009cAsym_res-02_model-mapmri_param-rtop_dwimap.nii.gz
  [PROC] sub-134084
sub-134084 ses-3
ses-3: sub-134084_ses-3_acq-1k3k64d_space-ACPC_model-mapmri_param-lapnorm_dwimap.nii.gz
  [DONE] → sub-134084_ses-3_acq-1k3k64d_space-MNI152NLin2009cAsym_res-02_model-mapmri_param-lapnorm_dwimap.nii.gz
  [PROC] sub-134084
sub-134084 ses-3
ses-3: sub-134084_ses-3_acq-1k3k64d_space-ACPC_model-mapmri_param-mapcoeffs_dwimap.nii.gz
  [DONE] → sub-134084_ses-3_acq-1k3k64d_space-MNI152NLin2009cAsym_res-02_model-mapmri_param-mapcoeffs_dwimap.nii.gz
  [PROC] sub-134084
sub-134084 ses-3
ses-3: sub-134084_ses-3_acq-1k3k64d_space-ACPC_model-mapmri_param-msd_dwimap.nii.gz
  [DONE] → sub-134084_ses-3_acq-1k3k64d_space-MNI152NLin2009cAsym_res-02_model-mapmri_param-msd_dwimap.nii.gz
  [PROC] sub-134084
sub-134084 ses-3
ses-3: sub-134084_ses-3_acq-1k3k64d_space-ACPC_model-mapmri_param-qiv_dwimap.nii.gz
  [DONE] → sub-134084_ses-3_acq-1k3k64d_space-MNI152NLin2009cAsym_res-02_model-mapmri_param-qiv_dwimap.nii.gz
  [PROC] sub-134084
sub-134084 ses-3
ses-3: sub-134084_ses-3_acq-1k3k64d_space-ACPC_model-mapmri_param-rtap_dwimap.nii.gz
  [DONE] → sub-134084_ses-3_acq-1k3k64d_space-MNI152NLin2009cAsym_res-02_model-mapmri_param-rtap_dwimap.nii.gz
  [PROC] sub-134084
sub-134084 ses-3
ses-3: sub-134084_ses-3_acq-1k3k64d_space-ACPC_model-mapmri_param-rtop_dwimap.nii.gz
  [DONE] → sub-134084_ses-3_acq-1k3k64d_space-MNI152NLin2009cAsym_res-02_model-mapmri_param-rtop_dwimap.nii.gz
  [PROC] sub-134084
sub-134084 ses-3
ses-3: sub-134084_ses-3_acq-1k3k64d_space-ACPC_model-mapmri_param-rtpp_dwimap.nii.gz
  [DONE] → sub-134084_ses-3_acq-1k3k64d_space-MNI152NLin2009cAsym_res-02_model-mapmri_param-rtpp_dwimap.nii.gz
  [PROC] sub-134085
sub-134085 ses-1
ses-1: sub-134085_ses-1_acq-1k3k64d_space-ACPC_model-mapmri_param-lapnorm_dwimap.nii.gz
  [DONE] → sub-134085_ses-1_acq-1k3k64d_space-MNI152NLin2009cAsym_res-02_model-mapmri_param-lapnorm_dwimap.nii.gz
  [PROC] sub-134085
sub-134085 ses-1
ses-1: sub-134085_ses-1_acq-1k3k64d_space-ACPC_model-mapmri_param-mapcoeffs_dwimap.nii.gz
  [DONE] → sub-134085_ses-1_acq-1k3k64d_space-MNI152NLin2009cAsym_res-02_model-mapmri_param-mapcoeffs_dwimap.nii.gz
  [PROC] sub-134085
sub-134085 ses-1
ses-1: sub-134085_ses-1_acq-1k3k64d_space-ACPC_model-mapmri_param-msd_dwimap.nii.gz
  [DONE] → sub-134085_ses-1_acq-1k3k64d_space-MNI152NLin2009cAsym_res-02_model-mapmri_param-msd_dwimap.nii.gz
  [PROC] sub-134085
sub-134085 ses-1
ses-1: sub-134085_ses-1_acq-1k3k64d_space-ACPC_model-mapmri_param-qiv_dwimap.nii.gz
  [DONE] → sub-134085_ses-1_acq-1k3k64d_space-MNI152NLin2009cAsym_res-02_model-mapmri_param-qiv_dwimap.nii.gz
  [PROC] sub-134085
sub-134085 ses-1
ses-1: sub-134085_ses-1_acq-1k3k64d_space-ACPC_model-mapmri_param-rtap_dwimap.nii.gz
  [DONE] → sub-134085_ses-1_acq-1k3k64d_space-MNI152NLin2009cAsym_res-02_model-mapmri_param-rtap_dwimap.nii.gz
  [PROC] sub-134085
sub-134085 ses-1
ses-1: sub-134085_ses-1_acq-1k3k64d_space-ACPC_model-mapmri_param-rtop_dwimap.nii.gz
  [DONE] → sub-134085_ses-1_acq-1k3k64d_space-MNI152NLin2009cAsym_res-02_model-mapmri_param-rtop_dwimap.nii.gz
  [PROC] sub-134085
sub-134085 ses-1
ses-1: sub-134085_ses-1_acq-1k3k64d_space-ACPC_model-mapmri_param-rtpp_dwimap.nii.gz
  [DONE] → sub-134085_ses-1_acq-1k3k64d_space-MNI152NLin2009cAsym_res-02_model-mapmri_param-rtpp_dwimap.nii.gz
  [PROC] sub-134086
sub-134086 ses-1
ses-1: sub-134086_ses-1_acq-1k3k64d_space-ACPC_model-mapmri_param-lapnorm_dwimap.nii.gz
  [DONE] → sub-134086_ses-1_acq-1k3k64d_space-MNI152NLin2009cAsym_res-02_model-mapmri_param-lapnorm_dwimap.nii.gz
  [PROC] sub-134086
sub-134086 ses-1
ses-1: sub-134086_ses-1_acq-1k3k64d_space-ACPC_model-mapmri_param-mapcoeffs_dwimap.nii.gz
  [DONE] → sub-134086_ses-1_acq-1k3k64d_space-MNI152NLin2009cAsym_res-02_model-mapmri_param-mapcoeffs_dwimap.nii.gz
  [PROC] sub-134086
sub-134086 ses-1
ses-1: sub-134086_ses-1_acq-1k3k64d_space-ACPC_model-mapmri_param-msd_dwimap.nii.gz
  [DONE] → sub-134086_ses-1_acq-1k3k64d_space-MNI152NLin2009cAsym_res-02_model-mapmri_param-msd_dwimap.nii.gz
  [PROC] sub-134086
sub-134086 ses-1
ses-1: sub-134086_ses-1_acq-1k3k64d_space-ACPC_model-mapmri_param-qiv_dwimap.nii.gz
  [DONE] → sub-134086_ses-1_acq-1k3k64d_space-MNI152NLin2009cAsym_res-02_model-mapmri_param-qiv_dwimap.nii.gz
  [PROC] sub-134086
sub-134086 ses-1
ses-1: sub-134086_ses-1_acq-1k3k64d_space-ACPC_model-mapmri_param-rtap_dwimap.nii.gz
  [DONE] → sub-134086_ses-1_acq-1k3k64d_space-MNI152NLin2009cAsym_res-02_model-mapmri_param-rtap_dwimap.nii.gz
  [PROC] sub-134086
sub-134086 ses-1
ses-1: sub-134086_ses-1_acq-1k3k64d_space-ACPC_model-mapmri_param-rtop_dwimap.nii.gz
  [DONE] → sub-134086_ses-1_acq-1k3k64d_space-MNI152NLin2009cAsym_res-02_model-mapmri_param-rtop_dwimap.nii.gz
  [PROC] sub-134086
sub-134086 ses-1
ses-1: sub-134086_ses-1_acq-1k3k64d_space-ACPC_model-mapmri_param-rtpp_dwimap.nii.gz
  [DONE] → sub-134086_ses-1_acq-1k3k64d_space-MNI152NLin2009cAsym_res-02_model-mapmri_param-rtpp_dwimap.nii.gz
  [PROC] sub-134086
sub-134086 ses-2
ses-2: sub-134086_ses-2_acq-1k3k64d_space-ACPC_model-mapmri_param-lapnorm_dwimap.nii.gz
  [DONE] → sub-134086_ses-2_acq-1k3k64d_space-MNI152NLin2009cAsym_res-02_model-mapmri_param-lapnorm_dwimap.nii.gz
  [PROC] sub-134086
sub-134086 ses-2
ses-2: sub-134086_ses-2_acq-1k3k64d_space-ACPC_model-mapmri_param-mapcoeffs_dwimap.nii.gz
  [DONE] → sub-134086_ses-2_acq-1k3k64d_space-MNI152NLin2009cAsym_res-02_model-mapmri_param-mapcoeffs_dwimap.nii.gz
  [PROC] sub-134086
sub-134086 ses-2
ses-2: sub-134086_ses-2_acq-1k3k64d_space-ACPC_model-mapmri_param-msd_dwimap.nii.gz
  [DONE] → sub-134086_ses-2_acq-1k3k64d_space-MNI152NLin2009cAsym_res-02_model-mapmri_param-msd_dwimap.nii.gz
  [PROC] sub-134086
sub-134086 ses-2
ses-2: sub-134086_ses-2_acq-1k3k64d_space-ACPC_model-mapmri_param-qiv_dwimap.nii.gz
  [DONE] → sub-134086_ses-2_acq-1k3k64d_space-MNI152NLin2009cAsym_res-02_model-mapmri_param-qiv_dwimap.nii.gz
  [PROC] sub-134086
sub-134086 ses-2
ses-2: sub-134086_ses-2_acq-1k3k64d_space-ACPC_model-mapmri_param-rtap_dwimap.nii.gz
  [DONE] → sub-134086_ses-2_acq-1k3k64d_space-MNI152NLin2009cAsym_res-02_model-mapmri_param-rtap_dwimap.nii.gz
  [PROC] sub-134086
sub-134086 ses-2
ses-2: sub-134086_ses-2_acq-1k3k64d_space-ACPC_model-mapmri_param-rtop_dwimap.nii.gz
  [DONE] → sub-134086_ses-2_acq-1k3k64d_space-MNI152NLin2009cAsym_res-02_model-mapmri_param-rtop_dwimap.nii.gz
  [PROC] sub-134086
sub-134086 ses-2
ses-2: sub-134086_ses-2_acq-1k3k64d_space-ACPC_model-mapmri_param-rtpp_dwimap.nii.gz
  [DONE] → sub-134086_ses-2_acq-1k3k64d_space-MNI152NLin2009cAsym_res-02_model-mapmri_param-rtpp_dwimap.nii.gz
  [PROC] sub-134086
sub-134086 ses-3
ses-3: sub-134086_ses-3_acq-1k3k64d_space-ACPC_model-mapmri_param-lapnorm_dwimap.nii.gz
  [DONE] → sub-134086_ses-3_acq-1k3k64d_space-MNI152NLin2009cAsym_res-02_model-mapmri_param-lapnorm_dwimap.nii.gz
  [PROC] sub-134086
sub-134086 ses-3
ses-3: sub-134086_ses-3_acq-1k3k64d_space-ACPC_model-mapmri_param-mapcoeffs_dwimap.nii.gz
  [DONE] → sub-134086_ses-3_acq-1k3k64d_space-MNI152NLin2009cAsym_res-02_model-mapmri_param-mapcoeffs_dwimap.nii.gz
  [PROC] sub-134086
sub-134086 ses-3
ses-3: sub-134086_ses-3_acq-1k3k64d_space-ACPC_model-mapmri_param-msd_dwimap.nii.gz
  [DONE] → sub-134086_ses-3_acq-1k3k64d_space-MNI152NLin2009cAsym_res-02_model-mapmri_param-msd_dwimap.nii.gz
  [PROC] sub-134086
sub-134086 ses-3
ses-3: sub-134086_ses-3_acq-1k3k64d_space-ACPC_model-mapmri_param-qiv_dwimap.nii.gz
  [DONE] → sub-134086_ses-3_acq-1k3k64d_space-MNI152NLin2009cAsym_res-02_model-mapmri_param-qiv_dwimap.nii.gz
  [PROC] sub-134086
sub-134086 ses-3
ses-3: sub-134086_ses-3_acq-1k3k64d_space-ACPC_model-mapmri_param-rtap_dwimap.nii.gz
  [DONE] → sub-134086_ses-3_acq-1k3k64d_space-MNI152NLin2009cAsym_res-02_model-mapmri_param-rtap_dwimap.nii.gz
  [PROC] sub-134086
sub-134086 ses-3
ses-3: sub-134086_ses-3_acq-1k3k64d_space-ACPC_model-mapmri_param-rtop_dwimap.nii.gz
  [DONE] → sub-134086_ses-3_acq-1k3k64d_space-MNI152NLin2009cAsym_res-02_model-mapmri_param-rtop_dwimap.nii.gz
  [PROC] sub-134086
sub-134086 ses-3
ses-3: sub-134086_ses-3_acq-1k3k64d_space-ACPC_model-mapmri_param-rtpp_dwimap.nii.gz
  [DONE] → sub-134086_ses-3_acq-1k3k64d_space-MNI152NLin2009cAsym_res-02_model-mapmri_param-rtpp_dwimap.nii.gz
  [PROC] sub-134087
sub-134087 ses-1
ses-1: sub-134087_ses-1_acq-1k3k64d_space-ACPC_model-mapmri_param-lapnorm_dwimap.nii.gz
  [DONE] → sub-134087_ses-1_acq-1k3k64d_space-MNI152NLin2009cAsym_res-02_model-mapmri_param-lapnorm_dwimap.nii.gz
  [PROC] sub-134087
sub-134087 ses-1
ses-1: sub-134087_ses-1_acq-1k3k64d_space-ACPC_model-mapmri_param-mapcoeffs_dwimap.nii.gz
  [DONE] → sub-134087_ses-1_acq-1k3k64d_space-MNI152NLin2009cAsym_res-02_model-mapmri_param-mapcoeffs_dwimap.nii.gz
  [PROC] sub-134087
sub-134087 ses-1
ses-1: sub-134087_ses-1_acq-1k3k64d_space-ACPC_model-mapmri_param-msd_dwimap.nii.gz
  [DONE] → sub-134087_ses-1_acq-1k3k64d_space-MNI152NLin2009cAsym_res-02_model-mapmri_param-msd_dwimap.nii.gz
  [PROC] sub-134087
sub-134087 ses-1
ses-1: sub-134087_ses-1_acq-1k3k64d_space-ACPC_model-mapmri_param-qiv_dwimap.nii.gz
  [DONE] → sub-134087_ses-1_acq-1k3k64d_space-MNI152NLin2009cAsym_res-02_model-mapmri_param-qiv_dwimap.nii.gz
  [PROC] sub-134087
sub-134087 ses-1
ses-1: sub-134087_ses-1_acq-1k3k64d_space-ACPC_model-mapmri_param-rtap_dwimap.nii.gz
  [DONE] → sub-134087_ses-1_acq-1k3k64d_space-MNI152NLin2009cAsym_res-02_model-mapmri_param-rtap_dwimap.nii.gz
  [PROC] sub-134087
sub-134087 ses-1
ses-1: sub-134087_ses-1_acq-1k3k64d_space-ACPC_model-mapmri_param-rtop_dwimap.nii.gz
  [DONE] → sub-134087_ses-1_acq-1k3k64d_space-MNI152NLin2009cAsym_res-02_model-mapmri_param-rtop_dwimap.nii.gz
  [PROC] sub-134087
sub-134087 ses-1
ses-1: sub-134087_ses-1_acq-1k3k64d_space-ACPC_model-mapmri_param-rtpp_dwimap.nii.gz
  [DONE] → sub-134087_ses-1_acq-1k3k64d_space-MNI152NLin2009cAsym_res-02_model-mapmri_param-rtpp_dwimap.nii.gz
  [PROC] sub-134087
sub-134087 ses-2
ses-2: sub-134087_ses-2_acq-1k3k64d_space-ACPC_model-mapmri_param-lapnorm_dwimap.nii.gz
  [DONE] → sub-134087_ses-2_acq-1k3k64d_space-MNI152NLin2009cAsym_res-02_model-mapmri_param-lapnorm_dwimap.nii.gz
  [PROC] sub-134087
sub-134087 ses-2
ses-2: sub-134087_ses-2_acq-1k3k64d_space-ACPC_model-mapmri_param-mapcoeffs_dwimap.nii.gz
  [DONE] → sub-134087_ses-2_acq-1k3k64d_space-MNI152NLin2009cAsym_res-02_model-mapmri_param-mapcoeffs_dwimap.nii.gz
  [PROC] sub-134087
sub-134087 ses-2
ses-2: sub-134087_ses-2_acq-1k3k64d_space-ACPC_model-mapmri_param-msd_dwimap.nii.gz
  [DONE] → sub-134087_ses-2_acq-1k3k64d_space-MNI152NLin2009cAsym_res-02_model-mapmri_param-msd_dwimap.nii.gz
  [PROC] sub-134087
sub-134087 ses-2
ses-2: sub-134087_ses-2_acq-1k3k64d_space-ACPC_model-mapmri_param-qiv_dwimap.nii.gz
  [DONE] → sub-134087_ses-2_acq-1k3k64d_space-MNI152NLin2009cAsym_res-02_model-mapmri_param-qiv_dwimap.nii.gz
  [PROC] sub-134087
sub-134087 ses-2
ses-2: sub-134087_ses-2_acq-1k3k64d_space-ACPC_model-mapmri_param-rtap_dwimap.nii.gz
  [DONE] → sub-134087_ses-2_acq-1k3k64d_space-MNI152NLin2009cAsym_res-02_model-mapmri_param-rtap_dwimap.nii.gz
  [PROC] sub-134087
sub-134087 ses-2
ses-2: sub-134087_ses-2_acq-1k3k64d_space-ACPC_model-mapmri_param-rtop_dwimap.nii.gz
  [DONE] → sub-134087_ses-2_acq-1k3k64d_space-MNI152NLin2009cAsym_res-02_model-mapmri_param-rtop_dwimap.nii.gz
  [PROC] sub-134087
sub-134087 ses-2
ses-2: sub-134087_ses-2_acq-1k3k64d_space-ACPC_model-mapmri_param-rtpp_dwimap.nii.gz
  [DONE] → sub-134087_ses-2_acq-1k3k64d_space-MNI152NLin2009cAsym_res-02_model-mapmri_param-rtpp_dwimap.nii.gz
  [PROC] sub-134087
sub-134087 ses-3
ses-3: sub-134087_ses-3_acq-1k3k64d_space-ACPC_model-mapmri_param-lapnorm_dwimap.nii.gz
  [DONE] → sub-134087_ses-3_acq-1k3k64d_space-MNI152NLin2009cAsym_res-02_model-mapmri_param-lapnorm_dwimap.nii.gz
  [PROC] sub-134087
sub-134087 ses-3
ses-3: sub-134087_ses-3_acq-1k3k64d_space-ACPC_model-mapmri_param-mapcoeffs_dwimap.nii.gz
  [DONE] → sub-134087_ses-3_acq-1k3k64d_space-MNI152NLin2009cAsym_res-02_model-mapmri_param-mapcoeffs_dwimap.nii.gz
  [PROC] sub-134087
sub-134087 ses-3
ses-3: sub-134087_ses-3_acq-1k3k64d_space-ACPC_model-mapmri_param-msd_dwimap.nii.gz
  [DONE] → sub-134087_ses-3_acq-1k3k64d_space-MNI152NLin2009cAsym_res-02_model-mapmri_param-msd_dwimap.nii.gz
  [PROC] sub-134087
sub-134087 ses-3
ses-3: sub-134087_ses-3_acq-1k3k64d_space-ACPC_model-mapmri_param-qiv_dwimap.nii.gz
  [DONE] → sub-134087_ses-3_acq-1k3k64d_space-MNI152NLin2009cAsym_res-02_model-mapmri_param-qiv_dwimap.nii.gz
  [PROC] sub-134087
sub-134087 ses-3
ses-3: sub-134087_ses-3_acq-1k3k64d_space-ACPC_model-mapmri_param-rtap_dwimap.nii.gz
  [DONE] → sub-134087_ses-3_acq-1k3k64d_space-MNI152NLin2009cAsym_res-02_model-mapmri_param-rtap_dwimap.nii.gz
  [PROC] sub-134087
sub-134087 ses-3
ses-3: sub-134087_ses-3_acq-1k3k64d_space-ACPC_model-mapmri_param-rtop_dwimap.nii.gz
  [DONE] → sub-134087_ses-3_acq-1k3k64d_space-MNI152NLin2009cAsym_res-02_model-mapmri_param-rtop_dwimap.nii.gz
  [PROC] sub-134087
sub-134087 ses-3
ses-3: sub-134087_ses-3_acq-1k3k64d_space-ACPC_model-mapmri_param-rtpp_dwimap.nii.gz
  [DONE] → sub-134087_ses-3_acq-1k3k64d_space-MNI152NLin2009cAsym_res-02_model-mapmri_param-rtpp_dwimap.nii.gz
  [PROC] sub-134088
sub-134088 ses-1
ses-1: sub-134088_ses-1_acq-1k3k64d_space-ACPC_model-mapmri_param-lapnorm_dwimap.nii.gz
  [DONE] → sub-134088_ses-1_acq-1k3k64d_space-MNI152NLin2009cAsym_res-02_model-mapmri_param-lapnorm_dwimap.nii.gz
  [PROC] sub-134088
sub-134088 ses-1
ses-1: sub-134088_ses-1_acq-1k3k64d_space-ACPC_model-mapmri_param-mapcoeffs_dwimap.nii.gz
  [DONE] → sub-134088_ses-1_acq-1k3k64d_space-MNI152NLin2009cAsym_res-02_model-mapmri_param-mapcoeffs_dwimap.nii.gz
  [PROC] sub-134088
sub-134088 ses-1
ses-1: sub-134088_ses-1_acq-1k3k64d_space-ACPC_model-mapmri_param-msd_dwimap.nii.gz
  [DONE] → sub-134088_ses-1_acq-1k3k64d_space-MNI152NLin2009cAsym_res-02_model-mapmri_param-msd_dwimap.nii.gz
  [PROC] sub-134088
sub-134088 ses-1
ses-1: sub-134088_ses-1_acq-1k3k64d_space-ACPC_model-mapmri_param-qiv_dwimap.nii.gz
  [DONE] → sub-134088_ses-1_acq-1k3k64d_space-MNI152NLin2009cAsym_res-02_model-mapmri_param-qiv_dwimap.nii.gz
  [PROC] sub-134088
sub-134088 ses-1
ses-1: sub-134088_ses-1_acq-1k3k64d_space-ACPC_model-mapmri_param-rtap_dwimap.nii.gz
  [DONE] → sub-134088_ses-1_acq-1k3k64d_space-MNI152NLin2009cAsym_res-02_model-mapmri_param-rtap_dwimap.nii.gz
  [PROC] sub-134088
sub-134088 ses-1
ses-1: sub-134088_ses-1_acq-1k3k64d_space-ACPC_model-mapmri_param-rtop_dwimap.nii.gz
  [DONE] → sub-134088_ses-1_acq-1k3k64d_space-MNI152NLin2009cAsym_res-02_model-mapmri_param-rtop_dwimap.nii.gz
  [PROC] sub-134088
sub-134088 ses-1
ses-1: sub-134088_ses-1_acq-1k3k64d_space-ACPC_model-mapmri_param-rtpp_dwimap.nii.gz
  [DONE] → sub-134088_ses-1_acq-1k3k64d_space-MNI152NLin2009cAsym_res-02_model-mapmri_param-rtpp_dwimap.nii.gz
  [PROC] sub-134088
sub-134088 ses-2
ses-2: sub-134088_ses-2_acq-1k3k64d_space-ACPC_model-mapmri_param-lapnorm_dwimap.nii.gz
  [DONE] → sub-134088_ses-2_acq-1k3k64d_space-MNI152NLin2009cAsym_res-02_model-mapmri_param-lapnorm_dwimap.nii.gz
  [PROC] sub-134088
sub-134088 ses-2
ses-2: sub-134088_ses-2_acq-1k3k64d_space-ACPC_model-mapmri_param-mapcoeffs_dwimap.nii.gz
  [DONE] → sub-134088_ses-2_acq-1k3k64d_space-MNI152NLin2009cAsym_res-02_model-mapmri_param-mapcoeffs_dwimap.nii.gz
  [PROC] sub-134088
sub-134088 ses-2
ses-2: sub-134088_ses-2_acq-1k3k64d_space-ACPC_model-mapmri_param-msd_dwimap.nii.gz
  [DONE] → sub-134088_ses-2_acq-1k3k64d_space-MNI152NLin2009cAsym_res-02_model-mapmri_param-msd_dwimap.nii.gz
  [PROC] sub-134088
sub-134088 ses-2
ses-2: sub-134088_ses-2_acq-1k3k64d_space-ACPC_model-mapmri_param-qiv_dwimap.nii.gz
  [DONE] → sub-134088_ses-2_acq-1k3k64d_space-MNI152NLin2009cAsym_res-02_model-mapmri_param-qiv_dwimap.nii.gz
  [PROC] sub-134088
sub-134088 ses-2
ses-2: sub-134088_ses-2_acq-1k3k64d_space-ACPC_model-mapmri_param-rtap_dwimap.nii.gz
  [DONE] → sub-134088_ses-2_acq-1k3k64d_space-MNI152NLin2009cAsym_res-02_model-mapmri_param-rtap_dwimap.nii.gz
  [PROC] sub-134088
sub-134088 ses-2
ses-2: sub-134088_ses-2_acq-1k3k64d_space-ACPC_model-mapmri_param-rtop_dwimap.nii.gz
  [DONE] → sub-134088_ses-2_acq-1k3k64d_space-MNI152NLin2009cAsym_res-02_model-mapmri_param-rtop_dwimap.nii.gz
  [PROC] sub-134088
sub-134088 ses-2
ses-2: sub-134088_ses-2_acq-1k3k64d_space-ACPC_model-mapmri_param-rtpp_dwimap.nii.gz
  [DONE] → sub-134088_ses-2_acq-1k3k64d_space-MNI152NLin2009cAsym_res-02_model-mapmri_param-rtpp_dwimap.nii.gz
  [PROC] sub-134088
sub-134088 ses-3
ses-3: sub-134088_ses-3_acq-1k3k64d_space-ACPC_model-mapmri_param-lapnorm_dwimap.nii.gz
  [DONE] → sub-134088_ses-3_acq-1k3k64d_space-MNI152NLin2009cAsym_res-02_model-mapmri_param-lapnorm_dwimap.nii.gz
  [PROC] sub-134088
sub-134088 ses-3
ses-3: sub-134088_ses-3_acq-1k3k64d_space-ACPC_model-mapmri_param-mapcoeffs_dwimap.nii.gz
  [DONE] → sub-134088_ses-3_acq-1k3k64d_space-MNI152NLin2009cAsym_res-02_model-mapmri_param-mapcoeffs_dwimap.nii.gz
  [PROC] sub-134088
sub-134088 ses-3
ses-3: sub-134088_ses-3_acq-1k3k64d_space-ACPC_model-mapmri_param-msd_dwimap.nii.gz
  [DONE] → sub-134088_ses-3_acq-1k3k64d_space-MNI152NLin2009cAsym_res-02_model-mapmri_param-msd_dwimap.nii.gz
  [PROC] sub-134088
sub-134088 ses-3
ses-3: sub-134088_ses-3_acq-1k3k64d_space-ACPC_model-mapmri_param-qiv_dwimap.nii.gz
  [DONE] → sub-134088_ses-3_acq-1k3k64d_space-MNI152NLin2009cAsym_res-02_model-mapmri_param-qiv_dwimap.nii.gz
  [PROC] sub-134088
sub-134088 ses-3
ses-3: sub-134088_ses-3_acq-1k3k64d_space-ACPC_model-mapmri_param-rtap_dwimap.nii.gz
  [DONE] → sub-134088_ses-3_acq-1k3k64d_space-MNI152NLin2009cAsym_res-02_model-mapmri_param-rtap_dwimap.nii.gz
  [PROC] sub-134088
sub-134088 ses-3
ses-3: sub-134088_ses-3_acq-1k3k64d_space-ACPC_model-mapmri_param-rtop_dwimap.nii.gz
  [DONE] → sub-134088_ses-3_acq-1k3k64d_space-MNI152NLin2009cAsym_res-02_model-mapmri_param-rtop_dwimap.nii.gz
  [PROC] sub-134088
sub-134088 ses-3
ses-3: sub-134088_ses-3_acq-1k3k64d_space-ACPC_model-mapmri_param-rtpp_dwimap.nii.gz
  [DONE] → sub-134088_ses-3_acq-1k3k64d_space-MNI152NLin2009cAsym_res-02_model-mapmri_param-rtpp_dwimap.nii.gz
  [PROC] sub-134089
sub-134089 ses-1
ses-1: sub-134089_ses-1_acq-1k3k64d_space-ACPC_model-mapmri_param-lapnorm_dwimap.nii.gz
  [DONE] → sub-134089_ses-1_acq-1k3k64d_space-MNI152NLin2009cAsym_res-02_model-mapmri_param-lapnorm_dwimap.nii.gz
  [PROC] sub-134089
sub-134089 ses-1
ses-1: sub-134089_ses-1_acq-1k3k64d_space-ACPC_model-mapmri_param-mapcoeffs_dwimap.nii.gz
  [DONE] → sub-134089_ses-1_acq-1k3k64d_space-MNI152NLin2009cAsym_res-02_model-mapmri_param-mapcoeffs_dwimap.nii.gz
  [PROC] sub-134089
sub-134089 ses-1
ses-1: sub-134089_ses-1_acq-1k3k64d_space-ACPC_model-mapmri_param-msd_dwimap.nii.gz
  [DONE] → sub-134089_ses-1_acq-1k3k64d_space-MNI152NLin2009cAsym_res-02_model-mapmri_param-msd_dwimap.nii.gz
  [PROC] sub-134089
sub-134089 ses-1
ses-1: sub-134089_ses-1_acq-1k3k64d_space-ACPC_model-mapmri_param-qiv_dwimap.nii.gz
  [DONE] → sub-134089_ses-1_acq-1k3k64d_space-MNI152NLin2009cAsym_res-02_model-mapmri_param-qiv_dwimap.nii.gz
  [PROC] sub-134089
sub-134089 ses-1
ses-1: sub-134089_ses-1_acq-1k3k64d_space-ACPC_model-mapmri_param-rtap_dwimap.nii.gz
  [DONE] → sub-134089_ses-1_acq-1k3k64d_space-MNI152NLin2009cAsym_res-02_model-mapmri_param-rtap_dwimap.nii.gz
  [PROC] sub-134089
sub-134089 ses-1
ses-1: sub-134089_ses-1_acq-1k3k64d_space-ACPC_model-mapmri_param-rtop_dwimap.nii.gz
  [DONE] → sub-134089_ses-1_acq-1k3k64d_space-MNI152NLin2009cAsym_res-02_model-mapmri_param-rtop_dwimap.nii.gz
  [PROC] sub-134089
sub-134089 ses-1
ses-1: sub-134089_ses-1_acq-1k3k64d_space-ACPC_model-mapmri_param-rtpp_dwimap.nii.gz
  [DONE] → sub-134089_ses-1_acq-1k3k64d_space-MNI152NLin2009cAsym_res-02_model-mapmri_param-rtpp_dwimap.nii.gz
  [PROC] sub-134090
sub-134090 ses-1
ses-1: sub-134090_ses-1_acq-1k3k64d_space-ACPC_model-mapmri_param-lapnorm_dwimap.nii.gz
  [DONE] → sub-134090_ses-1_acq-1k3k64d_space-MNI152NLin2009cAsym_res-02_model-mapmri_param-lapnorm_dwimap.nii.gz
  [PROC] sub-134090
sub-134090 ses-1
ses-1: sub-134090_ses-1_acq-1k3k64d_space-ACPC_model-mapmri_param-mapcoeffs_dwimap.nii.gz
  [DONE] → sub-134090_ses-1_acq-1k3k64d_space-MNI152NLin2009cAsym_res-02_model-mapmri_param-mapcoeffs_dwimap.nii.gz
  [PROC] sub-134090
sub-134090 ses-1
ses-1: sub-134090_ses-1_acq-1k3k64d_space-ACPC_model-mapmri_param-msd_dwimap.nii.gz
  [DONE] → sub-134090_ses-1_acq-1k3k64d_space-MNI152NLin2009cAsym_res-02_model-mapmri_param-msd_dwimap.nii.gz
  [PROC] sub-134090
sub-134090 ses-1
ses-1: sub-134090_ses-1_acq-1k3k64d_space-ACPC_model-mapmri_param-qiv_dwimap.nii.gz
  [DONE] → sub-134090_ses-1_acq-1k3k64d_space-MNI152NLin2009cAsym_res-02_model-mapmri_param-qiv_dwimap.nii.gz
  [PROC] sub-134090
sub-134090 ses-1
ses-1: sub-134090_ses-1_acq-1k3k64d_space-ACPC_model-mapmri_param-rtap_dwimap.nii.gz
  [DONE] → sub-134090_ses-1_acq-1k3k64d_space-MNI152NLin2009cAsym_res-02_model-mapmri_param-rtap_dwimap.nii.gz
  [PROC] sub-134090
sub-134090 ses-1
ses-1: sub-134090_ses-1_acq-1k3k64d_space-ACPC_model-mapmri_param-rtop_dwimap.nii.gz
  [DONE] → sub-134090_ses-1_acq-1k3k64d_space-MNI152NLin2009cAsym_res-02_model-mapmri_param-rtop_dwimap.nii.gz
  [PROC] sub-134090
sub-134090 ses-1
ses-1: sub-134090_ses-1_acq-1k3k64d_space-ACPC_model-mapmri_param-rtpp_dwimap.nii.gz
  [DONE] → sub-134090_ses-1_acq-1k3k64d_space-MNI152NLin2009cAsym_res-02_model-mapmri_param-rtpp_dwimap.nii.gz
  [PROC] sub-134091
sub-134091 ses-1
ses-1: sub-134091_ses-1_acq-1k3k64d_space-ACPC_model-mapmri_param-lapnorm_dwimap.nii.gz
  [DONE] → sub-134091_ses-1_acq-1k3k64d_space-MNI152NLin2009cAsym_res-02_model-mapmri_param-lapnorm_dwimap.nii.gz
  [PROC] sub-134091
sub-134091 ses-1
ses-1: sub-134091_ses-1_acq-1k3k64d_space-ACPC_model-mapmri_param-mapcoeffs_dwimap.nii.gz
  [DONE] → sub-134091_ses-1_acq-1k3k64d_space-MNI152NLin2009cAsym_res-02_model-mapmri_param-mapcoeffs_dwimap.nii.gz
  [PROC] sub-134091
sub-134091 ses-1
ses-1: sub-134091_ses-1_acq-1k3k64d_space-ACPC_model-mapmri_param-msd_dwimap.nii.gz
  [DONE] → sub-134091_ses-1_acq-1k3k64d_space-MNI152NLin2009cAsym_res-02_model-mapmri_param-msd_dwimap.nii.gz
  [PROC] sub-134091
sub-134091 ses-1
ses-1: sub-134091_ses-1_acq-1k3k64d_space-ACPC_model-mapmri_param-qiv_dwimap.nii.gz
  [DONE] → sub-134091_ses-1_acq-1k3k64d_space-MNI152NLin2009cAsym_res-02_model-mapmri_param-qiv_dwimap.nii.gz
  [PROC] sub-134091
sub-134091 ses-1
ses-1: sub-134091_ses-1_acq-1k3k64d_space-ACPC_model-mapmri_param-rtap_dwimap.nii.gz
  [DONE] → sub-134091_ses-1_acq-1k3k64d_space-MNI152NLin2009cAsym_res-02_model-mapmri_param-rtap_dwimap.nii.gz
  [PROC] sub-134091
sub-134091 ses-1
ses-1: sub-134091_ses-1_acq-1k3k64d_space-ACPC_model-mapmri_param-rtop_dwimap.nii.gz
  [DONE] → sub-134091_ses-1_acq-1k3k64d_space-MNI152NLin2009cAsym_res-02_model-mapmri_param-rtop_dwimap.nii.gz
  [PROC] sub-134091
sub-134091 ses-1
ses-1: sub-134091_ses-1_acq-1k3k64d_space-ACPC_model-mapmri_param-rtpp_dwimap.nii.gz
  [DONE] → sub-134091_ses-1_acq-1k3k64d_space-MNI152NLin2009cAsym_res-02_model-mapmri_param-rtpp_dwimap.nii.gz
  [PROC] sub-134091
sub-134091 ses-2
ses-2: sub-134091_ses-2_acq-1k3k64d_space-ACPC_model-mapmri_param-lapnorm_dwimap.nii.gz
  [DONE] → sub-134091_ses-2_acq-1k3k64d_space-MNI152NLin2009cAsym_res-02_model-mapmri_param-lapnorm_dwimap.nii.gz
  [PROC] sub-134091
sub-134091 ses-2
ses-2: sub-134091_ses-2_acq-1k3k64d_space-ACPC_model-mapmri_param-mapcoeffs_dwimap.nii.gz
  [DONE] → sub-134091_ses-2_acq-1k3k64d_space-MNI152NLin2009cAsym_res-02_model-mapmri_param-mapcoeffs_dwimap.nii.gz
  [PROC] sub-134091
sub-134091 ses-2
ses-2: sub-134091_ses-2_acq-1k3k64d_space-ACPC_model-mapmri_param-msd_dwimap.nii.gz
  [DONE] → sub-134091_ses-2_acq-1k3k64d_space-MNI152NLin2009cAsym_res-02_model-mapmri_param-msd_dwimap.nii.gz
  [PROC] sub-134091
sub-134091 ses-2
ses-2: sub-134091_ses-2_acq-1k3k64d_space-ACPC_model-mapmri_param-qiv_dwimap.nii.gz
  [DONE] → sub-134091_ses-2_acq-1k3k64d_space-MNI152NLin2009cAsym_res-02_model-mapmri_param-qiv_dwimap.nii.gz
  [PROC] sub-134091
sub-134091 ses-2
ses-2: sub-134091_ses-2_acq-1k3k64d_space-ACPC_model-mapmri_param-rtap_dwimap.nii.gz
  [DONE] → sub-134091_ses-2_acq-1k3k64d_space-MNI152NLin2009cAsym_res-02_model-mapmri_param-rtap_dwimap.nii.gz
  [PROC] sub-134091
sub-134091 ses-2
ses-2: sub-134091_ses-2_acq-1k3k64d_space-ACPC_model-mapmri_param-rtop_dwimap.nii.gz
  [DONE] → sub-134091_ses-2_acq-1k3k64d_space-MNI152NLin2009cAsym_res-02_model-mapmri_param-rtop_dwimap.nii.gz
  [PROC] sub-134091
sub-134091 ses-2
ses-2: sub-134091_ses-2_acq-1k3k64d_space-ACPC_model-mapmri_param-rtpp_dwimap.nii.gz
  [DONE] → sub-134091_ses-2_acq-1k3k64d_space-MNI152NLin2009cAsym_res-02_model-mapmri_param-rtpp_dwimap.nii.gz
  [PROC] sub-134091
sub-134091 ses-3
ses-3: sub-134091_ses-3_acq-1k3k64d_space-ACPC_model-mapmri_param-lapnorm_dwimap.nii.gz
  [DONE] → sub-134091_ses-3_acq-1k3k64d_space-MNI152NLin2009cAsym_res-02_model-mapmri_param-lapnorm_dwimap.nii.gz
  [PROC] sub-134091
sub-134091 ses-3
ses-3: sub-134091_ses-3_acq-1k3k64d_space-ACPC_model-mapmri_param-mapcoeffs_dwimap.nii.gz
  [DONE] → sub-134091_ses-3_acq-1k3k64d_space-MNI152NLin2009cAsym_res-02_model-mapmri_param-mapcoeffs_dwimap.nii.gz
  [PROC] sub-134091
sub-134091 ses-3
ses-3: sub-134091_ses-3_acq-1k3k64d_space-ACPC_model-mapmri_param-msd_dwimap.nii.gz
  [DONE] → sub-134091_ses-3_acq-1k3k64d_space-MNI152NLin2009cAsym_res-02_model-mapmri_param-msd_dwimap.nii.gz
  [PROC] sub-134091
sub-134091 ses-3
ses-3: sub-134091_ses-3_acq-1k3k64d_space-ACPC_model-mapmri_param-qiv_dwimap.nii.gz
  [DONE] → sub-134091_ses-3_acq-1k3k64d_space-MNI152NLin2009cAsym_res-02_model-mapmri_param-qiv_dwimap.nii.gz
  [PROC] sub-134091
sub-134091 ses-3
ses-3: sub-134091_ses-3_acq-1k3k64d_space-ACPC_model-mapmri_param-rtap_dwimap.nii.gz
  [DONE] → sub-134091_ses-3_acq-1k3k64d_space-MNI152NLin2009cAsym_res-02_model-mapmri_param-rtap_dwimap.nii.gz
  [PROC] sub-134091
sub-134091 ses-3
ses-3: sub-134091_ses-3_acq-1k3k64d_space-ACPC_model-mapmri_param-rtop_dwimap.nii.gz
  [DONE] → sub-134091_ses-3_acq-1k3k64d_space-MNI152NLin2009cAsym_res-02_model-mapmri_param-rtop_dwimap.nii.gz
  [PROC] sub-134091
sub-134091 ses-3
ses-3: sub-134091_ses-3_acq-1k3k64d_space-ACPC_model-mapmri_param-rtpp_dwimap.nii.gz
  [DONE] → sub-134091_ses-3_acq-1k3k64d_space-MNI152NLin2009cAsym_res-02_model-mapmri_param-rtpp_dwimap.nii.gz
  [PROC] sub-134092
sub-134092 ses-1
ses-1: sub-134092_ses-1_acq-1k3k64d_space-ACPC_model-mapmri_param-lapnorm_dwimap.nii.gz
  [DONE] → sub-134092_ses-1_acq-1k3k64d_space-MNI152NLin2009cAsym_res-02_model-mapmri_param-lapnorm_dwimap.nii.gz
  [PROC] sub-134092
sub-134092 ses-1
ses-1: sub-134092_ses-1_acq-1k3k64d_space-ACPC_model-mapmri_param-mapcoeffs_dwimap.nii.gz
  [DONE] → sub-134092_ses-1_acq-1k3k64d_space-MNI152NLin2009cAsym_res-02_model-mapmri_param-mapcoeffs_dwimap.nii.gz
  [PROC] sub-134092
sub-134092 ses-1
ses-1: sub-134092_ses-1_acq-1k3k64d_space-ACPC_model-mapmri_param-msd_dwimap.nii.gz
  [DONE] → sub-134092_ses-1_acq-1k3k64d_space-MNI152NLin2009cAsym_res-02_model-mapmri_param-msd_dwimap.nii.gz
  [PROC] sub-134092
sub-134092 ses-1
ses-1: sub-134092_ses-1_acq-1k3k64d_space-ACPC_model-mapmri_param-qiv_dwimap.nii.gz
  [DONE] → sub-134092_ses-1_acq-1k3k64d_space-MNI152NLin2009cAsym_res-02_model-mapmri_param-qiv_dwimap.nii.gz
  [PROC] sub-134092
sub-134092 ses-1
ses-1: sub-134092_ses-1_acq-1k3k64d_space-ACPC_model-mapmri_param-rtap_dwimap.nii.gz
  [DONE] → sub-134092_ses-1_acq-1k3k64d_space-MNI152NLin2009cAsym_res-02_model-mapmri_param-rtap_dwimap.nii.gz
  [PROC] sub-134092
sub-134092 ses-1
ses-1: sub-134092_ses-1_acq-1k3k64d_space-ACPC_model-mapmri_param-rtop_dwimap.nii.gz
  [DONE] → sub-134092_ses-1_acq-1k3k64d_space-MNI152NLin2009cAsym_res-02_model-mapmri_param-rtop_dwimap.nii.gz
  [PROC] sub-134092
sub-134092 ses-1
ses-1: sub-134092_ses-1_acq-1k3k64d_space-ACPC_model-mapmri_param-rtpp_dwimap.nii.gz
  [DONE] → sub-134092_ses-1_acq-1k3k64d_space-MNI152NLin2009cAsym_res-02_model-mapmri_param-rtpp_dwimap.nii.gz
  [PROC] sub-134092
sub-134092 ses-2
ses-2: sub-134092_ses-2_acq-1k3k64d_space-ACPC_model-mapmri_param-lapnorm_dwimap.nii.gz
  [DONE] → sub-134092_ses-2_acq-1k3k64d_space-MNI152NLin2009cAsym_res-02_model-mapmri_param-lapnorm_dwimap.nii.gz
  [PROC] sub-134092
sub-134092 ses-2
ses-2: sub-134092_ses-2_acq-1k3k64d_space-ACPC_model-mapmri_param-mapcoeffs_dwimap.nii.gz
  [DONE] → sub-134092_ses-2_acq-1k3k64d_space-MNI152NLin2009cAsym_res-02_model-mapmri_param-mapcoeffs_dwimap.nii.gz
  [PROC] sub-134092
sub-134092 ses-2
ses-2: sub-134092_ses-2_acq-1k3k64d_space-ACPC_model-mapmri_param-msd_dwimap.nii.gz
  [DONE] → sub-134092_ses-2_acq-1k3k64d_space-MNI152NLin2009cAsym_res-02_model-mapmri_param-msd_dwimap.nii.gz
  [PROC] sub-134092
sub-134092 ses-2
ses-2: sub-134092_ses-2_acq-1k3k64d_space-ACPC_model-mapmri_param-qiv_dwimap.nii.gz
  [DONE] → sub-134092_ses-2_acq-1k3k64d_space-MNI152NLin2009cAsym_res-02_model-mapmri_param-qiv_dwimap.nii.gz
  [PROC] sub-134092
sub-134092 ses-2
ses-2: sub-134092_ses-2_acq-1k3k64d_space-ACPC_model-mapmri_param-rtap_dwimap.nii.gz
  [DONE] → sub-134092_ses-2_acq-1k3k64d_space-MNI152NLin2009cAsym_res-02_model-mapmri_param-rtap_dwimap.nii.gz
  [PROC] sub-134092
sub-134092 ses-2
ses-2: sub-134092_ses-2_acq-1k3k64d_space-ACPC_model-mapmri_param-rtop_dwimap.nii.gz
  [DONE] → sub-134092_ses-2_acq-1k3k64d_space-MNI152NLin2009cAsym_res-02_model-mapmri_param-rtop_dwimap.nii.gz
  [PROC] sub-134092
sub-134092 ses-2
ses-2: sub-134092_ses-2_acq-1k3k64d_space-ACPC_model-mapmri_param-rtpp_dwimap.nii.gz
  [DONE] → sub-134092_ses-2_acq-1k3k64d_space-MNI152NLin2009cAsym_res-02_model-mapmri_param-rtpp_dwimap.nii.gz
  [PROC] sub-134092
sub-134092 ses-3
ses-3: sub-134092_ses-3_acq-1k3k64d_space-ACPC_model-mapmri_param-lapnorm_dwimap.nii.gz
  [DONE] → sub-134092_ses-3_acq-1k3k64d_space-MNI152NLin2009cAsym_res-02_model-mapmri_param-lapnorm_dwimap.nii.gz
  [PROC] sub-134092
sub-134092 ses-3
ses-3: sub-134092_ses-3_acq-1k3k64d_space-ACPC_model-mapmri_param-mapcoeffs_dwimap.nii.gz
  [DONE] → sub-134092_ses-3_acq-1k3k64d_space-MNI152NLin2009cAsym_res-02_model-mapmri_param-mapcoeffs_dwimap.nii.gz
  [PROC] sub-134092
sub-134092 ses-3
ses-3: sub-134092_ses-3_acq-1k3k64d_space-ACPC_model-mapmri_param-msd_dwimap.nii.gz
  [DONE] → sub-134092_ses-3_acq-1k3k64d_space-MNI152NLin2009cAsym_res-02_model-mapmri_param-msd_dwimap.nii.gz
  [PROC] sub-134092
sub-134092 ses-3
ses-3: sub-134092_ses-3_acq-1k3k64d_space-ACPC_model-mapmri_param-qiv_dwimap.nii.gz
  [DONE] → sub-134092_ses-3_acq-1k3k64d_space-MNI152NLin2009cAsym_res-02_model-mapmri_param-qiv_dwimap.nii.gz
  [PROC] sub-134092
sub-134092 ses-3
ses-3: sub-134092_ses-3_acq-1k3k64d_space-ACPC_model-mapmri_param-rtap_dwimap.nii.gz
  [DONE] → sub-134092_ses-3_acq-1k3k64d_space-MNI152NLin2009cAsym_res-02_model-mapmri_param-rtap_dwimap.nii.gz
  [PROC] sub-134092
sub-134092 ses-3
ses-3: sub-134092_ses-3_acq-1k3k64d_space-ACPC_model-mapmri_param-rtop_dwimap.nii.gz
  [DONE] → sub-134092_ses-3_acq-1k3k64d_space-MNI152NLin2009cAsym_res-02_model-mapmri_param-rtop_dwimap.nii.gz
  [PROC] sub-134092
sub-134092 ses-3
ses-3: sub-134092_ses-3_acq-1k3k64d_space-ACPC_model-mapmri_param-rtpp_dwimap.nii.gz
  [DONE] → sub-134092_ses-3_acq-1k3k64d_space-MNI152NLin2009cAsym_res-02_model-mapmri_param-rtpp_dwimap.nii.gz
  [PROC] sub-134093
sub-134093 ses-1
ses-1: sub-134093_ses-1_acq-1k3k64d_space-ACPC_model-mapmri_param-lapnorm_dwimap.nii.gz
  [DONE] → sub-134093_ses-1_acq-1k3k64d_space-MNI152NLin2009cAsym_res-02_model-mapmri_param-lapnorm_dwimap.nii.gz
  [PROC] sub-134093
sub-134093 ses-1
ses-1: sub-134093_ses-1_acq-1k3k64d_space-ACPC_model-mapmri_param-mapcoeffs_dwimap.nii.gz
  [DONE] → sub-134093_ses-1_acq-1k3k64d_space-MNI152NLin2009cAsym_res-02_model-mapmri_param-mapcoeffs_dwimap.nii.gz
  [PROC] sub-134093
sub-134093 ses-1
ses-1: sub-134093_ses-1_acq-1k3k64d_space-ACPC_model-mapmri_param-msd_dwimap.nii.gz
  [DONE] → sub-134093_ses-1_acq-1k3k64d_space-MNI152NLin2009cAsym_res-02_model-mapmri_param-msd_dwimap.nii.gz
  [PROC] sub-134093
sub-134093 ses-1
ses-1: sub-134093_ses-1_acq-1k3k64d_space-ACPC_model-mapmri_param-qiv_dwimap.nii.gz
  [DONE] → sub-134093_ses-1_acq-1k3k64d_space-MNI152NLin2009cAsym_res-02_model-mapmri_param-qiv_dwimap.nii.gz
  [PROC] sub-134093
sub-134093 ses-1
ses-1: sub-134093_ses-1_acq-1k3k64d_space-ACPC_model-mapmri_param-rtap_dwimap.nii.gz
  [DONE] → sub-134093_ses-1_acq-1k3k64d_space-MNI152NLin2009cAsym_res-02_model-mapmri_param-rtap_dwimap.nii.gz
  [PROC] sub-134093
sub-134093 ses-1
ses-1: sub-134093_ses-1_acq-1k3k64d_space-ACPC_model-mapmri_param-rtop_dwimap.nii.gz
  [DONE] → sub-134093_ses-1_acq-1k3k64d_space-MNI152NLin2009cAsym_res-02_model-mapmri_param-rtop_dwimap.nii.gz
  [PROC] sub-134093
sub-134093 ses-1
ses-1: sub-134093_ses-1_acq-1k3k64d_space-ACPC_model-mapmri_param-rtpp_dwimap.nii.gz
  [DONE] → sub-134093_ses-1_acq-1k3k64d_space-MNI152NLin2009cAsym_res-02_model-mapmri_param-rtpp_dwimap.nii.gz
  [PROC] sub-134093
sub-134093 ses-2
ses-2: sub-134093_ses-2_acq-1k3k64d_space-ACPC_model-mapmri_param-lapnorm_dwimap.nii.gz
  [DONE] → sub-134093_ses-2_acq-1k3k64d_space-MNI152NLin2009cAsym_res-02_model-mapmri_param-lapnorm_dwimap.nii.gz
  [PROC] sub-134093
sub-134093 ses-2
ses-2: sub-134093_ses-2_acq-1k3k64d_space-ACPC_model-mapmri_param-mapcoeffs_dwimap.nii.gz
  [DONE] → sub-134093_ses-2_acq-1k3k64d_space-MNI152NLin2009cAsym_res-02_model-mapmri_param-mapcoeffs_dwimap.nii.gz
  [PROC] sub-134093
sub-134093 ses-2
ses-2: sub-134093_ses-2_acq-1k3k64d_space-ACPC_model-mapmri_param-msd_dwimap.nii.gz
  [DONE] → sub-134093_ses-2_acq-1k3k64d_space-MNI152NLin2009cAsym_res-02_model-mapmri_param-msd_dwimap.nii.gz
  [PROC] sub-134093
sub-134093 ses-2
ses-2: sub-134093_ses-2_acq-1k3k64d_space-ACPC_model-mapmri_param-qiv_dwimap.nii.gz
  [DONE] → sub-134093_ses-2_acq-1k3k64d_space-MNI152NLin2009cAsym_res-02_model-mapmri_param-qiv_dwimap.nii.gz
  [PROC] sub-134093
sub-134093 ses-2
ses-2: sub-134093_ses-2_acq-1k3k64d_space-ACPC_model-mapmri_param-rtap_dwimap.nii.gz
  [DONE] → sub-134093_ses-2_acq-1k3k64d_space-MNI152NLin2009cAsym_res-02_model-mapmri_param-rtap_dwimap.nii.gz
  [PROC] sub-134093
sub-134093 ses-2
ses-2: sub-134093_ses-2_acq-1k3k64d_space-ACPC_model-mapmri_param-rtop_dwimap.nii.gz
  [DONE] → sub-134093_ses-2_acq-1k3k64d_space-MNI152NLin2009cAsym_res-02_model-mapmri_param-rtop_dwimap.nii.gz
  [PROC] sub-134093
sub-134093 ses-2
ses-2: sub-134093_ses-2_acq-1k3k64d_space-ACPC_model-mapmri_param-rtpp_dwimap.nii.gz
  [DONE] → sub-134093_ses-2_acq-1k3k64d_space-MNI152NLin2009cAsym_res-02_model-mapmri_param-rtpp_dwimap.nii.gz
  [PROC] sub-134094
sub-134094 ses-1
ses-1: sub-134094_ses-1_acq-1k3k64d_space-ACPC_model-mapmri_param-lapnorm_dwimap.nii.gz
  [DONE] → sub-134094_ses-1_acq-1k3k64d_space-MNI152NLin2009cAsym_res-02_model-mapmri_param-lapnorm_dwimap.nii.gz
  [PROC] sub-134094
sub-134094 ses-1
ses-1: sub-134094_ses-1_acq-1k3k64d_space-ACPC_model-mapmri_param-mapcoeffs_dwimap.nii.gz
  [DONE] → sub-134094_ses-1_acq-1k3k64d_space-MNI152NLin2009cAsym_res-02_model-mapmri_param-mapcoeffs_dwimap.nii.gz
  [PROC] sub-134094
sub-134094 ses-1
ses-1: sub-134094_ses-1_acq-1k3k64d_space-ACPC_model-mapmri_param-msd_dwimap.nii.gz
  [DONE] → sub-134094_ses-1_acq-1k3k64d_space-MNI152NLin2009cAsym_res-02_model-mapmri_param-msd_dwimap.nii.gz
  [PROC] sub-134094
sub-134094 ses-1
ses-1: sub-134094_ses-1_acq-1k3k64d_space-ACPC_model-mapmri_param-qiv_dwimap.nii.gz
  [DONE] → sub-134094_ses-1_acq-1k3k64d_space-MNI152NLin2009cAsym_res-02_model-mapmri_param-qiv_dwimap.nii.gz
  [PROC] sub-134094
sub-134094 ses-1
ses-1: sub-134094_ses-1_acq-1k3k64d_space-ACPC_model-mapmri_param-rtap_dwimap.nii.gz
  [DONE] → sub-134094_ses-1_acq-1k3k64d_space-MNI152NLin2009cAsym_res-02_model-mapmri_param-rtap_dwimap.nii.gz
  [PROC] sub-134094
sub-134094 ses-1
ses-1: sub-134094_ses-1_acq-1k3k64d_space-ACPC_model-mapmri_param-rtop_dwimap.nii.gz
  [DONE] → sub-134094_ses-1_acq-1k3k64d_space-MNI152NLin2009cAsym_res-02_model-mapmri_param-rtop_dwimap.nii.gz
  [PROC] sub-134094
sub-134094 ses-1
ses-1: sub-134094_ses-1_acq-1k3k64d_space-ACPC_model-mapmri_param-rtpp_dwimap.nii.gz
  [DONE] → sub-134094_ses-1_acq-1k3k64d_space-MNI152NLin2009cAsym_res-02_model-mapmri_param-rtpp_dwimap.nii.gz
  [PROC] sub-134095
sub-134095 ses-1
ses-1: sub-134095_ses-1_acq-1k3k64d_space-ACPC_model-mapmri_param-lapnorm_dwimap.nii.gz
  [DONE] → sub-134095_ses-1_acq-1k3k64d_space-MNI152NLin2009cAsym_res-02_model-mapmri_param-lapnorm_dwimap.nii.gz
  [PROC] sub-134095
sub-134095 ses-1
ses-1: sub-134095_ses-1_acq-1k3k64d_space-ACPC_model-mapmri_param-mapcoeffs_dwimap.nii.gz
  [DONE] → sub-134095_ses-1_acq-1k3k64d_space-MNI152NLin2009cAsym_res-02_model-mapmri_param-mapcoeffs_dwimap.nii.gz
  [PROC] sub-134095
sub-134095 ses-1
ses-1: sub-134095_ses-1_acq-1k3k64d_space-ACPC_model-mapmri_param-msd_dwimap.nii.gz
  [DONE] → sub-134095_ses-1_acq-1k3k64d_space-MNI152NLin2009cAsym_res-02_model-mapmri_param-msd_dwimap.nii.gz
  [PROC] sub-134095
sub-134095 ses-1
ses-1: sub-134095_ses-1_acq-1k3k64d_space-ACPC_model-mapmri_param-qiv_dwimap.nii.gz
  [DONE] → sub-134095_ses-1_acq-1k3k64d_space-MNI152NLin2009cAsym_res-02_model-mapmri_param-qiv_dwimap.nii.gz
  [PROC] sub-134095
sub-134095 ses-1
ses-1: sub-134095_ses-1_acq-1k3k64d_space-ACPC_model-mapmri_param-rtap_dwimap.nii.gz
  [DONE] → sub-134095_ses-1_acq-1k3k64d_space-MNI152NLin2009cAsym_res-02_model-mapmri_param-rtap_dwimap.nii.gz
  [PROC] sub-134095
sub-134095 ses-1
ses-1: sub-134095_ses-1_acq-1k3k64d_space-ACPC_model-mapmri_param-rtop_dwimap.nii.gz
  [DONE] → sub-134095_ses-1_acq-1k3k64d_space-MNI152NLin2009cAsym_res-02_model-mapmri_param-rtop_dwimap.nii.gz
  [PROC] sub-134095
sub-134095 ses-1
ses-1: sub-134095_ses-1_acq-1k3k64d_space-ACPC_model-mapmri_param-rtpp_dwimap.nii.gz
  [DONE] → sub-134095_ses-1_acq-1k3k64d_space-MNI152NLin2009cAsym_res-02_model-mapmri_param-rtpp_dwimap.nii.gz
  [PROC] sub-134095
sub-134095 ses-2
ses-2: sub-134095_ses-2_acq-1k3k64d_space-ACPC_model-mapmri_param-lapnorm_dwimap.nii.gz
  [DONE] → sub-134095_ses-2_acq-1k3k64d_space-MNI152NLin2009cAsym_res-02_model-mapmri_param-lapnorm_dwimap.nii.gz
  [PROC] sub-134095
sub-134095 ses-2
ses-2: sub-134095_ses-2_acq-1k3k64d_space-ACPC_model-mapmri_param-mapcoeffs_dwimap.nii.gz
  [DONE] → sub-134095_ses-2_acq-1k3k64d_space-MNI152NLin2009cAsym_res-02_model-mapmri_param-mapcoeffs_dwimap.nii.gz
  [PROC] sub-134095
sub-134095 ses-2
ses-2: sub-134095_ses-2_acq-1k3k64d_space-ACPC_model-mapmri_param-msd_dwimap.nii.gz
  [DONE] → sub-134095_ses-2_acq-1k3k64d_space-MNI152NLin2009cAsym_res-02_model-mapmri_param-msd_dwimap.nii.gz
  [PROC] sub-134095
sub-134095 ses-2
ses-2: sub-134095_ses-2_acq-1k3k64d_space-ACPC_model-mapmri_param-qiv_dwimap.nii.gz
  [DONE] → sub-134095_ses-2_acq-1k3k64d_space-MNI152NLin2009cAsym_res-02_model-mapmri_param-qiv_dwimap.nii.gz
  [PROC] sub-134095
sub-134095 ses-2
ses-2: sub-134095_ses-2_acq-1k3k64d_space-ACPC_model-mapmri_param-rtap_dwimap.nii.gz
  [DONE] → sub-134095_ses-2_acq-1k3k64d_space-MNI152NLin2009cAsym_res-02_model-mapmri_param-rtap_dwimap.nii.gz
  [PROC] sub-134095
sub-134095 ses-2
ses-2: sub-134095_ses-2_acq-1k3k64d_space-ACPC_model-mapmri_param-rtop_dwimap.nii.gz
  [DONE] → sub-134095_ses-2_acq-1k3k64d_space-MNI152NLin2009cAsym_res-02_model-mapmri_param-rtop_dwimap.nii.gz
  [PROC] sub-134095
sub-134095 ses-2
ses-2: sub-134095_ses-2_acq-1k3k64d_space-ACPC_model-mapmri_param-rtpp_dwimap.nii.gz
  [DONE] → sub-134095_ses-2_acq-1k3k64d_space-MNI152NLin2009cAsym_res-02_model-mapmri_param-rtpp_dwimap.nii.gz
  [PROC] sub-134095
sub-134095 ses-3
ses-3: sub-134095_ses-3_acq-1k3k64d_space-ACPC_model-mapmri_param-lapnorm_dwimap.nii.gz
  [DONE] → sub-134095_ses-3_acq-1k3k64d_space-MNI152NLin2009cAsym_res-02_model-mapmri_param-lapnorm_dwimap.nii.gz
  [PROC] sub-134095
sub-134095 ses-3
ses-3: sub-134095_ses-3_acq-1k3k64d_space-ACPC_model-mapmri_param-mapcoeffs_dwimap.nii.gz
  [DONE] → sub-134095_ses-3_acq-1k3k64d_space-MNI152NLin2009cAsym_res-02_model-mapmri_param-mapcoeffs_dwimap.nii.gz
  [PROC] sub-134095
sub-134095 ses-3
ses-3: sub-134095_ses-3_acq-1k3k64d_space-ACPC_model-mapmri_param-msd_dwimap.nii.gz
  [DONE] → sub-134095_ses-3_acq-1k3k64d_space-MNI152NLin2009cAsym_res-02_model-mapmri_param-msd_dwimap.nii.gz
  [PROC] sub-134095
sub-134095 ses-3
ses-3: sub-134095_ses-3_acq-1k3k64d_space-ACPC_model-mapmri_param-qiv_dwimap.nii.gz
  [DONE] → sub-134095_ses-3_acq-1k3k64d_space-MNI152NLin2009cAsym_res-02_model-mapmri_param-qiv_dwimap.nii.gz
  [PROC] sub-134095
sub-134095 ses-3
ses-3: sub-134095_ses-3_acq-1k3k64d_space-ACPC_model-mapmri_param-rtap_dwimap.nii.gz
  [DONE] → sub-134095_ses-3_acq-1k3k64d_space-MNI152NLin2009cAsym_res-02_model-mapmri_param-rtap_dwimap.nii.gz
  [PROC] sub-134095
sub-134095 ses-3
ses-3: sub-134095_ses-3_acq-1k3k64d_space-ACPC_model-mapmri_param-rtop_dwimap.nii.gz
  [DONE] → sub-134095_ses-3_acq-1k3k64d_space-MNI152NLin2009cAsym_res-02_model-mapmri_param-rtop_dwimap.nii.gz
  [PROC] sub-134095
sub-134095 ses-3
ses-3: sub-134095_ses-3_acq-1k3k64d_space-ACPC_model-mapmri_param-rtpp_dwimap.nii.gz
  [DONE] → sub-134095_ses-3_acq-1k3k64d_space-MNI152NLin2009cAsym_res-02_model-mapmri_param-rtpp_dwimap.nii.gz
  [PROC] sub-134096
sub-134096 ses-1
ses-1: sub-134096_ses-1_acq-1k3k64d_space-ACPC_model-mapmri_param-lapnorm_dwimap.nii.gz
  [DONE] → sub-134096_ses-1_acq-1k3k64d_space-MNI152NLin2009cAsym_res-02_model-mapmri_param-lapnorm_dwimap.nii.gz
  [PROC] sub-134096
sub-134096 ses-1
ses-1: sub-134096_ses-1_acq-1k3k64d_space-ACPC_model-mapmri_param-mapcoeffs_dwimap.nii.gz
  [DONE] → sub-134096_ses-1_acq-1k3k64d_space-MNI152NLin2009cAsym_res-02_model-mapmri_param-mapcoeffs_dwimap.nii.gz
  [PROC] sub-134096
sub-134096 ses-1
ses-1: sub-134096_ses-1_acq-1k3k64d_space-ACPC_model-mapmri_param-msd_dwimap.nii.gz
  [DONE] → sub-134096_ses-1_acq-1k3k64d_space-MNI152NLin2009cAsym_res-02_model-mapmri_param-msd_dwimap.nii.gz
  [PROC] sub-134096
sub-134096 ses-1
ses-1: sub-134096_ses-1_acq-1k3k64d_space-ACPC_model-mapmri_param-qiv_dwimap.nii.gz
  [DONE] → sub-134096_ses-1_acq-1k3k64d_space-MNI152NLin2009cAsym_res-02_model-mapmri_param-qiv_dwimap.nii.gz
  [PROC] sub-134096
sub-134096 ses-1
ses-1: sub-134096_ses-1_acq-1k3k64d_space-ACPC_model-mapmri_param-rtap_dwimap.nii.gz
  [DONE] → sub-134096_ses-1_acq-1k3k64d_space-MNI152NLin2009cAsym_res-02_model-mapmri_param-rtap_dwimap.nii.gz
  [PROC] sub-134096
sub-134096 ses-1
ses-1: sub-134096_ses-1_acq-1k3k64d_space-ACPC_model-mapmri_param-rtop_dwimap.nii.gz
  [DONE] → sub-134096_ses-1_acq-1k3k64d_space-MNI152NLin2009cAsym_res-02_model-mapmri_param-rtop_dwimap.nii.gz
  [PROC] sub-134096
sub-134096 ses-1
ses-1: sub-134096_ses-1_acq-1k3k64d_space-ACPC_model-mapmri_param-rtpp_dwimap.nii.gz
  [DONE] → sub-134096_ses-1_acq-1k3k64d_space-MNI152NLin2009cAsym_res-02_model-mapmri_param-rtpp_dwimap.nii.gz
  [PROC] sub-134096
sub-134096 ses-2
ses-2: sub-134096_ses-2_acq-1k3k64d_space-ACPC_model-mapmri_param-lapnorm_dwimap.nii.gz
  [DONE] → sub-134096_ses-2_acq-1k3k64d_space-MNI152NLin2009cAsym_res-02_model-mapmri_param-lapnorm_dwimap.nii.gz
  [PROC] sub-134096
sub-134096 ses-2
ses-2: sub-134096_ses-2_acq-1k3k64d_space-ACPC_model-mapmri_param-mapcoeffs_dwimap.nii.gz
  [DONE] → sub-134096_ses-2_acq-1k3k64d_space-MNI152NLin2009cAsym_res-02_model-mapmri_param-mapcoeffs_dwimap.nii.gz
  [PROC] sub-134096
sub-134096 ses-2
ses-2: sub-134096_ses-2_acq-1k3k64d_space-ACPC_model-mapmri_param-msd_dwimap.nii.gz
  [DONE] → sub-134096_ses-2_acq-1k3k64d_space-MNI152NLin2009cAsym_res-02_model-mapmri_param-msd_dwimap.nii.gz
  [PROC] sub-134096
sub-134096 ses-2
ses-2: sub-134096_ses-2_acq-1k3k64d_space-ACPC_model-mapmri_param-qiv_dwimap.nii.gz
  [DONE] → sub-134096_ses-2_acq-1k3k64d_space-MNI152NLin2009cAsym_res-02_model-mapmri_param-qiv_dwimap.nii.gz
  [PROC] sub-134096
sub-134096 ses-2
ses-2: sub-134096_ses-2_acq-1k3k64d_space-ACPC_model-mapmri_param-rtap_dwimap.nii.gz
  [DONE] → sub-134096_ses-2_acq-1k3k64d_space-MNI152NLin2009cAsym_res-02_model-mapmri_param-rtap_dwimap.nii.gz
  [PROC] sub-134096
sub-134096 ses-2
ses-2: sub-134096_ses-2_acq-1k3k64d_space-ACPC_model-mapmri_param-rtop_dwimap.nii.gz
  [DONE] → sub-134096_ses-2_acq-1k3k64d_space-MNI152NLin2009cAsym_res-02_model-mapmri_param-rtop_dwimap.nii.gz
  [PROC] sub-134096
sub-134096 ses-3
ses-3: sub-134096_ses-3_acq-1k3k64d_space-ACPC_model-mapmri_param-lapnorm_dwimap.nii.gz
  [DONE] → sub-134096_ses-3_acq-1k3k64d_space-MNI152NLin2009cAsym_res-02_model-mapmri_param-lapnorm_dwimap.nii.gz
  [PROC] sub-134096
sub-134096 ses-2
ses-2: sub-134096_ses-2_acq-1k3k64d_space-ACPC_model-mapmri_param-rtpp_dwimap.nii.gz
  [DONE] → sub-134096_ses-2_acq-1k3k64d_space-MNI152NLin2009cAsym_res-02_model-mapmri_param-rtpp_dwimap.nii.gz
  [PROC] sub-134096
sub-134096 ses-3
ses-3: sub-134096_ses-3_acq-1k3k64d_space-ACPC_model-mapmri_param-mapcoeffs_dwimap.nii.gz
  [DONE] → sub-134096_ses-3_acq-1k3k64d_space-MNI152NLin2009cAsym_res-02_model-mapmri_param-mapcoeffs_dwimap.nii.gz
  [PROC] sub-134096
sub-134096 ses-3
ses-3: sub-134096_ses-3_acq-1k3k64d_space-ACPC_model-mapmri_param-msd_dwimap.nii.gz
  [DONE] → sub-134096_ses-3_acq-1k3k64d_space-MNI152NLin2009cAsym_res-02_model-mapmri_param-msd_dwimap.nii.gz
  [PROC] sub-134096
sub-134096 ses-3
ses-3: sub-134096_ses-3_acq-1k3k64d_space-ACPC_model-mapmri_param-qiv_dwimap.nii.gz
  [DONE] → sub-134096_ses-3_acq-1k3k64d_space-MNI152NLin2009cAsym_res-02_model-mapmri_param-qiv_dwimap.nii.gz
  [PROC] sub-134096
sub-134096 ses-3
ses-3: sub-134096_ses-3_acq-1k3k64d_space-ACPC_model-mapmri_param-rtap_dwimap.nii.gz
  [DONE] → sub-134096_ses-3_acq-1k3k64d_space-MNI152NLin2009cAsym_res-02_model-mapmri_param-rtap_dwimap.nii.gz
  [PROC] sub-134096
sub-134096 ses-3
ses-3: sub-134096_ses-3_acq-1k3k64d_space-ACPC_model-mapmri_param-rtop_dwimap.nii.gz
  [DONE] → sub-134096_ses-3_acq-1k3k64d_space-MNI152NLin2009cAsym_res-02_model-mapmri_param-rtop_dwimap.nii.gz
  [PROC] sub-134096
sub-134096 ses-3
ses-3: sub-134096_ses-3_acq-1k3k64d_space-ACPC_model-mapmri_param-rtpp_dwimap.nii.gz
  [DONE] → sub-134096_ses-3_acq-1k3k64d_space-MNI152NLin2009cAsym_res-02_model-mapmri_param-rtpp_dwimap.nii.gz
  [PROC] sub-134097
sub-134097 ses-1
ses-1: sub-134097_ses-1_acq-1k3k64d_space-ACPC_model-mapmri_param-mapcoeffs_dwimap.nii.gz
  [DONE] → sub-134097_ses-1_acq-1k3k64d_space-MNI152NLin2009cAsym_res-02_model-mapmri_param-mapcoeffs_dwimap.nii.gz
  [PROC] sub-134097
sub-134097 ses-1
ses-1: sub-134097_ses-1_acq-1k3k64d_space-ACPC_model-mapmri_param-lapnorm_dwimap.nii.gz
  [DONE] → sub-134097_ses-1_acq-1k3k64d_space-MNI152NLin2009cAsym_res-02_model-mapmri_param-lapnorm_dwimap.nii.gz
  [PROC] sub-134097
sub-134097 ses-1
ses-1: sub-134097_ses-1_acq-1k3k64d_space-ACPC_model-mapmri_param-msd_dwimap.nii.gz
  [DONE] → sub-134097_ses-1_acq-1k3k64d_space-MNI152NLin2009cAsym_res-02_model-mapmri_param-msd_dwimap.nii.gz
  [PROC] sub-134097
sub-134097 ses-1
ses-1: sub-134097_ses-1_acq-1k3k64d_space-ACPC_model-mapmri_param-qiv_dwimap.nii.gz
  [DONE] → sub-134097_ses-1_acq-1k3k64d_space-MNI152NLin2009cAsym_res-02_model-mapmri_param-qiv_dwimap.nii.gz
  [PROC] sub-134097
sub-134097 ses-1
ses-1: sub-134097_ses-1_acq-1k3k64d_space-ACPC_model-mapmri_param-rtap_dwimap.nii.gz
  [DONE] → sub-134097_ses-1_acq-1k3k64d_space-MNI152NLin2009cAsym_res-02_model-mapmri_param-rtap_dwimap.nii.gz
  [PROC] sub-134097
sub-134097 ses-1
ses-1: sub-134097_ses-1_acq-1k3k64d_space-ACPC_model-mapmri_param-rtop_dwimap.nii.gz
  [DONE] → sub-134097_ses-1_acq-1k3k64d_space-MNI152NLin2009cAsym_res-02_model-mapmri_param-rtop_dwimap.nii.gz
  [PROC] sub-134097
sub-134097 ses-1
ses-1: sub-134097_ses-1_acq-1k3k64d_space-ACPC_model-mapmri_param-rtpp_dwimap.nii.gz
  [DONE] → sub-134097_ses-1_acq-1k3k64d_space-MNI152NLin2009cAsym_res-02_model-mapmri_param-rtpp_dwimap.nii.gz
  [PROC] sub-134097
sub-134097 ses-2
ses-2: sub-134097_ses-2_acq-1k3k64d_space-ACPC_model-mapmri_param-lapnorm_dwimap.nii.gz
  [DONE] → sub-134097_ses-2_acq-1k3k64d_space-MNI152NLin2009cAsym_res-02_model-mapmri_param-lapnorm_dwimap.nii.gz
  [PROC] sub-134097
sub-134097 ses-2
ses-2: sub-134097_ses-2_acq-1k3k64d_space-ACPC_model-mapmri_param-mapcoeffs_dwimap.nii.gz
  [DONE] → sub-134097_ses-2_acq-1k3k64d_space-MNI152NLin2009cAsym_res-02_model-mapmri_param-mapcoeffs_dwimap.nii.gz
  [PROC] sub-134097
sub-134097 ses-2
ses-2: sub-134097_ses-2_acq-1k3k64d_space-ACPC_model-mapmri_param-msd_dwimap.nii.gz
  [DONE] → sub-134097_ses-2_acq-1k3k64d_space-MNI152NLin2009cAsym_res-02_model-mapmri_param-msd_dwimap.nii.gz
  [PROC] sub-134097
sub-134097 ses-2
ses-2: sub-134097_ses-2_acq-1k3k64d_space-ACPC_model-mapmri_param-qiv_dwimap.nii.gz
  [DONE] → sub-134097_ses-2_acq-1k3k64d_space-MNI152NLin2009cAsym_res-02_model-mapmri_param-qiv_dwimap.nii.gz
  [PROC] sub-134097
sub-134097 ses-2
ses-2: sub-134097_ses-2_acq-1k3k64d_space-ACPC_model-mapmri_param-rtap_dwimap.nii.gz
  [DONE] → sub-134097_ses-2_acq-1k3k64d_space-MNI152NLin2009cAsym_res-02_model-mapmri_param-rtap_dwimap.nii.gz
  [PROC] sub-134097
sub-134097 ses-2
ses-2: sub-134097_ses-2_acq-1k3k64d_space-ACPC_model-mapmri_param-rtop_dwimap.nii.gz
  [DONE] → sub-134097_ses-2_acq-1k3k64d_space-MNI152NLin2009cAsym_res-02_model-mapmri_param-rtop_dwimap.nii.gz
  [PROC] sub-134097
sub-134097 ses-2
ses-2: sub-134097_ses-2_acq-1k3k64d_space-ACPC_model-mapmri_param-rtpp_dwimap.nii.gz
  [DONE] → sub-134097_ses-2_acq-1k3k64d_space-MNI152NLin2009cAsym_res-02_model-mapmri_param-rtpp_dwimap.nii.gz
  [PROC] sub-134097
sub-134097 ses-3
ses-3: sub-134097_ses-3_acq-1k3k64d_space-ACPC_model-mapmri_param-lapnorm_dwimap.nii.gz
  [DONE] → sub-134097_ses-3_acq-1k3k64d_space-MNI152NLin2009cAsym_res-02_model-mapmri_param-lapnorm_dwimap.nii.gz
  [PROC] sub-134097
sub-134097 ses-3
ses-3: sub-134097_ses-3_acq-1k3k64d_space-ACPC_model-mapmri_param-mapcoeffs_dwimap.nii.gz
  [DONE] → sub-134097_ses-3_acq-1k3k64d_space-MNI152NLin2009cAsym_res-02_model-mapmri_param-mapcoeffs_dwimap.nii.gz
  [PROC] sub-134097
sub-134097 ses-3
ses-3: sub-134097_ses-3_acq-1k3k64d_space-ACPC_model-mapmri_param-msd_dwimap.nii.gz
  [DONE] → sub-134097_ses-3_acq-1k3k64d_space-MNI152NLin2009cAsym_res-02_model-mapmri_param-msd_dwimap.nii.gz
  [PROC] sub-134097
sub-134097 ses-3
ses-3: sub-134097_ses-3_acq-1k3k64d_space-ACPC_model-mapmri_param-qiv_dwimap.nii.gz
  [DONE] → sub-134097_ses-3_acq-1k3k64d_space-MNI152NLin2009cAsym_res-02_model-mapmri_param-qiv_dwimap.nii.gz
  [PROC] sub-134097
sub-134097 ses-3
ses-3: sub-134097_ses-3_acq-1k3k64d_space-ACPC_model-mapmri_param-rtap_dwimap.nii.gz
  [DONE] → sub-134097_ses-3_acq-1k3k64d_space-MNI152NLin2009cAsym_res-02_model-mapmri_param-rtap_dwimap.nii.gz
  [PROC] sub-134097
sub-134097 ses-3
ses-3: sub-134097_ses-3_acq-1k3k64d_space-ACPC_model-mapmri_param-rtop_dwimap.nii.gz
  [DONE] → sub-134097_ses-3_acq-1k3k64d_space-MNI152NLin2009cAsym_res-02_model-mapmri_param-rtop_dwimap.nii.gz
  [PROC] sub-134097
sub-134097 ses-3
ses-3: sub-134097_ses-3_acq-1k3k64d_space-ACPC_model-mapmri_param-rtpp_dwimap.nii.gz
  [DONE] → sub-134097_ses-3_acq-1k3k64d_space-MNI152NLin2009cAsym_res-02_model-mapmri_param-rtpp_dwimap.nii.gz
  [PROC] sub-134098
sub-134098 ses-1
ses-1: sub-134098_ses-1_acq-1k3k64d_space-ACPC_model-mapmri_param-lapnorm_dwimap.nii.gz
  [DONE] → sub-134098_ses-1_acq-1k3k64d_space-MNI152NLin2009cAsym_res-02_model-mapmri_param-lapnorm_dwimap.nii.gz
  [PROC] sub-134098
sub-134098 ses-1
ses-1: sub-134098_ses-1_acq-1k3k64d_space-ACPC_model-mapmri_param-mapcoeffs_dwimap.nii.gz
  [DONE] → sub-134098_ses-1_acq-1k3k64d_space-MNI152NLin2009cAsym_res-02_model-mapmri_param-mapcoeffs_dwimap.nii.gz
  [PROC] sub-134098
sub-134098 ses-1
ses-1: sub-134098_ses-1_acq-1k3k64d_space-ACPC_model-mapmri_param-msd_dwimap.nii.gz
  [DONE] → sub-134098_ses-1_acq-1k3k64d_space-MNI152NLin2009cAsym_res-02_model-mapmri_param-msd_dwimap.nii.gz
  [PROC] sub-134098
sub-134098 ses-1
ses-1: sub-134098_ses-1_acq-1k3k64d_space-ACPC_model-mapmri_param-rtap_dwimap.nii.gz
  [DONE] → sub-134098_ses-1_acq-1k3k64d_space-MNI152NLin2009cAsym_res-02_model-mapmri_param-rtap_dwimap.nii.gz
  [PROC] sub-134098
sub-134098 ses-1
ses-1: sub-134098_ses-1_acq-1k3k64d_space-ACPC_model-mapmri_param-rtop_dwimap.nii.gz
  [DONE] → sub-134098_ses-1_acq-1k3k64d_space-MNI152NLin2009cAsym_res-02_model-mapmri_param-rtop_dwimap.nii.gz
  [PROC] sub-134098
sub-134098 ses-1
ses-1: sub-134098_ses-1_acq-1k3k64d_space-ACPC_model-mapmri_param-qiv_dwimap.nii.gz
  [DONE] → sub-134098_ses-1_acq-1k3k64d_space-MNI152NLin2009cAsym_res-02_model-mapmri_param-qiv_dwimap.nii.gz
  [PROC] sub-134098
sub-134098 ses-1
ses-1: sub-134098_ses-1_acq-1k3k64d_space-ACPC_model-mapmri_param-rtpp_dwimap.nii.gz
  [DONE] → sub-134098_ses-1_acq-1k3k64d_space-MNI152NLin2009cAsym_res-02_model-mapmri_param-rtpp_dwimap.nii.gz
  [PROC] sub-134098
sub-134098 ses-2
ses-2: sub-134098_ses-2_acq-1k3k64d_space-ACPC_model-mapmri_param-lapnorm_dwimap.nii.gz
  [DONE] → sub-134098_ses-2_acq-1k3k64d_space-MNI152NLin2009cAsym_res-02_model-mapmri_param-lapnorm_dwimap.nii.gz
  [PROC] sub-134098
sub-134098 ses-2
ses-2: sub-134098_ses-2_acq-1k3k64d_space-ACPC_model-mapmri_param-mapcoeffs_dwimap.nii.gz
  [DONE] → sub-134098_ses-2_acq-1k3k64d_space-MNI152NLin2009cAsym_res-02_model-mapmri_param-mapcoeffs_dwimap.nii.gz
  [PROC] sub-134098
sub-134098 ses-2
ses-2: sub-134098_ses-2_acq-1k3k64d_space-ACPC_model-mapmri_param-msd_dwimap.nii.gz
  [DONE] → sub-134098_ses-2_acq-1k3k64d_space-MNI152NLin2009cAsym_res-02_model-mapmri_param-msd_dwimap.nii.gz
  [PROC] sub-134098
sub-134098 ses-2
ses-2: sub-134098_ses-2_acq-1k3k64d_space-ACPC_model-mapmri_param-qiv_dwimap.nii.gz
  [DONE] → sub-134098_ses-2_acq-1k3k64d_space-MNI152NLin2009cAsym_res-02_model-mapmri_param-qiv_dwimap.nii.gz
  [PROC] sub-134098
sub-134098 ses-2
ses-2: sub-134098_ses-2_acq-1k3k64d_space-ACPC_model-mapmri_param-rtap_dwimap.nii.gz
  [DONE] → sub-134098_ses-2_acq-1k3k64d_space-MNI152NLin2009cAsym_res-02_model-mapmri_param-rtap_dwimap.nii.gz
  [PROC] sub-134098
sub-134098 ses-2
ses-2: sub-134098_ses-2_acq-1k3k64d_space-ACPC_model-mapmri_param-rtop_dwimap.nii.gz
  [DONE] → sub-134098_ses-2_acq-1k3k64d_space-MNI152NLin2009cAsym_res-02_model-mapmri_param-rtop_dwimap.nii.gz
  [PROC] sub-134098
sub-134098 ses-2
ses-2: sub-134098_ses-2_acq-1k3k64d_space-ACPC_model-mapmri_param-rtpp_dwimap.nii.gz
  [DONE] → sub-134098_ses-2_acq-1k3k64d_space-MNI152NLin2009cAsym_res-02_model-mapmri_param-rtpp_dwimap.nii.gz
  [PROC] sub-134098
sub-134098 ses-3
ses-3: sub-134098_ses-3_acq-1k3k64d_space-ACPC_model-mapmri_param-lapnorm_dwimap.nii.gz
  [DONE] → sub-134098_ses-3_acq-1k3k64d_space-MNI152NLin2009cAsym_res-02_model-mapmri_param-lapnorm_dwimap.nii.gz
  [PROC] sub-134098
sub-134098 ses-3
ses-3: sub-134098_ses-3_acq-1k3k64d_space-ACPC_model-mapmri_param-mapcoeffs_dwimap.nii.gz
  [DONE] → sub-134098_ses-3_acq-1k3k64d_space-MNI152NLin2009cAsym_res-02_model-mapmri_param-mapcoeffs_dwimap.nii.gz
  [PROC] sub-134098
sub-134098 ses-3
ses-3: sub-134098_ses-3_acq-1k3k64d_space-ACPC_model-mapmri_param-msd_dwimap.nii.gz
  [DONE] → sub-134098_ses-3_acq-1k3k64d_space-MNI152NLin2009cAsym_res-02_model-mapmri_param-msd_dwimap.nii.gz
  [PROC] sub-134098
sub-134098 ses-3
ses-3: sub-134098_ses-3_acq-1k3k64d_space-ACPC_model-mapmri_param-qiv_dwimap.nii.gz
  [DONE] → sub-134098_ses-3_acq-1k3k64d_space-MNI152NLin2009cAsym_res-02_model-mapmri_param-qiv_dwimap.nii.gz
  [PROC] sub-134098
sub-134098 ses-3
ses-3: sub-134098_ses-3_acq-1k3k64d_space-ACPC_model-mapmri_param-rtap_dwimap.nii.gz
  [DONE] → sub-134098_ses-3_acq-1k3k64d_space-MNI152NLin2009cAsym_res-02_model-mapmri_param-rtap_dwimap.nii.gz
  [PROC] sub-134098
sub-134098 ses-3
ses-3: sub-134098_ses-3_acq-1k3k64d_space-ACPC_model-mapmri_param-rtop_dwimap.nii.gz
  [DONE] → sub-134098_ses-3_acq-1k3k64d_space-MNI152NLin2009cAsym_res-02_model-mapmri_param-rtop_dwimap.nii.gz
  [PROC] sub-134098
sub-134098 ses-3
ses-3: sub-134098_ses-3_acq-1k3k64d_space-ACPC_model-mapmri_param-rtpp_dwimap.nii.gz
  [DONE] → sub-134098_ses-3_acq-1k3k64d_space-MNI152NLin2009cAsym_res-02_model-mapmri_param-rtpp_dwimap.nii.gz
  [PROC] sub-134099
sub-134099 ses-1
ses-1: sub-134099_ses-1_acq-1k3k64d_space-ACPC_model-mapmri_param-lapnorm_dwimap.nii.gz
  [DONE] → sub-134099_ses-1_acq-1k3k64d_space-MNI152NLin2009cAsym_res-02_model-mapmri_param-lapnorm_dwimap.nii.gz
  [PROC] sub-134099
sub-134099 ses-1
ses-1: sub-134099_ses-1_acq-1k3k64d_space-ACPC_model-mapmri_param-mapcoeffs_dwimap.nii.gz
  [DONE] → sub-134099_ses-1_acq-1k3k64d_space-MNI152NLin2009cAsym_res-02_model-mapmri_param-mapcoeffs_dwimap.nii.gz
  [PROC] sub-134099
sub-134099 ses-1
ses-1: sub-134099_ses-1_acq-1k3k64d_space-ACPC_model-mapmri_param-msd_dwimap.nii.gz
  [DONE] → sub-134099_ses-1_acq-1k3k64d_space-MNI152NLin2009cAsym_res-02_model-mapmri_param-msd_dwimap.nii.gz
  [PROC] sub-134099
sub-134099 ses-1
ses-1: sub-134099_ses-1_acq-1k3k64d_space-ACPC_model-mapmri_param-qiv_dwimap.nii.gz
  [DONE] → sub-134099_ses-1_acq-1k3k64d_space-MNI152NLin2009cAsym_res-02_model-mapmri_param-qiv_dwimap.nii.gz
  [PROC] sub-134099
sub-134099 ses-1
ses-1: sub-134099_ses-1_acq-1k3k64d_space-ACPC_model-mapmri_param-rtap_dwimap.nii.gz
  [DONE] → sub-134099_ses-1_acq-1k3k64d_space-MNI152NLin2009cAsym_res-02_model-mapmri_param-rtap_dwimap.nii.gz
  [PROC] sub-134099
sub-134099 ses-1
ses-1: sub-134099_ses-1_acq-1k3k64d_space-ACPC_model-mapmri_param-rtop_dwimap.nii.gz
  [DONE] → sub-134099_ses-1_acq-1k3k64d_space-MNI152NLin2009cAsym_res-02_model-mapmri_param-rtop_dwimap.nii.gz
  [PROC] sub-134099
sub-134099 ses-1
ses-1: sub-134099_ses-1_acq-1k3k64d_space-ACPC_model-mapmri_param-rtpp_dwimap.nii.gz
  [DONE] → sub-134099_ses-1_acq-1k3k64d_space-MNI152NLin2009cAsym_res-02_model-mapmri_param-rtpp_dwimap.nii.gz
  [PROC] sub-134099
sub-134099 ses-2
ses-2: sub-134099_ses-2_acq-1k3k64d_space-ACPC_model-mapmri_param-lapnorm_dwimap.nii.gz
  [DONE] → sub-134099_ses-2_acq-1k3k64d_space-MNI152NLin2009cAsym_res-02_model-mapmri_param-lapnorm_dwimap.nii.gz
  [PROC] sub-134099
sub-134099 ses-2
ses-2: sub-134099_ses-2_acq-1k3k64d_space-ACPC_model-mapmri_param-mapcoeffs_dwimap.nii.gz
  [DONE] → sub-134099_ses-2_acq-1k3k64d_space-MNI152NLin2009cAsym_res-02_model-mapmri_param-mapcoeffs_dwimap.nii.gz
  [PROC] sub-134099
sub-134099 ses-2
ses-2: sub-134099_ses-2_acq-1k3k64d_space-ACPC_model-mapmri_param-msd_dwimap.nii.gz
  [DONE] → sub-134099_ses-2_acq-1k3k64d_space-MNI152NLin2009cAsym_res-02_model-mapmri_param-msd_dwimap.nii.gz
  [PROC] sub-134099
sub-134099 ses-2
ses-2: sub-134099_ses-2_acq-1k3k64d_space-ACPC_model-mapmri_param-qiv_dwimap.nii.gz
  [DONE] → sub-134099_ses-2_acq-1k3k64d_space-MNI152NLin2009cAsym_res-02_model-mapmri_param-qiv_dwimap.nii.gz
  [PROC] sub-134099
sub-134099 ses-2
ses-2: sub-134099_ses-2_acq-1k3k64d_space-ACPC_model-mapmri_param-rtap_dwimap.nii.gz
  [DONE] → sub-134099_ses-2_acq-1k3k64d_space-MNI152NLin2009cAsym_res-02_model-mapmri_param-rtap_dwimap.nii.gz
  [PROC] sub-134099
sub-134099 ses-2
ses-2: sub-134099_ses-2_acq-1k3k64d_space-ACPC_model-mapmri_param-rtop_dwimap.nii.gz
  [DONE] → sub-134099_ses-2_acq-1k3k64d_space-MNI152NLin2009cAsym_res-02_model-mapmri_param-rtop_dwimap.nii.gz
  [PROC] sub-134099
sub-134099 ses-2
ses-2: sub-134099_ses-2_acq-1k3k64d_space-ACPC_model-mapmri_param-rtpp_dwimap.nii.gz
  [DONE] → sub-134099_ses-2_acq-1k3k64d_space-MNI152NLin2009cAsym_res-02_model-mapmri_param-rtpp_dwimap.nii.gz
  [PROC] sub-134099
sub-134099 ses-3
ses-3: sub-134099_ses-3_acq-1k3k64d_space-ACPC_model-mapmri_param-lapnorm_dwimap.nii.gz
  [DONE] → sub-134099_ses-3_acq-1k3k64d_space-MNI152NLin2009cAsym_res-02_model-mapmri_param-lapnorm_dwimap.nii.gz
  [PROC] sub-134099
sub-134099 ses-3
ses-3: sub-134099_ses-3_acq-1k3k64d_space-ACPC_model-mapmri_param-mapcoeffs_dwimap.nii.gz
  [DONE] → sub-134099_ses-3_acq-1k3k64d_space-MNI152NLin2009cAsym_res-02_model-mapmri_param-mapcoeffs_dwimap.nii.gz
  [PROC] sub-134099
sub-134099 ses-3
ses-3: sub-134099_ses-3_acq-1k3k64d_space-ACPC_model-mapmri_param-msd_dwimap.nii.gz
  [DONE] → sub-134099_ses-3_acq-1k3k64d_space-MNI152NLin2009cAsym_res-02_model-mapmri_param-msd_dwimap.nii.gz
  [PROC] sub-134099
sub-134099 ses-3
ses-3: sub-134099_ses-3_acq-1k3k64d_space-ACPC_model-mapmri_param-qiv_dwimap.nii.gz
  [DONE] → sub-134099_ses-3_acq-1k3k64d_space-MNI152NLin2009cAsym_res-02_model-mapmri_param-qiv_dwimap.nii.gz
  [PROC] sub-134099
sub-134099 ses-3
ses-3: sub-134099_ses-3_acq-1k3k64d_space-ACPC_model-mapmri_param-rtap_dwimap.nii.gz
  [DONE] → sub-134099_ses-3_acq-1k3k64d_space-MNI152NLin2009cAsym_res-02_model-mapmri_param-rtap_dwimap.nii.gz
  [PROC] sub-134099
sub-134099 ses-3
ses-3: sub-134099_ses-3_acq-1k3k64d_space-ACPC_model-mapmri_param-rtop_dwimap.nii.gz
  [DONE] → sub-134099_ses-3_acq-1k3k64d_space-MNI152NLin2009cAsym_res-02_model-mapmri_param-rtop_dwimap.nii.gz
  [PROC] sub-134099
sub-134099 ses-3
ses-3: sub-134099_ses-3_acq-1k3k64d_space-ACPC_model-mapmri_param-rtpp_dwimap.nii.gz
  [DONE] → sub-134099_ses-3_acq-1k3k64d_space-MNI152NLin2009cAsym_res-02_model-mapmri_param-rtpp_dwimap.nii.gz
  [PROC] sub-134100
sub-134100 ses-1
ses-1: sub-134100_ses-1_acq-1k3k64d_space-ACPC_model-mapmri_param-lapnorm_dwimap.nii.gz
  [DONE] → sub-134100_ses-1_acq-1k3k64d_space-MNI152NLin2009cAsym_res-02_model-mapmri_param-lapnorm_dwimap.nii.gz
  [PROC] sub-134100
sub-134100 ses-1
ses-1: sub-134100_ses-1_acq-1k3k64d_space-ACPC_model-mapmri_param-mapcoeffs_dwimap.nii.gz
  [DONE] → sub-134100_ses-1_acq-1k3k64d_space-MNI152NLin2009cAsym_res-02_model-mapmri_param-mapcoeffs_dwimap.nii.gz
  [PROC] sub-134100
sub-134100 ses-1
ses-1: sub-134100_ses-1_acq-1k3k64d_space-ACPC_model-mapmri_param-msd_dwimap.nii.gz
  [DONE] → sub-134100_ses-1_acq-1k3k64d_space-MNI152NLin2009cAsym_res-02_model-mapmri_param-msd_dwimap.nii.gz
  [PROC] sub-134100
sub-134100 ses-1
ses-1: sub-134100_ses-1_acq-1k3k64d_space-ACPC_model-mapmri_param-qiv_dwimap.nii.gz
  [DONE] → sub-134100_ses-1_acq-1k3k64d_space-MNI152NLin2009cAsym_res-02_model-mapmri_param-qiv_dwimap.nii.gz
  [PROC] sub-134100
sub-134100 ses-1
ses-1: sub-134100_ses-1_acq-1k3k64d_space-ACPC_model-mapmri_param-rtap_dwimap.nii.gz
  [DONE] → sub-134100_ses-1_acq-1k3k64d_space-MNI152NLin2009cAsym_res-02_model-mapmri_param-rtap_dwimap.nii.gz
  [PROC] sub-134100
sub-134100 ses-1
ses-1: sub-134100_ses-1_acq-1k3k64d_space-ACPC_model-mapmri_param-rtop_dwimap.nii.gz
  [DONE] → sub-134100_ses-1_acq-1k3k64d_space-MNI152NLin2009cAsym_res-02_model-mapmri_param-rtop_dwimap.nii.gz
  [PROC] sub-134100
sub-134100 ses-1
ses-1: sub-134100_ses-1_acq-1k3k64d_space-ACPC_model-mapmri_param-rtpp_dwimap.nii.gz
  [DONE] → sub-134100_ses-1_acq-1k3k64d_space-MNI152NLin2009cAsym_res-02_model-mapmri_param-rtpp_dwimap.nii.gz
  [PROC] sub-134100
sub-134100 ses-2
ses-2: sub-134100_ses-2_acq-1k3k64d_space-ACPC_model-mapmri_param-lapnorm_dwimap.nii.gz
  [DONE] → sub-134100_ses-2_acq-1k3k64d_space-MNI152NLin2009cAsym_res-02_model-mapmri_param-lapnorm_dwimap.nii.gz
  [PROC] sub-134100
sub-134100 ses-2
ses-2: sub-134100_ses-2_acq-1k3k64d_space-ACPC_model-mapmri_param-mapcoeffs_dwimap.nii.gz
  [DONE] → sub-134100_ses-2_acq-1k3k64d_space-MNI152NLin2009cAsym_res-02_model-mapmri_param-mapcoeffs_dwimap.nii.gz
  [PROC] sub-134100
sub-134100 ses-2
ses-2: sub-134100_ses-2_acq-1k3k64d_space-ACPC_model-mapmri_param-msd_dwimap.nii.gz
  [DONE] → sub-134100_ses-2_acq-1k3k64d_space-MNI152NLin2009cAsym_res-02_model-mapmri_param-msd_dwimap.nii.gz
  [PROC] sub-134100
sub-134100 ses-2
ses-2: sub-134100_ses-2_acq-1k3k64d_space-ACPC_model-mapmri_param-qiv_dwimap.nii.gz
  [DONE] → sub-134100_ses-2_acq-1k3k64d_space-MNI152NLin2009cAsym_res-02_model-mapmri_param-qiv_dwimap.nii.gz
  [PROC] sub-134100
sub-134100 ses-2
ses-2: sub-134100_ses-2_acq-1k3k64d_space-ACPC_model-mapmri_param-rtap_dwimap.nii.gz
  [DONE] → sub-134100_ses-2_acq-1k3k64d_space-MNI152NLin2009cAsym_res-02_model-mapmri_param-rtap_dwimap.nii.gz
  [PROC] sub-134100
sub-134100 ses-2
ses-2: sub-134100_ses-2_acq-1k3k64d_space-ACPC_model-mapmri_param-rtop_dwimap.nii.gz
  [DONE] → sub-134100_ses-2_acq-1k3k64d_space-MNI152NLin2009cAsym_res-02_model-mapmri_param-rtop_dwimap.nii.gz
  [PROC] sub-134100
sub-134100 ses-2
ses-2: sub-134100_ses-2_acq-1k3k64d_space-ACPC_model-mapmri_param-rtpp_dwimap.nii.gz
  [DONE] → sub-134100_ses-2_acq-1k3k64d_space-MNI152NLin2009cAsym_res-02_model-mapmri_param-rtpp_dwimap.nii.gz
  [PROC] sub-134100
sub-134100 ses-3
ses-3: sub-134100_ses-3_acq-1k3k64d_space-ACPC_model-mapmri_param-lapnorm_dwimap.nii.gz
  [DONE] → sub-134100_ses-3_acq-1k3k64d_space-MNI152NLin2009cAsym_res-02_model-mapmri_param-lapnorm_dwimap.nii.gz
  [PROC] sub-134100
sub-134100 ses-3
ses-3: sub-134100_ses-3_acq-1k3k64d_space-ACPC_model-mapmri_param-mapcoeffs_dwimap.nii.gz
  [DONE] → sub-134100_ses-3_acq-1k3k64d_space-MNI152NLin2009cAsym_res-02_model-mapmri_param-mapcoeffs_dwimap.nii.gz
  [PROC] sub-134100
sub-134100 ses-3
ses-3: sub-134100_ses-3_acq-1k3k64d_space-ACPC_model-mapmri_param-msd_dwimap.nii.gz
  [DONE] → sub-134100_ses-3_acq-1k3k64d_space-MNI152NLin2009cAsym_res-02_model-mapmri_param-msd_dwimap.nii.gz
  [PROC] sub-134100
sub-134100 ses-3
ses-3: sub-134100_ses-3_acq-1k3k64d_space-ACPC_model-mapmri_param-qiv_dwimap.nii.gz
  [DONE] → sub-134100_ses-3_acq-1k3k64d_space-MNI152NLin2009cAsym_res-02_model-mapmri_param-qiv_dwimap.nii.gz
  [PROC] sub-134100
sub-134100 ses-3
ses-3: sub-134100_ses-3_acq-1k3k64d_space-ACPC_model-mapmri_param-rtap_dwimap.nii.gz
  [DONE] → sub-134100_ses-3_acq-1k3k64d_space-MNI152NLin2009cAsym_res-02_model-mapmri_param-rtap_dwimap.nii.gz
  [PROC] sub-134100
sub-134100 ses-3
ses-3: sub-134100_ses-3_acq-1k3k64d_space-ACPC_model-mapmri_param-rtop_dwimap.nii.gz
  [DONE] → sub-134100_ses-3_acq-1k3k64d_space-MNI152NLin2009cAsym_res-02_model-mapmri_param-rtop_dwimap.nii.gz
  [PROC] sub-134100
sub-134100 ses-3
ses-3: sub-134100_ses-3_acq-1k3k64d_space-ACPC_model-mapmri_param-rtpp_dwimap.nii.gz
  [DONE] → sub-134100_ses-3_acq-1k3k64d_space-MNI152NLin2009cAsym_res-02_model-mapmri_param-rtpp_dwimap.nii.gz
  [PROC] sub-134101
sub-134101 ses-1
ses-1: sub-134101_ses-1_acq-1k3k64d_space-ACPC_model-mapmri_param-lapnorm_dwimap.nii.gz
  [DONE] → sub-134101_ses-1_acq-1k3k64d_space-MNI152NLin2009cAsym_res-02_model-mapmri_param-lapnorm_dwimap.nii.gz
  [PROC] sub-134101
sub-134101 ses-1
ses-1: sub-134101_ses-1_acq-1k3k64d_space-ACPC_model-mapmri_param-mapcoeffs_dwimap.nii.gz
  [DONE] → sub-134101_ses-1_acq-1k3k64d_space-MNI152NLin2009cAsym_res-02_model-mapmri_param-mapcoeffs_dwimap.nii.gz
  [PROC] sub-134101
sub-134101 ses-1
ses-1: sub-134101_ses-1_acq-1k3k64d_space-ACPC_model-mapmri_param-msd_dwimap.nii.gz
  [DONE] → sub-134101_ses-1_acq-1k3k64d_space-MNI152NLin2009cAsym_res-02_model-mapmri_param-msd_dwimap.nii.gz
  [PROC] sub-134101
sub-134101 ses-1
ses-1: sub-134101_ses-1_acq-1k3k64d_space-ACPC_model-mapmri_param-qiv_dwimap.nii.gz
  [DONE] → sub-134101_ses-1_acq-1k3k64d_space-MNI152NLin2009cAsym_res-02_model-mapmri_param-qiv_dwimap.nii.gz
  [PROC] sub-134101
sub-134101 ses-1
ses-1: sub-134101_ses-1_acq-1k3k64d_space-ACPC_model-mapmri_param-rtap_dwimap.nii.gz
  [DONE] → sub-134101_ses-1_acq-1k3k64d_space-MNI152NLin2009cAsym_res-02_model-mapmri_param-rtap_dwimap.nii.gz
  [PROC] sub-134101
sub-134101 ses-1
ses-1: sub-134101_ses-1_acq-1k3k64d_space-ACPC_model-mapmri_param-rtop_dwimap.nii.gz
  [DONE] → sub-134101_ses-1_acq-1k3k64d_space-MNI152NLin2009cAsym_res-02_model-mapmri_param-rtop_dwimap.nii.gz
  [PROC] sub-134101
sub-134101 ses-1
ses-1: sub-134101_ses-1_acq-1k3k64d_space-ACPC_model-mapmri_param-rtpp_dwimap.nii.gz
  [DONE] → sub-134101_ses-1_acq-1k3k64d_space-MNI152NLin2009cAsym_res-02_model-mapmri_param-rtpp_dwimap.nii.gz
  [PROC] sub-134101
sub-134101 ses-2
ses-2: sub-134101_ses-2_acq-1k3k64d_space-ACPC_model-mapmri_param-lapnorm_dwimap.nii.gz
  [DONE] → sub-134101_ses-2_acq-1k3k64d_space-MNI152NLin2009cAsym_res-02_model-mapmri_param-lapnorm_dwimap.nii.gz
  [PROC] sub-134101
sub-134101 ses-2
ses-2: sub-134101_ses-2_acq-1k3k64d_space-ACPC_model-mapmri_param-mapcoeffs_dwimap.nii.gz
  [DONE] → sub-134101_ses-2_acq-1k3k64d_space-MNI152NLin2009cAsym_res-02_model-mapmri_param-mapcoeffs_dwimap.nii.gz
  [PROC] sub-134101
sub-134101 ses-2
ses-2: sub-134101_ses-2_acq-1k3k64d_space-ACPC_model-mapmri_param-msd_dwimap.nii.gz
  [DONE] → sub-134101_ses-2_acq-1k3k64d_space-MNI152NLin2009cAsym_res-02_model-mapmri_param-msd_dwimap.nii.gz
  [PROC] sub-134101
sub-134101 ses-2
ses-2: sub-134101_ses-2_acq-1k3k64d_space-ACPC_model-mapmri_param-qiv_dwimap.nii.gz
  [DONE] → sub-134101_ses-2_acq-1k3k64d_space-MNI152NLin2009cAsym_res-02_model-mapmri_param-qiv_dwimap.nii.gz
  [PROC] sub-134101
sub-134101 ses-2
ses-2: sub-134101_ses-2_acq-1k3k64d_space-ACPC_model-mapmri_param-rtap_dwimap.nii.gz
  [DONE] → sub-134101_ses-2_acq-1k3k64d_space-MNI152NLin2009cAsym_res-02_model-mapmri_param-rtap_dwimap.nii.gz
  [PROC] sub-134101
sub-134101 ses-2
ses-2: sub-134101_ses-2_acq-1k3k64d_space-ACPC_model-mapmri_param-rtop_dwimap.nii.gz
  [DONE] → sub-134101_ses-2_acq-1k3k64d_space-MNI152NLin2009cAsym_res-02_model-mapmri_param-rtop_dwimap.nii.gz
  [PROC] sub-134101
sub-134101 ses-2
ses-2: sub-134101_ses-2_acq-1k3k64d_space-ACPC_model-mapmri_param-rtpp_dwimap.nii.gz
  [DONE] → sub-134101_ses-2_acq-1k3k64d_space-MNI152NLin2009cAsym_res-02_model-mapmri_param-rtpp_dwimap.nii.gz
  [PROC] sub-134102
sub-134102 ses-1
ses-1: sub-134102_ses-1_acq-1k3k64d_space-ACPC_model-mapmri_param-lapnorm_dwimap.nii.gz
  [DONE] → sub-134102_ses-1_acq-1k3k64d_space-MNI152NLin2009cAsym_res-02_model-mapmri_param-lapnorm_dwimap.nii.gz
  [PROC] sub-134102
sub-134102 ses-1
ses-1: sub-134102_ses-1_acq-1k3k64d_space-ACPC_model-mapmri_param-mapcoeffs_dwimap.nii.gz
  [DONE] → sub-134102_ses-1_acq-1k3k64d_space-MNI152NLin2009cAsym_res-02_model-mapmri_param-mapcoeffs_dwimap.nii.gz
  [PROC] sub-134102
sub-134102 ses-1
ses-1: sub-134102_ses-1_acq-1k3k64d_space-ACPC_model-mapmri_param-msd_dwimap.nii.gz
  [DONE] → sub-134102_ses-1_acq-1k3k64d_space-MNI152NLin2009cAsym_res-02_model-mapmri_param-msd_dwimap.nii.gz
  [PROC] sub-134102
sub-134102 ses-1
ses-1: sub-134102_ses-1_acq-1k3k64d_space-ACPC_model-mapmri_param-qiv_dwimap.nii.gz
  [DONE] → sub-134102_ses-1_acq-1k3k64d_space-MNI152NLin2009cAsym_res-02_model-mapmri_param-qiv_dwimap.nii.gz
  [PROC] sub-134102
sub-134102 ses-1
ses-1: sub-134102_ses-1_acq-1k3k64d_space-ACPC_model-mapmri_param-rtap_dwimap.nii.gz
  [DONE] → sub-134102_ses-1_acq-1k3k64d_space-MNI152NLin2009cAsym_res-02_model-mapmri_param-rtap_dwimap.nii.gz
  [PROC] sub-134102
sub-134102 ses-1
ses-1: sub-134102_ses-1_acq-1k3k64d_space-ACPC_model-mapmri_param-rtop_dwimap.nii.gz
  [DONE] → sub-134102_ses-1_acq-1k3k64d_space-MNI152NLin2009cAsym_res-02_model-mapmri_param-rtop_dwimap.nii.gz
  [PROC] sub-134102
sub-134102 ses-1
ses-1: sub-134102_ses-1_acq-1k3k64d_space-ACPC_model-mapmri_param-rtpp_dwimap.nii.gz
  [DONE] → sub-134102_ses-1_acq-1k3k64d_space-MNI152NLin2009cAsym_res-02_model-mapmri_param-rtpp_dwimap.nii.gz
  [PROC] sub-134102
sub-134102 ses-2
ses-2: sub-134102_ses-2_acq-1k3k64d_space-ACPC_model-mapmri_param-lapnorm_dwimap.nii.gz
  [DONE] → sub-134102_ses-2_acq-1k3k64d_space-MNI152NLin2009cAsym_res-02_model-mapmri_param-lapnorm_dwimap.nii.gz
  [PROC] sub-134102
sub-134102 ses-2
ses-2: sub-134102_ses-2_acq-1k3k64d_space-ACPC_model-mapmri_param-mapcoeffs_dwimap.nii.gz
  [DONE] → sub-134102_ses-2_acq-1k3k64d_space-MNI152NLin2009cAsym_res-02_model-mapmri_param-mapcoeffs_dwimap.nii.gz
  [PROC] sub-134102
sub-134102 ses-2
ses-2: sub-134102_ses-2_acq-1k3k64d_space-ACPC_model-mapmri_param-msd_dwimap.nii.gz
  [DONE] → sub-134102_ses-2_acq-1k3k64d_space-MNI152NLin2009cAsym_res-02_model-mapmri_param-msd_dwimap.nii.gz
  [PROC] sub-134102
sub-134102 ses-2
ses-2: sub-134102_ses-2_acq-1k3k64d_space-ACPC_model-mapmri_param-qiv_dwimap.nii.gz
  [DONE] → sub-134102_ses-2_acq-1k3k64d_space-MNI152NLin2009cAsym_res-02_model-mapmri_param-qiv_dwimap.nii.gz
  [PROC] sub-134102
sub-134102 ses-2
ses-2: sub-134102_ses-2_acq-1k3k64d_space-ACPC_model-mapmri_param-rtap_dwimap.nii.gz
  [DONE] → sub-134102_ses-2_acq-1k3k64d_space-MNI152NLin2009cAsym_res-02_model-mapmri_param-rtap_dwimap.nii.gz
  [PROC] sub-134102
sub-134102 ses-2
ses-2: sub-134102_ses-2_acq-1k3k64d_space-ACPC_model-mapmri_param-rtop_dwimap.nii.gz
  [DONE] → sub-134102_ses-2_acq-1k3k64d_space-MNI152NLin2009cAsym_res-02_model-mapmri_param-rtop_dwimap.nii.gz
  [PROC] sub-134102
sub-134102 ses-2
ses-2: sub-134102_ses-2_acq-1k3k64d_space-ACPC_model-mapmri_param-rtpp_dwimap.nii.gz
  [DONE] → sub-134102_ses-2_acq-1k3k64d_space-MNI152NLin2009cAsym_res-02_model-mapmri_param-rtpp_dwimap.nii.gz
  [PROC] sub-134103
sub-134103 ses-1
ses-1: sub-134103_ses-1_acq-1k3k64d_space-ACPC_model-mapmri_param-lapnorm_dwimap.nii.gz
  [DONE] → sub-134103_ses-1_acq-1k3k64d_space-MNI152NLin2009cAsym_res-02_model-mapmri_param-lapnorm_dwimap.nii.gz
  [PROC] sub-134103
sub-134103 ses-1
ses-1: sub-134103_ses-1_acq-1k3k64d_space-ACPC_model-mapmri_param-mapcoeffs_dwimap.nii.gz
  [DONE] → sub-134103_ses-1_acq-1k3k64d_space-MNI152NLin2009cAsym_res-02_model-mapmri_param-mapcoeffs_dwimap.nii.gz
  [PROC] sub-134103
sub-134103 ses-1
ses-1: sub-134103_ses-1_acq-1k3k64d_space-ACPC_model-mapmri_param-msd_dwimap.nii.gz
  [DONE] → sub-134103_ses-1_acq-1k3k64d_space-MNI152NLin2009cAsym_res-02_model-mapmri_param-msd_dwimap.nii.gz
  [PROC] sub-134103
sub-134103 ses-1
ses-1: sub-134103_ses-1_acq-1k3k64d_space-ACPC_model-mapmri_param-qiv_dwimap.nii.gz
  [DONE] → sub-134103_ses-1_acq-1k3k64d_space-MNI152NLin2009cAsym_res-02_model-mapmri_param-qiv_dwimap.nii.gz
  [PROC] sub-134103
sub-134103 ses-1
ses-1: sub-134103_ses-1_acq-1k3k64d_space-ACPC_model-mapmri_param-rtap_dwimap.nii.gz
  [DONE] → sub-134103_ses-1_acq-1k3k64d_space-MNI152NLin2009cAsym_res-02_model-mapmri_param-rtap_dwimap.nii.gz
  [PROC] sub-134103
sub-134103 ses-1
ses-1: sub-134103_ses-1_acq-1k3k64d_space-ACPC_model-mapmri_param-rtop_dwimap.nii.gz
  [DONE] → sub-134103_ses-1_acq-1k3k64d_space-MNI152NLin2009cAsym_res-02_model-mapmri_param-rtop_dwimap.nii.gz
  [PROC] sub-134103
sub-134103 ses-1
ses-1: sub-134103_ses-1_acq-1k3k64d_space-ACPC_model-mapmri_param-rtpp_dwimap.nii.gz
  [DONE] → sub-134103_ses-1_acq-1k3k64d_space-MNI152NLin2009cAsym_res-02_model-mapmri_param-rtpp_dwimap.nii.gz
  [PROC] sub-134103
sub-134103 ses-2
ses-2: sub-134103_ses-2_acq-1k3k64d_space-ACPC_model-mapmri_param-lapnorm_dwimap.nii.gz
  [DONE] → sub-134103_ses-2_acq-1k3k64d_space-MNI152NLin2009cAsym_res-02_model-mapmri_param-lapnorm_dwimap.nii.gz
  [PROC] sub-134103
sub-134103 ses-2
ses-2: sub-134103_ses-2_acq-1k3k64d_space-ACPC_model-mapmri_param-mapcoeffs_dwimap.nii.gz
  [DONE] → sub-134103_ses-2_acq-1k3k64d_space-MNI152NLin2009cAsym_res-02_model-mapmri_param-mapcoeffs_dwimap.nii.gz
  [PROC] sub-134103
sub-134103 ses-2
ses-2: sub-134103_ses-2_acq-1k3k64d_space-ACPC_model-mapmri_param-msd_dwimap.nii.gz
  [DONE] → sub-134103_ses-2_acq-1k3k64d_space-MNI152NLin2009cAsym_res-02_model-mapmri_param-msd_dwimap.nii.gz
  [PROC] sub-134103
sub-134103 ses-2
ses-2: sub-134103_ses-2_acq-1k3k64d_space-ACPC_model-mapmri_param-qiv_dwimap.nii.gz
  [DONE] → sub-134103_ses-2_acq-1k3k64d_space-MNI152NLin2009cAsym_res-02_model-mapmri_param-qiv_dwimap.nii.gz
  [PROC] sub-134103
sub-134103 ses-2
ses-2: sub-134103_ses-2_acq-1k3k64d_space-ACPC_model-mapmri_param-rtap_dwimap.nii.gz
  [DONE] → sub-134103_ses-2_acq-1k3k64d_space-MNI152NLin2009cAsym_res-02_model-mapmri_param-rtap_dwimap.nii.gz
  [PROC] sub-134103
sub-134103 ses-2
ses-2: sub-134103_ses-2_acq-1k3k64d_space-ACPC_model-mapmri_param-rtop_dwimap.nii.gz
  [DONE] → sub-134103_ses-2_acq-1k3k64d_space-MNI152NLin2009cAsym_res-02_model-mapmri_param-rtop_dwimap.nii.gz
  [PROC] sub-134103
sub-134103 ses-2
ses-2: sub-134103_ses-2_acq-1k3k64d_space-ACPC_model-mapmri_param-rtpp_dwimap.nii.gz
  [DONE] → sub-134103_ses-2_acq-1k3k64d_space-MNI152NLin2009cAsym_res-02_model-mapmri_param-rtpp_dwimap.nii.gz
  [PROC] sub-134103
sub-134103 ses-3
ses-3: sub-134103_ses-3_acq-1k3k64d_space-ACPC_model-mapmri_param-lapnorm_dwimap.nii.gz
  [DONE] → sub-134103_ses-3_acq-1k3k64d_space-MNI152NLin2009cAsym_res-02_model-mapmri_param-lapnorm_dwimap.nii.gz
  [PROC] sub-134103
sub-134103 ses-3
ses-3: sub-134103_ses-3_acq-1k3k64d_space-ACPC_model-mapmri_param-mapcoeffs_dwimap.nii.gz
  [DONE] → sub-134103_ses-3_acq-1k3k64d_space-MNI152NLin2009cAsym_res-02_model-mapmri_param-mapcoeffs_dwimap.nii.gz
  [PROC] sub-134103
sub-134103 ses-3
ses-3: sub-134103_ses-3_acq-1k3k64d_space-ACPC_model-mapmri_param-msd_dwimap.nii.gz
  [DONE] → sub-134103_ses-3_acq-1k3k64d_space-MNI152NLin2009cAsym_res-02_model-mapmri_param-msd_dwimap.nii.gz
  [PROC] sub-134103
sub-134103 ses-3
ses-3: sub-134103_ses-3_acq-1k3k64d_space-ACPC_model-mapmri_param-qiv_dwimap.nii.gz
  [DONE] → sub-134103_ses-3_acq-1k3k64d_space-MNI152NLin2009cAsym_res-02_model-mapmri_param-qiv_dwimap.nii.gz
  [PROC] sub-134103
sub-134103 ses-3
ses-3: sub-134103_ses-3_acq-1k3k64d_space-ACPC_model-mapmri_param-rtap_dwimap.nii.gz
  [DONE] → sub-134103_ses-3_acq-1k3k64d_space-MNI152NLin2009cAsym_res-02_model-mapmri_param-rtap_dwimap.nii.gz
  [PROC] sub-134103
sub-134103 ses-3
ses-3: sub-134103_ses-3_acq-1k3k64d_space-ACPC_model-mapmri_param-rtop_dwimap.nii.gz
  [DONE] → sub-134103_ses-3_acq-1k3k64d_space-MNI152NLin2009cAsym_res-02_model-mapmri_param-rtop_dwimap.nii.gz
  [PROC] sub-134103
sub-134103 ses-3
ses-3: sub-134103_ses-3_acq-1k3k64d_space-ACPC_model-mapmri_param-rtpp_dwimap.nii.gz
  [DONE] → sub-134103_ses-3_acq-1k3k64d_space-MNI152NLin2009cAsym_res-02_model-mapmri_param-rtpp_dwimap.nii.gz
  [PROC] sub-134104
sub-134104 ses-1
ses-1: sub-134104_ses-1_acq-1k3k64d_space-ACPC_model-mapmri_param-lapnorm_dwimap.nii.gz
  [DONE] → sub-134104_ses-1_acq-1k3k64d_space-MNI152NLin2009cAsym_res-02_model-mapmri_param-lapnorm_dwimap.nii.gz
  [PROC] sub-134104
sub-134104 ses-1
ses-1: sub-134104_ses-1_acq-1k3k64d_space-ACPC_model-mapmri_param-mapcoeffs_dwimap.nii.gz
  [DONE] → sub-134104_ses-1_acq-1k3k64d_space-MNI152NLin2009cAsym_res-02_model-mapmri_param-mapcoeffs_dwimap.nii.gz
  [PROC] sub-134104
sub-134104 ses-1
ses-1: sub-134104_ses-1_acq-1k3k64d_space-ACPC_model-mapmri_param-msd_dwimap.nii.gz
  [DONE] → sub-134104_ses-1_acq-1k3k64d_space-MNI152NLin2009cAsym_res-02_model-mapmri_param-msd_dwimap.nii.gz
  [PROC] sub-134104
sub-134104 ses-1
ses-1: sub-134104_ses-1_acq-1k3k64d_space-ACPC_model-mapmri_param-qiv_dwimap.nii.gz
  [DONE] → sub-134104_ses-1_acq-1k3k64d_space-MNI152NLin2009cAsym_res-02_model-mapmri_param-qiv_dwimap.nii.gz
  [PROC] sub-134104
sub-134104 ses-1
ses-1: sub-134104_ses-1_acq-1k3k64d_space-ACPC_model-mapmri_param-rtap_dwimap.nii.gz
  [DONE] → sub-134104_ses-1_acq-1k3k64d_space-MNI152NLin2009cAsym_res-02_model-mapmri_param-rtap_dwimap.nii.gz
  [PROC] sub-134104
sub-134104 ses-1
ses-1: sub-134104_ses-1_acq-1k3k64d_space-ACPC_model-mapmri_param-rtop_dwimap.nii.gz
  [DONE] → sub-134104_ses-1_acq-1k3k64d_space-MNI152NLin2009cAsym_res-02_model-mapmri_param-rtop_dwimap.nii.gz
  [PROC] sub-134104
sub-134104 ses-1
ses-1: sub-134104_ses-1_acq-1k3k64d_space-ACPC_model-mapmri_param-rtpp_dwimap.nii.gz
  [DONE] → sub-134104_ses-1_acq-1k3k64d_space-MNI152NLin2009cAsym_res-02_model-mapmri_param-rtpp_dwimap.nii.gz
  [PROC] sub-134104
sub-134104 ses-2
ses-2: sub-134104_ses-2_acq-1k3k64d_space-ACPC_model-mapmri_param-lapnorm_dwimap.nii.gz
  [DONE] → sub-134104_ses-2_acq-1k3k64d_space-MNI152NLin2009cAsym_res-02_model-mapmri_param-lapnorm_dwimap.nii.gz
  [PROC] sub-134104
sub-134104 ses-2
ses-2: sub-134104_ses-2_acq-1k3k64d_space-ACPC_model-mapmri_param-mapcoeffs_dwimap.nii.gz
  [DONE] → sub-134104_ses-2_acq-1k3k64d_space-MNI152NLin2009cAsym_res-02_model-mapmri_param-mapcoeffs_dwimap.nii.gz
  [PROC] sub-134104
sub-134104 ses-2
ses-2: sub-134104_ses-2_acq-1k3k64d_space-ACPC_model-mapmri_param-msd_dwimap.nii.gz
  [DONE] → sub-134104_ses-2_acq-1k3k64d_space-MNI152NLin2009cAsym_res-02_model-mapmri_param-msd_dwimap.nii.gz
  [PROC] sub-134104
sub-134104 ses-2
ses-2: sub-134104_ses-2_acq-1k3k64d_space-ACPC_model-mapmri_param-qiv_dwimap.nii.gz
  [DONE] → sub-134104_ses-2_acq-1k3k64d_space-MNI152NLin2009cAsym_res-02_model-mapmri_param-qiv_dwimap.nii.gz
  [PROC] sub-134104
sub-134104 ses-2
ses-2: sub-134104_ses-2_acq-1k3k64d_space-ACPC_model-mapmri_param-rtap_dwimap.nii.gz
  [DONE] → sub-134104_ses-2_acq-1k3k64d_space-MNI152NLin2009cAsym_res-02_model-mapmri_param-rtap_dwimap.nii.gz
  [PROC] sub-134104
sub-134104 ses-2
ses-2: sub-134104_ses-2_acq-1k3k64d_space-ACPC_model-mapmri_param-rtop_dwimap.nii.gz
  [DONE] → sub-134104_ses-2_acq-1k3k64d_space-MNI152NLin2009cAsym_res-02_model-mapmri_param-rtop_dwimap.nii.gz
  [PROC] sub-134104
sub-134104 ses-2
ses-2: sub-134104_ses-2_acq-1k3k64d_space-ACPC_model-mapmri_param-rtpp_dwimap.nii.gz
  [DONE] → sub-134104_ses-2_acq-1k3k64d_space-MNI152NLin2009cAsym_res-02_model-mapmri_param-rtpp_dwimap.nii.gz
  [PROC] sub-134105
sub-134105 ses-1
ses-1: sub-134105_ses-1_acq-1k3k64d_space-ACPC_model-mapmri_param-lapnorm_dwimap.nii.gz
  [DONE] → sub-134105_ses-1_acq-1k3k64d_space-MNI152NLin2009cAsym_res-02_model-mapmri_param-lapnorm_dwimap.nii.gz
  [PROC] sub-134105
sub-134105 ses-1
ses-1: sub-134105_ses-1_acq-1k3k64d_space-ACPC_model-mapmri_param-msd_dwimap.nii.gz
  [DONE] → sub-134105_ses-1_acq-1k3k64d_space-MNI152NLin2009cAsym_res-02_model-mapmri_param-msd_dwimap.nii.gz
  [PROC] sub-134105
sub-134105 ses-1
ses-1: sub-134105_ses-1_acq-1k3k64d_space-ACPC_model-mapmri_param-mapcoeffs_dwimap.nii.gz
  [DONE] → sub-134105_ses-1_acq-1k3k64d_space-MNI152NLin2009cAsym_res-02_model-mapmri_param-mapcoeffs_dwimap.nii.gz
  [PROC] sub-134105
sub-134105 ses-1
ses-1: sub-134105_ses-1_acq-1k3k64d_space-ACPC_model-mapmri_param-qiv_dwimap.nii.gz
  [DONE] → sub-134105_ses-1_acq-1k3k64d_space-MNI152NLin2009cAsym_res-02_model-mapmri_param-qiv_dwimap.nii.gz
  [PROC] sub-134105
sub-134105 ses-1
ses-1: sub-134105_ses-1_acq-1k3k64d_space-ACPC_model-mapmri_param-rtap_dwimap.nii.gz
  [DONE] → sub-134105_ses-1_acq-1k3k64d_space-MNI152NLin2009cAsym_res-02_model-mapmri_param-rtap_dwimap.nii.gz
  [PROC] sub-134105
sub-134105 ses-1
ses-1: sub-134105_ses-1_acq-1k3k64d_space-ACPC_model-mapmri_param-rtpp_dwimap.nii.gz
  [DONE] → sub-134105_ses-1_acq-1k3k64d_space-MNI152NLin2009cAsym_res-02_model-mapmri_param-rtpp_dwimap.nii.gz
  [PROC] sub-134105
sub-134105 ses-1
ses-1: sub-134105_ses-1_acq-1k3k64d_space-ACPC_model-mapmri_param-rtop_dwimap.nii.gz
  [DONE] → sub-134105_ses-1_acq-1k3k64d_space-MNI152NLin2009cAsym_res-02_model-mapmri_param-rtop_dwimap.nii.gz
  [PROC] sub-134105
sub-134105 ses-2
ses-2: sub-134105_ses-2_acq-1k3k64d_space-ACPC_model-mapmri_param-lapnorm_dwimap.nii.gz
  [DONE] → sub-134105_ses-2_acq-1k3k64d_space-MNI152NLin2009cAsym_res-02_model-mapmri_param-lapnorm_dwimap.nii.gz
  [PROC] sub-134105
sub-134105 ses-2
ses-2: sub-134105_ses-2_acq-1k3k64d_space-ACPC_model-mapmri_param-mapcoeffs_dwimap.nii.gz
  [DONE] → sub-134105_ses-2_acq-1k3k64d_space-MNI152NLin2009cAsym_res-02_model-mapmri_param-mapcoeffs_dwimap.nii.gz
  [PROC] sub-134105
sub-134105 ses-2
ses-2: sub-134105_ses-2_acq-1k3k64d_space-ACPC_model-mapmri_param-msd_dwimap.nii.gz
  [DONE] → sub-134105_ses-2_acq-1k3k64d_space-MNI152NLin2009cAsym_res-02_model-mapmri_param-msd_dwimap.nii.gz
  [PROC] sub-134105
sub-134105 ses-2
ses-2: sub-134105_ses-2_acq-1k3k64d_space-ACPC_model-mapmri_param-qiv_dwimap.nii.gz
  [DONE] → sub-134105_ses-2_acq-1k3k64d_space-MNI152NLin2009cAsym_res-02_model-mapmri_param-qiv_dwimap.nii.gz
  [PROC] sub-134105
sub-134105 ses-2
ses-2: sub-134105_ses-2_acq-1k3k64d_space-ACPC_model-mapmri_param-rtap_dwimap.nii.gz
  [DONE] → sub-134105_ses-2_acq-1k3k64d_space-MNI152NLin2009cAsym_res-02_model-mapmri_param-rtap_dwimap.nii.gz
  [PROC] sub-134105
sub-134105 ses-2
ses-2: sub-134105_ses-2_acq-1k3k64d_space-ACPC_model-mapmri_param-rtop_dwimap.nii.gz
  [DONE] → sub-134105_ses-2_acq-1k3k64d_space-MNI152NLin2009cAsym_res-02_model-mapmri_param-rtop_dwimap.nii.gz
  [PROC] sub-134105
sub-134105 ses-2
ses-2: sub-134105_ses-2_acq-1k3k64d_space-ACPC_model-mapmri_param-rtpp_dwimap.nii.gz
  [DONE] → sub-134105_ses-2_acq-1k3k64d_space-MNI152NLin2009cAsym_res-02_model-mapmri_param-rtpp_dwimap.nii.gz
  [PROC] sub-134105
sub-134105 ses-3
ses-3: sub-134105_ses-3_acq-1k3k64d_space-ACPC_model-mapmri_param-lapnorm_dwimap.nii.gz
  [DONE] → sub-134105_ses-3_acq-1k3k64d_space-MNI152NLin2009cAsym_res-02_model-mapmri_param-lapnorm_dwimap.nii.gz
  [PROC] sub-134105
sub-134105 ses-3
ses-3: sub-134105_ses-3_acq-1k3k64d_space-ACPC_model-mapmri_param-mapcoeffs_dwimap.nii.gz
  [DONE] → sub-134105_ses-3_acq-1k3k64d_space-MNI152NLin2009cAsym_res-02_model-mapmri_param-mapcoeffs_dwimap.nii.gz
  [PROC] sub-134105
sub-134105 ses-3
ses-3: sub-134105_ses-3_acq-1k3k64d_space-ACPC_model-mapmri_param-msd_dwimap.nii.gz
  [DONE] → sub-134105_ses-3_acq-1k3k64d_space-MNI152NLin2009cAsym_res-02_model-mapmri_param-msd_dwimap.nii.gz
  [PROC] sub-134105
sub-134105 ses-3
ses-3: sub-134105_ses-3_acq-1k3k64d_space-ACPC_model-mapmri_param-rtap_dwimap.nii.gz
  [DONE] → sub-134105_ses-3_acq-1k3k64d_space-MNI152NLin2009cAsym_res-02_model-mapmri_param-rtap_dwimap.nii.gz
  [PROC] sub-134105
sub-134105 ses-3
ses-3: sub-134105_ses-3_acq-1k3k64d_space-ACPC_model-mapmri_param-qiv_dwimap.nii.gz
  [DONE] → sub-134105_ses-3_acq-1k3k64d_space-MNI152NLin2009cAsym_res-02_model-mapmri_param-qiv_dwimap.nii.gz
  [PROC] sub-134105
sub-134105 ses-3
ses-3: sub-134105_ses-3_acq-1k3k64d_space-ACPC_model-mapmri_param-rtop_dwimap.nii.gz
  [DONE] → sub-134105_ses-3_acq-1k3k64d_space-MNI152NLin2009cAsym_res-02_model-mapmri_param-rtop_dwimap.nii.gz
  [PROC] sub-134105
sub-134105 ses-3
ses-3: sub-134105_ses-3_acq-1k3k64d_space-ACPC_model-mapmri_param-rtpp_dwimap.nii.gz
  [DONE] → sub-134105_ses-3_acq-1k3k64d_space-MNI152NLin2009cAsym_res-02_model-mapmri_param-rtpp_dwimap.nii.gz
  [PROC] sub-134106
sub-134106 ses-1
ses-1: sub-134106_ses-1_acq-1k3k64d_space-ACPC_model-mapmri_param-mapcoeffs_dwimap.nii.gz
  [DONE] → sub-134106_ses-1_acq-1k3k64d_space-MNI152NLin2009cAsym_res-02_model-mapmri_param-mapcoeffs_dwimap.nii.gz
  [PROC] sub-134106
sub-134106 ses-1
ses-1: sub-134106_ses-1_acq-1k3k64d_space-ACPC_model-mapmri_param-lapnorm_dwimap.nii.gz
  [DONE] → sub-134106_ses-1_acq-1k3k64d_space-MNI152NLin2009cAsym_res-02_model-mapmri_param-lapnorm_dwimap.nii.gz
  [PROC] sub-134106
sub-134106 ses-1
ses-1: sub-134106_ses-1_acq-1k3k64d_space-ACPC_model-mapmri_param-msd_dwimap.nii.gz
  [DONE] → sub-134106_ses-1_acq-1k3k64d_space-MNI152NLin2009cAsym_res-02_model-mapmri_param-msd_dwimap.nii.gz
  [PROC] sub-134106
sub-134106 ses-1
ses-1: sub-134106_ses-1_acq-1k3k64d_space-ACPC_model-mapmri_param-qiv_dwimap.nii.gz
  [DONE] → sub-134106_ses-1_acq-1k3k64d_space-MNI152NLin2009cAsym_res-02_model-mapmri_param-qiv_dwimap.nii.gz
  [PROC] sub-134106
sub-134106 ses-1
ses-1: sub-134106_ses-1_acq-1k3k64d_space-ACPC_model-mapmri_param-rtop_dwimap.nii.gz
  [DONE] → sub-134106_ses-1_acq-1k3k64d_space-MNI152NLin2009cAsym_res-02_model-mapmri_param-rtop_dwimap.nii.gz
  [PROC] sub-134106
sub-134106 ses-1
ses-1: sub-134106_ses-1_acq-1k3k64d_space-ACPC_model-mapmri_param-rtap_dwimap.nii.gz
  [DONE] → sub-134106_ses-1_acq-1k3k64d_space-MNI152NLin2009cAsym_res-02_model-mapmri_param-rtap_dwimap.nii.gz
  [PROC] sub-134106
sub-134106 ses-1
ses-1: sub-134106_ses-1_acq-1k3k64d_space-ACPC_model-mapmri_param-rtpp_dwimap.nii.gz
  [DONE] → sub-134106_ses-1_acq-1k3k64d_space-MNI152NLin2009cAsym_res-02_model-mapmri_param-rtpp_dwimap.nii.gz
  [PROC] sub-134106
sub-134106 ses-2
ses-2: sub-134106_ses-2_acq-1k3k64d_space-ACPC_model-mapmri_param-lapnorm_dwimap.nii.gz
  [DONE] → sub-134106_ses-2_acq-1k3k64d_space-MNI152NLin2009cAsym_res-02_model-mapmri_param-lapnorm_dwimap.nii.gz
  [PROC] sub-134106
sub-134106 ses-2
ses-2: sub-134106_ses-2_acq-1k3k64d_space-ACPC_model-mapmri_param-mapcoeffs_dwimap.nii.gz
  [DONE] → sub-134106_ses-2_acq-1k3k64d_space-MNI152NLin2009cAsym_res-02_model-mapmri_param-mapcoeffs_dwimap.nii.gz
  [PROC] sub-134106
sub-134106 ses-2
ses-2: sub-134106_ses-2_acq-1k3k64d_space-ACPC_model-mapmri_param-msd_dwimap.nii.gz
  [DONE] → sub-134106_ses-2_acq-1k3k64d_space-MNI152NLin2009cAsym_res-02_model-mapmri_param-msd_dwimap.nii.gz
  [PROC] sub-134106
sub-134106 ses-2
ses-2: sub-134106_ses-2_acq-1k3k64d_space-ACPC_model-mapmri_param-qiv_dwimap.nii.gz
  [DONE] → sub-134106_ses-2_acq-1k3k64d_space-MNI152NLin2009cAsym_res-02_model-mapmri_param-qiv_dwimap.nii.gz
  [PROC] sub-134106
sub-134106 ses-2
ses-2: sub-134106_ses-2_acq-1k3k64d_space-ACPC_model-mapmri_param-rtap_dwimap.nii.gz
  [DONE] → sub-134106_ses-2_acq-1k3k64d_space-MNI152NLin2009cAsym_res-02_model-mapmri_param-rtap_dwimap.nii.gz
  [PROC] sub-134106
sub-134106 ses-2
ses-2: sub-134106_ses-2_acq-1k3k64d_space-ACPC_model-mapmri_param-rtop_dwimap.nii.gz
  [DONE] → sub-134106_ses-2_acq-1k3k64d_space-MNI152NLin2009cAsym_res-02_model-mapmri_param-rtop_dwimap.nii.gz
  [PROC] sub-134106
sub-134106 ses-2
ses-2: sub-134106_ses-2_acq-1k3k64d_space-ACPC_model-mapmri_param-rtpp_dwimap.nii.gz
  [DONE] → sub-134106_ses-2_acq-1k3k64d_space-MNI152NLin2009cAsym_res-02_model-mapmri_param-rtpp_dwimap.nii.gz
  [PROC] sub-134106
sub-134106 ses-3
ses-3: sub-134106_ses-3_acq-1k3k64d_space-ACPC_model-mapmri_param-lapnorm_dwimap.nii.gz
  [DONE] → sub-134106_ses-3_acq-1k3k64d_space-MNI152NLin2009cAsym_res-02_model-mapmri_param-lapnorm_dwimap.nii.gz
  [PROC] sub-134106
sub-134106 ses-3
ses-3: sub-134106_ses-3_acq-1k3k64d_space-ACPC_model-mapmri_param-mapcoeffs_dwimap.nii.gz
  [DONE] → sub-134106_ses-3_acq-1k3k64d_space-MNI152NLin2009cAsym_res-02_model-mapmri_param-mapcoeffs_dwimap.nii.gz
  [PROC] sub-134106
sub-134106 ses-3
ses-3: sub-134106_ses-3_acq-1k3k64d_space-ACPC_model-mapmri_param-qiv_dwimap.nii.gz
  [DONE] → sub-134106_ses-3_acq-1k3k64d_space-MNI152NLin2009cAsym_res-02_model-mapmri_param-qiv_dwimap.nii.gz
  [PROC] sub-134106
sub-134106 ses-3
ses-3: sub-134106_ses-3_acq-1k3k64d_space-ACPC_model-mapmri_param-msd_dwimap.nii.gz
  [DONE] → sub-134106_ses-3_acq-1k3k64d_space-MNI152NLin2009cAsym_res-02_model-mapmri_param-msd_dwimap.nii.gz
  [PROC] sub-134106
sub-134106 ses-3
ses-3: sub-134106_ses-3_acq-1k3k64d_space-ACPC_model-mapmri_param-rtap_dwimap.nii.gz
  [DONE] → sub-134106_ses-3_acq-1k3k64d_space-MNI152NLin2009cAsym_res-02_model-mapmri_param-rtap_dwimap.nii.gz
  [PROC] sub-134106
sub-134106 ses-3
ses-3: sub-134106_ses-3_acq-1k3k64d_space-ACPC_model-mapmri_param-rtop_dwimap.nii.gz
  [DONE] → sub-134106_ses-3_acq-1k3k64d_space-MNI152NLin2009cAsym_res-02_model-mapmri_param-rtop_dwimap.nii.gz
  [PROC] sub-134106
sub-134106 ses-3
ses-3: sub-134106_ses-3_acq-1k3k64d_space-ACPC_model-mapmri_param-rtpp_dwimap.nii.gz
  [DONE] → sub-134106_ses-3_acq-1k3k64d_space-MNI152NLin2009cAsym_res-02_model-mapmri_param-rtpp_dwimap.nii.gz
  [PROC] sub-134107
sub-134107 ses-1
ses-1: sub-134107_ses-1_acq-1k3k64d_space-ACPC_model-mapmri_param-lapnorm_dwimap.nii.gz
  [DONE] → sub-134107_ses-1_acq-1k3k64d_space-MNI152NLin2009cAsym_res-02_model-mapmri_param-lapnorm_dwimap.nii.gz
  [PROC] sub-134107
sub-134107 ses-1
ses-1: sub-134107_ses-1_acq-1k3k64d_space-ACPC_model-mapmri_param-mapcoeffs_dwimap.nii.gz
  [DONE] → sub-134107_ses-1_acq-1k3k64d_space-MNI152NLin2009cAsym_res-02_model-mapmri_param-mapcoeffs_dwimap.nii.gz
  [PROC] sub-134107
sub-134107 ses-1
ses-1: sub-134107_ses-1_acq-1k3k64d_space-ACPC_model-mapmri_param-msd_dwimap.nii.gz
  [DONE] → sub-134107_ses-1_acq-1k3k64d_space-MNI152NLin2009cAsym_res-02_model-mapmri_param-msd_dwimap.nii.gz
  [PROC] sub-134107
sub-134107 ses-1
ses-1: sub-134107_ses-1_acq-1k3k64d_space-ACPC_model-mapmri_param-qiv_dwimap.nii.gz
  [DONE] → sub-134107_ses-1_acq-1k3k64d_space-MNI152NLin2009cAsym_res-02_model-mapmri_param-qiv_dwimap.nii.gz
  [PROC] sub-134107
sub-134107 ses-1
ses-1: sub-134107_ses-1_acq-1k3k64d_space-ACPC_model-mapmri_param-rtap_dwimap.nii.gz
  [DONE] → sub-134107_ses-1_acq-1k3k64d_space-MNI152NLin2009cAsym_res-02_model-mapmri_param-rtap_dwimap.nii.gz
  [PROC] sub-134107
sub-134107 ses-1
ses-1: sub-134107_ses-1_acq-1k3k64d_space-ACPC_model-mapmri_param-rtop_dwimap.nii.gz
  [DONE] → sub-134107_ses-1_acq-1k3k64d_space-MNI152NLin2009cAsym_res-02_model-mapmri_param-rtop_dwimap.nii.gz
  [PROC] sub-134107
sub-134107 ses-1
ses-1: sub-134107_ses-1_acq-1k3k64d_space-ACPC_model-mapmri_param-rtpp_dwimap.nii.gz
  [DONE] → sub-134107_ses-1_acq-1k3k64d_space-MNI152NLin2009cAsym_res-02_model-mapmri_param-rtpp_dwimap.nii.gz
  [PROC] sub-134107
sub-134107 ses-2
ses-2: sub-134107_ses-2_acq-1k3k64d_space-ACPC_model-mapmri_param-lapnorm_dwimap.nii.gz
  [DONE] → sub-134107_ses-2_acq-1k3k64d_space-MNI152NLin2009cAsym_res-02_model-mapmri_param-lapnorm_dwimap.nii.gz
  [PROC] sub-134107
sub-134107 ses-2
ses-2: sub-134107_ses-2_acq-1k3k64d_space-ACPC_model-mapmri_param-mapcoeffs_dwimap.nii.gz
  [DONE] → sub-134107_ses-2_acq-1k3k64d_space-MNI152NLin2009cAsym_res-02_model-mapmri_param-mapcoeffs_dwimap.nii.gz
  [PROC] sub-134107
sub-134107 ses-2
ses-2: sub-134107_ses-2_acq-1k3k64d_space-ACPC_model-mapmri_param-qiv_dwimap.nii.gz
  [DONE] → sub-134107_ses-2_acq-1k3k64d_space-MNI152NLin2009cAsym_res-02_model-mapmri_param-qiv_dwimap.nii.gz
  [PROC] sub-134107
sub-134107 ses-2
ses-2: sub-134107_ses-2_acq-1k3k64d_space-ACPC_model-mapmri_param-msd_dwimap.nii.gz
  [DONE] → sub-134107_ses-2_acq-1k3k64d_space-MNI152NLin2009cAsym_res-02_model-mapmri_param-msd_dwimap.nii.gz
  [PROC] sub-134107
sub-134107 ses-2
ses-2: sub-134107_ses-2_acq-1k3k64d_space-ACPC_model-mapmri_param-rtap_dwimap.nii.gz
  [DONE] → sub-134107_ses-2_acq-1k3k64d_space-MNI152NLin2009cAsym_res-02_model-mapmri_param-rtap_dwimap.nii.gz
  [PROC] sub-134107
sub-134107 ses-2
ses-2: sub-134107_ses-2_acq-1k3k64d_space-ACPC_model-mapmri_param-rtop_dwimap.nii.gz
  [DONE] → sub-134107_ses-2_acq-1k3k64d_space-MNI152NLin2009cAsym_res-02_model-mapmri_param-rtop_dwimap.nii.gz
  [PROC] sub-134107
sub-134107 ses-3
ses-3: sub-134107_ses-3_acq-1k3k64d_space-ACPC_model-mapmri_param-lapnorm_dwimap.nii.gz
  [DONE] → sub-134107_ses-3_acq-1k3k64d_space-MNI152NLin2009cAsym_res-02_model-mapmri_param-lapnorm_dwimap.nii.gz
  [PROC] sub-134107
sub-134107 ses-2
ses-2: sub-134107_ses-2_acq-1k3k64d_space-ACPC_model-mapmri_param-rtpp_dwimap.nii.gz
  [DONE] → sub-134107_ses-2_acq-1k3k64d_space-MNI152NLin2009cAsym_res-02_model-mapmri_param-rtpp_dwimap.nii.gz
  [PROC] sub-134107
sub-134107 ses-3
ses-3: sub-134107_ses-3_acq-1k3k64d_space-ACPC_model-mapmri_param-mapcoeffs_dwimap.nii.gz
  [DONE] → sub-134107_ses-3_acq-1k3k64d_space-MNI152NLin2009cAsym_res-02_model-mapmri_param-mapcoeffs_dwimap.nii.gz
  [PROC] sub-134107
sub-134107 ses-3
ses-3: sub-134107_ses-3_acq-1k3k64d_space-ACPC_model-mapmri_param-msd_dwimap.nii.gz
  [DONE] → sub-134107_ses-3_acq-1k3k64d_space-MNI152NLin2009cAsym_res-02_model-mapmri_param-msd_dwimap.nii.gz
  [PROC] sub-134107
sub-134107 ses-3
ses-3: sub-134107_ses-3_acq-1k3k64d_space-ACPC_model-mapmri_param-qiv_dwimap.nii.gz
  [DONE] → sub-134107_ses-3_acq-1k3k64d_space-MNI152NLin2009cAsym_res-02_model-mapmri_param-qiv_dwimap.nii.gz
  [PROC] sub-134107
sub-134107 ses-3
ses-3: sub-134107_ses-3_acq-1k3k64d_space-ACPC_model-mapmri_param-rtap_dwimap.nii.gz
  [DONE] → sub-134107_ses-3_acq-1k3k64d_space-MNI152NLin2009cAsym_res-02_model-mapmri_param-rtap_dwimap.nii.gz
  [PROC] sub-134107
sub-134107 ses-3
ses-3: sub-134107_ses-3_acq-1k3k64d_space-ACPC_model-mapmri_param-rtop_dwimap.nii.gz
  [DONE] → sub-134107_ses-3_acq-1k3k64d_space-MNI152NLin2009cAsym_res-02_model-mapmri_param-rtop_dwimap.nii.gz
  [PROC] sub-134107
sub-134107 ses-3
ses-3: sub-134107_ses-3_acq-1k3k64d_space-ACPC_model-mapmri_param-rtpp_dwimap.nii.gz
  [DONE] → sub-134107_ses-3_acq-1k3k64d_space-MNI152NLin2009cAsym_res-02_model-mapmri_param-rtpp_dwimap.nii.gz
  [PROC] sub-134108
sub-134108 ses-1
ses-1: sub-134108_ses-1_acq-1k3k64d_space-ACPC_model-mapmri_param-mapcoeffs_dwimap.nii.gz
  [DONE] → sub-134108_ses-1_acq-1k3k64d_space-MNI152NLin2009cAsym_res-02_model-mapmri_param-mapcoeffs_dwimap.nii.gz
  [PROC] sub-134108
sub-134108 ses-1
ses-1: sub-134108_ses-1_acq-1k3k64d_space-ACPC_model-mapmri_param-lapnorm_dwimap.nii.gz
  [DONE] → sub-134108_ses-1_acq-1k3k64d_space-MNI152NLin2009cAsym_res-02_model-mapmri_param-lapnorm_dwimap.nii.gz
  [PROC] sub-134108
sub-134108 ses-1
ses-1: sub-134108_ses-1_acq-1k3k64d_space-ACPC_model-mapmri_param-msd_dwimap.nii.gz
  [DONE] → sub-134108_ses-1_acq-1k3k64d_space-MNI152NLin2009cAsym_res-02_model-mapmri_param-msd_dwimap.nii.gz
  [PROC] sub-134108
sub-134108 ses-1
ses-1: sub-134108_ses-1_acq-1k3k64d_space-ACPC_model-mapmri_param-qiv_dwimap.nii.gz
  [DONE] → sub-134108_ses-1_acq-1k3k64d_space-MNI152NLin2009cAsym_res-02_model-mapmri_param-qiv_dwimap.nii.gz
  [PROC] sub-134108
sub-134108 ses-1
ses-1: sub-134108_ses-1_acq-1k3k64d_space-ACPC_model-mapmri_param-rtop_dwimap.nii.gz
  [DONE] → sub-134108_ses-1_acq-1k3k64d_space-MNI152NLin2009cAsym_res-02_model-mapmri_param-rtop_dwimap.nii.gz
  [PROC] sub-134108
sub-134108 ses-1
ses-1: sub-134108_ses-1_acq-1k3k64d_space-ACPC_model-mapmri_param-rtap_dwimap.nii.gz
  [DONE] → sub-134108_ses-1_acq-1k3k64d_space-MNI152NLin2009cAsym_res-02_model-mapmri_param-rtap_dwimap.nii.gz
  [PROC] sub-134108
sub-134108 ses-1
ses-1: sub-134108_ses-1_acq-1k3k64d_space-ACPC_model-mapmri_param-rtpp_dwimap.nii.gz
  [DONE] → sub-134108_ses-1_acq-1k3k64d_space-MNI152NLin2009cAsym_res-02_model-mapmri_param-rtpp_dwimap.nii.gz
  [PROC] sub-134108
sub-134108 ses-2
ses-2: sub-134108_ses-2_acq-1k3k64d_space-ACPC_model-mapmri_param-lapnorm_dwimap.nii.gz
  [DONE] → sub-134108_ses-2_acq-1k3k64d_space-MNI152NLin2009cAsym_res-02_model-mapmri_param-lapnorm_dwimap.nii.gz
  [PROC] sub-134108
sub-134108 ses-2
ses-2: sub-134108_ses-2_acq-1k3k64d_space-ACPC_model-mapmri_param-mapcoeffs_dwimap.nii.gz
  [DONE] → sub-134108_ses-2_acq-1k3k64d_space-MNI152NLin2009cAsym_res-02_model-mapmri_param-mapcoeffs_dwimap.nii.gz
  [PROC] sub-134108
sub-134108 ses-2
ses-2: sub-134108_ses-2_acq-1k3k64d_space-ACPC_model-mapmri_param-msd_dwimap.nii.gz
  [DONE] → sub-134108_ses-2_acq-1k3k64d_space-MNI152NLin2009cAsym_res-02_model-mapmri_param-msd_dwimap.nii.gz
  [PROC] sub-134108
sub-134108 ses-2
ses-2: sub-134108_ses-2_acq-1k3k64d_space-ACPC_model-mapmri_param-rtap_dwimap.nii.gz
  [DONE] → sub-134108_ses-2_acq-1k3k64d_space-MNI152NLin2009cAsym_res-02_model-mapmri_param-rtap_dwimap.nii.gz
  [PROC] sub-134108
sub-134108 ses-2
ses-2: sub-134108_ses-2_acq-1k3k64d_space-ACPC_model-mapmri_param-qiv_dwimap.nii.gz
  [DONE] → sub-134108_ses-2_acq-1k3k64d_space-MNI152NLin2009cAsym_res-02_model-mapmri_param-qiv_dwimap.nii.gz
  [PROC] sub-134108
sub-134108 ses-2
ses-2: sub-134108_ses-2_acq-1k3k64d_space-ACPC_model-mapmri_param-rtop_dwimap.nii.gz
  [DONE] → sub-134108_ses-2_acq-1k3k64d_space-MNI152NLin2009cAsym_res-02_model-mapmri_param-rtop_dwimap.nii.gz
  [PROC] sub-134108
sub-134108 ses-2
ses-2: sub-134108_ses-2_acq-1k3k64d_space-ACPC_model-mapmri_param-rtpp_dwimap.nii.gz
  [DONE] → sub-134108_ses-2_acq-1k3k64d_space-MNI152NLin2009cAsym_res-02_model-mapmri_param-rtpp_dwimap.nii.gz
  [PROC] sub-134108
sub-134108 ses-3
ses-3: sub-134108_ses-3_acq-1k3k64d_space-ACPC_model-mapmri_param-mapcoeffs_dwimap.nii.gz
  [DONE] → sub-134108_ses-3_acq-1k3k64d_space-MNI152NLin2009cAsym_res-02_model-mapmri_param-mapcoeffs_dwimap.nii.gz
  [PROC] sub-134108
sub-134108 ses-3
ses-3: sub-134108_ses-3_acq-1k3k64d_space-ACPC_model-mapmri_param-lapnorm_dwimap.nii.gz
  [DONE] → sub-134108_ses-3_acq-1k3k64d_space-MNI152NLin2009cAsym_res-02_model-mapmri_param-lapnorm_dwimap.nii.gz
  [PROC] sub-134108
sub-134108 ses-3
ses-3: sub-134108_ses-3_acq-1k3k64d_space-ACPC_model-mapmri_param-msd_dwimap.nii.gz
  [DONE] → sub-134108_ses-3_acq-1k3k64d_space-MNI152NLin2009cAsym_res-02_model-mapmri_param-msd_dwimap.nii.gz
  [PROC] sub-134108
sub-134108 ses-3
ses-3: sub-134108_ses-3_acq-1k3k64d_space-ACPC_model-mapmri_param-qiv_dwimap.nii.gz
  [DONE] → sub-134108_ses-3_acq-1k3k64d_space-MNI152NLin2009cAsym_res-02_model-mapmri_param-qiv_dwimap.nii.gz
  [PROC] sub-134108
sub-134108 ses-3
ses-3: sub-134108_ses-3_acq-1k3k64d_space-ACPC_model-mapmri_param-rtap_dwimap.nii.gz
  [DONE] → sub-134108_ses-3_acq-1k3k64d_space-MNI152NLin2009cAsym_res-02_model-mapmri_param-rtap_dwimap.nii.gz
  [PROC] sub-134108
sub-134108 ses-3
ses-3: sub-134108_ses-3_acq-1k3k64d_space-ACPC_model-mapmri_param-rtop_dwimap.nii.gz
  [DONE] → sub-134108_ses-3_acq-1k3k64d_space-MNI152NLin2009cAsym_res-02_model-mapmri_param-rtop_dwimap.nii.gz
  [PROC] sub-134108
sub-134108 ses-3
ses-3: sub-134108_ses-3_acq-1k3k64d_space-ACPC_model-mapmri_param-rtpp_dwimap.nii.gz
  [DONE] → sub-134108_ses-3_acq-1k3k64d_space-MNI152NLin2009cAsym_res-02_model-mapmri_param-rtpp_dwimap.nii.gz
  [PROC] sub-134109
sub-134109 ses-1
ses-1: sub-134109_ses-1_acq-1k3k64d_space-ACPC_model-mapmri_param-lapnorm_dwimap.nii.gz
  [DONE] → sub-134109_ses-1_acq-1k3k64d_space-MNI152NLin2009cAsym_res-02_model-mapmri_param-lapnorm_dwimap.nii.gz
  [PROC] sub-134109
sub-134109 ses-1
ses-1: sub-134109_ses-1_acq-1k3k64d_space-ACPC_model-mapmri_param-mapcoeffs_dwimap.nii.gz
  [DONE] → sub-134109_ses-1_acq-1k3k64d_space-MNI152NLin2009cAsym_res-02_model-mapmri_param-mapcoeffs_dwimap.nii.gz
  [PROC] sub-134109
sub-134109 ses-1
ses-1: sub-134109_ses-1_acq-1k3k64d_space-ACPC_model-mapmri_param-msd_dwimap.nii.gz
  [DONE] → sub-134109_ses-1_acq-1k3k64d_space-MNI152NLin2009cAsym_res-02_model-mapmri_param-msd_dwimap.nii.gz
  [PROC] sub-134109
sub-134109 ses-1
ses-1: sub-134109_ses-1_acq-1k3k64d_space-ACPC_model-mapmri_param-qiv_dwimap.nii.gz
  [DONE] → sub-134109_ses-1_acq-1k3k64d_space-MNI152NLin2009cAsym_res-02_model-mapmri_param-qiv_dwimap.nii.gz
  [PROC] sub-134109
sub-134109 ses-1
ses-1: sub-134109_ses-1_acq-1k3k64d_space-ACPC_model-mapmri_param-rtap_dwimap.nii.gz
  [DONE] → sub-134109_ses-1_acq-1k3k64d_space-MNI152NLin2009cAsym_res-02_model-mapmri_param-rtap_dwimap.nii.gz
  [PROC] sub-134109
sub-134109 ses-1
ses-1: sub-134109_ses-1_acq-1k3k64d_space-ACPC_model-mapmri_param-rtop_dwimap.nii.gz
  [DONE] → sub-134109_ses-1_acq-1k3k64d_space-MNI152NLin2009cAsym_res-02_model-mapmri_param-rtop_dwimap.nii.gz
  [PROC] sub-134109
sub-134109 ses-1
ses-1: sub-134109_ses-1_acq-1k3k64d_space-ACPC_model-mapmri_param-rtpp_dwimap.nii.gz
  [DONE] → sub-134109_ses-1_acq-1k3k64d_space-MNI152NLin2009cAsym_res-02_model-mapmri_param-rtpp_dwimap.nii.gz
  [PROC] sub-134110
sub-134110 ses-1
ses-1: sub-134110_ses-1_acq-1k3k64d_space-ACPC_model-mapmri_param-lapnorm_dwimap.nii.gz
  [DONE] → sub-134110_ses-1_acq-1k3k64d_space-MNI152NLin2009cAsym_res-02_model-mapmri_param-lapnorm_dwimap.nii.gz
  [PROC] sub-134110
sub-134110 ses-1
ses-1: sub-134110_ses-1_acq-1k3k64d_space-ACPC_model-mapmri_param-mapcoeffs_dwimap.nii.gz
  [DONE] → sub-134110_ses-1_acq-1k3k64d_space-MNI152NLin2009cAsym_res-02_model-mapmri_param-mapcoeffs_dwimap.nii.gz
  [PROC] sub-134110
sub-134110 ses-1
ses-1: sub-134110_ses-1_acq-1k3k64d_space-ACPC_model-mapmri_param-msd_dwimap.nii.gz
  [DONE] → sub-134110_ses-1_acq-1k3k64d_space-MNI152NLin2009cAsym_res-02_model-mapmri_param-msd_dwimap.nii.gz
  [PROC] sub-134110
sub-134110 ses-1
ses-1: sub-134110_ses-1_acq-1k3k64d_space-ACPC_model-mapmri_param-qiv_dwimap.nii.gz
  [DONE] → sub-134110_ses-1_acq-1k3k64d_space-MNI152NLin2009cAsym_res-02_model-mapmri_param-qiv_dwimap.nii.gz
  [PROC] sub-134110
sub-134110 ses-1
ses-1: sub-134110_ses-1_acq-1k3k64d_space-ACPC_model-mapmri_param-rtop_dwimap.nii.gz
  [DONE] → sub-134110_ses-1_acq-1k3k64d_space-MNI152NLin2009cAsym_res-02_model-mapmri_param-rtop_dwimap.nii.gz
  [PROC] sub-134110
sub-134110 ses-1
ses-1: sub-134110_ses-1_acq-1k3k64d_space-ACPC_model-mapmri_param-rtap_dwimap.nii.gz
  [DONE] → sub-134110_ses-1_acq-1k3k64d_space-MNI152NLin2009cAsym_res-02_model-mapmri_param-rtap_dwimap.nii.gz
  [PROC] sub-134110
sub-134110 ses-1
ses-1: sub-134110_ses-1_acq-1k3k64d_space-ACPC_model-mapmri_param-rtpp_dwimap.nii.gz
  [DONE] → sub-134110_ses-1_acq-1k3k64d_space-MNI152NLin2009cAsym_res-02_model-mapmri_param-rtpp_dwimap.nii.gz
  [PROC] sub-134110
sub-134110 ses-2
ses-2: sub-134110_ses-2_acq-1k3k64d_space-ACPC_model-mapmri_param-lapnorm_dwimap.nii.gz
  [DONE] → sub-134110_ses-2_acq-1k3k64d_space-MNI152NLin2009cAsym_res-02_model-mapmri_param-lapnorm_dwimap.nii.gz
  [PROC] sub-134110
sub-134110 ses-2
ses-2: sub-134110_ses-2_acq-1k3k64d_space-ACPC_model-mapmri_param-mapcoeffs_dwimap.nii.gz
  [DONE] → sub-134110_ses-2_acq-1k3k64d_space-MNI152NLin2009cAsym_res-02_model-mapmri_param-mapcoeffs_dwimap.nii.gz
  [PROC] sub-134110
sub-134110 ses-2
ses-2: sub-134110_ses-2_acq-1k3k64d_space-ACPC_model-mapmri_param-msd_dwimap.nii.gz
  [DONE] → sub-134110_ses-2_acq-1k3k64d_space-MNI152NLin2009cAsym_res-02_model-mapmri_param-msd_dwimap.nii.gz
  [PROC] sub-134110
sub-134110 ses-2
ses-2: sub-134110_ses-2_acq-1k3k64d_space-ACPC_model-mapmri_param-qiv_dwimap.nii.gz
  [DONE] → sub-134110_ses-2_acq-1k3k64d_space-MNI152NLin2009cAsym_res-02_model-mapmri_param-qiv_dwimap.nii.gz
  [PROC] sub-134110
sub-134110 ses-2
ses-2: sub-134110_ses-2_acq-1k3k64d_space-ACPC_model-mapmri_param-rtap_dwimap.nii.gz
  [DONE] → sub-134110_ses-2_acq-1k3k64d_space-MNI152NLin2009cAsym_res-02_model-mapmri_param-rtap_dwimap.nii.gz
  [PROC] sub-134110
sub-134110 ses-2
ses-2: sub-134110_ses-2_acq-1k3k64d_space-ACPC_model-mapmri_param-rtop_dwimap.nii.gz
  [DONE] → sub-134110_ses-2_acq-1k3k64d_space-MNI152NLin2009cAsym_res-02_model-mapmri_param-rtop_dwimap.nii.gz
  [PROC] sub-134110
sub-134110 ses-2
ses-2: sub-134110_ses-2_acq-1k3k64d_space-ACPC_model-mapmri_param-rtpp_dwimap.nii.gz
  [DONE] → sub-134110_ses-2_acq-1k3k64d_space-MNI152NLin2009cAsym_res-02_model-mapmri_param-rtpp_dwimap.nii.gz
  [PROC] sub-134110
sub-134110 ses-3
ses-3: sub-134110_ses-3_acq-1k3k64d_space-ACPC_model-mapmri_param-lapnorm_dwimap.nii.gz
  [DONE] → sub-134110_ses-3_acq-1k3k64d_space-MNI152NLin2009cAsym_res-02_model-mapmri_param-lapnorm_dwimap.nii.gz
  [PROC] sub-134110
sub-134110 ses-3
ses-3: sub-134110_ses-3_acq-1k3k64d_space-ACPC_model-mapmri_param-mapcoeffs_dwimap.nii.gz
  [DONE] → sub-134110_ses-3_acq-1k3k64d_space-MNI152NLin2009cAsym_res-02_model-mapmri_param-mapcoeffs_dwimap.nii.gz
  [PROC] sub-134110
sub-134110 ses-3
ses-3: sub-134110_ses-3_acq-1k3k64d_space-ACPC_model-mapmri_param-msd_dwimap.nii.gz
  [DONE] → sub-134110_ses-3_acq-1k3k64d_space-MNI152NLin2009cAsym_res-02_model-mapmri_param-msd_dwimap.nii.gz
  [PROC] sub-134110
sub-134110 ses-3
ses-3: sub-134110_ses-3_acq-1k3k64d_space-ACPC_model-mapmri_param-qiv_dwimap.nii.gz
  [DONE] → sub-134110_ses-3_acq-1k3k64d_space-MNI152NLin2009cAsym_res-02_model-mapmri_param-qiv_dwimap.nii.gz
  [PROC] sub-134110
sub-134110 ses-3
ses-3: sub-134110_ses-3_acq-1k3k64d_space-ACPC_model-mapmri_param-rtap_dwimap.nii.gz
  [DONE] → sub-134110_ses-3_acq-1k3k64d_space-MNI152NLin2009cAsym_res-02_model-mapmri_param-rtap_dwimap.nii.gz
  [PROC] sub-134110
sub-134110 ses-3
ses-3: sub-134110_ses-3_acq-1k3k64d_space-ACPC_model-mapmri_param-rtop_dwimap.nii.gz
  [DONE] → sub-134110_ses-3_acq-1k3k64d_space-MNI152NLin2009cAsym_res-02_model-mapmri_param-rtop_dwimap.nii.gz
  [PROC] sub-134110
sub-134110 ses-3
ses-3: sub-134110_ses-3_acq-1k3k64d_space-ACPC_model-mapmri_param-rtpp_dwimap.nii.gz
  [DONE] → sub-134110_ses-3_acq-1k3k64d_space-MNI152NLin2009cAsym_res-02_model-mapmri_param-rtpp_dwimap.nii.gz
  [PROC] sub-134111
sub-134111 ses-1
ses-1: sub-134111_ses-1_acq-1k3k64d_space-ACPC_model-mapmri_param-lapnorm_dwimap.nii.gz
  [DONE] → sub-134111_ses-1_acq-1k3k64d_space-MNI152NLin2009cAsym_res-02_model-mapmri_param-lapnorm_dwimap.nii.gz
  [PROC] sub-134111
sub-134111 ses-1
ses-1: sub-134111_ses-1_acq-1k3k64d_space-ACPC_model-mapmri_param-mapcoeffs_dwimap.nii.gz
  [DONE] → sub-134111_ses-1_acq-1k3k64d_space-MNI152NLin2009cAsym_res-02_model-mapmri_param-mapcoeffs_dwimap.nii.gz
  [PROC] sub-134111
sub-134111 ses-1
ses-1: sub-134111_ses-1_acq-1k3k64d_space-ACPC_model-mapmri_param-msd_dwimap.nii.gz
  [DONE] → sub-134111_ses-1_acq-1k3k64d_space-MNI152NLin2009cAsym_res-02_model-mapmri_param-msd_dwimap.nii.gz
  [PROC] sub-134111
sub-134111 ses-1
ses-1: sub-134111_ses-1_acq-1k3k64d_space-ACPC_model-mapmri_param-qiv_dwimap.nii.gz
  [DONE] → sub-134111_ses-1_acq-1k3k64d_space-MNI152NLin2009cAsym_res-02_model-mapmri_param-qiv_dwimap.nii.gz
  [PROC] sub-134111
sub-134111 ses-1
ses-1: sub-134111_ses-1_acq-1k3k64d_space-ACPC_model-mapmri_param-rtap_dwimap.nii.gz
  [DONE] → sub-134111_ses-1_acq-1k3k64d_space-MNI152NLin2009cAsym_res-02_model-mapmri_param-rtap_dwimap.nii.gz
  [PROC] sub-134111
sub-134111 ses-1
ses-1: sub-134111_ses-1_acq-1k3k64d_space-ACPC_model-mapmri_param-rtop_dwimap.nii.gz
  [DONE] → sub-134111_ses-1_acq-1k3k64d_space-MNI152NLin2009cAsym_res-02_model-mapmri_param-rtop_dwimap.nii.gz
  [PROC] sub-134111
sub-134111 ses-1
ses-1: sub-134111_ses-1_acq-1k3k64d_space-ACPC_model-mapmri_param-rtpp_dwimap.nii.gz
  [DONE] → sub-134111_ses-1_acq-1k3k64d_space-MNI152NLin2009cAsym_res-02_model-mapmri_param-rtpp_dwimap.nii.gz
  [PROC] sub-134111
sub-134111 ses-2
ses-2: sub-134111_ses-2_acq-1k3k64d_space-ACPC_model-mapmri_param-lapnorm_dwimap.nii.gz
  [DONE] → sub-134111_ses-2_acq-1k3k64d_space-MNI152NLin2009cAsym_res-02_model-mapmri_param-lapnorm_dwimap.nii.gz
  [PROC] sub-134111
sub-134111 ses-2
ses-2: sub-134111_ses-2_acq-1k3k64d_space-ACPC_model-mapmri_param-mapcoeffs_dwimap.nii.gz
  [DONE] → sub-134111_ses-2_acq-1k3k64d_space-MNI152NLin2009cAsym_res-02_model-mapmri_param-mapcoeffs_dwimap.nii.gz
  [PROC] sub-134111
sub-134111 ses-2
ses-2: sub-134111_ses-2_acq-1k3k64d_space-ACPC_model-mapmri_param-msd_dwimap.nii.gz
  [DONE] → sub-134111_ses-2_acq-1k3k64d_space-MNI152NLin2009cAsym_res-02_model-mapmri_param-msd_dwimap.nii.gz
  [PROC] sub-134111
sub-134111 ses-2
ses-2: sub-134111_ses-2_acq-1k3k64d_space-ACPC_model-mapmri_param-qiv_dwimap.nii.gz
  [DONE] → sub-134111_ses-2_acq-1k3k64d_space-MNI152NLin2009cAsym_res-02_model-mapmri_param-qiv_dwimap.nii.gz
  [PROC] sub-134111
sub-134111 ses-2
ses-2: sub-134111_ses-2_acq-1k3k64d_space-ACPC_model-mapmri_param-rtap_dwimap.nii.gz
  [DONE] → sub-134111_ses-2_acq-1k3k64d_space-MNI152NLin2009cAsym_res-02_model-mapmri_param-rtap_dwimap.nii.gz
  [PROC] sub-134111
sub-134111 ses-2
ses-2: sub-134111_ses-2_acq-1k3k64d_space-ACPC_model-mapmri_param-rtop_dwimap.nii.gz
  [DONE] → sub-134111_ses-2_acq-1k3k64d_space-MNI152NLin2009cAsym_res-02_model-mapmri_param-rtop_dwimap.nii.gz
  [PROC] sub-134111
sub-134111 ses-2
ses-2: sub-134111_ses-2_acq-1k3k64d_space-ACPC_model-mapmri_param-rtpp_dwimap.nii.gz
  [DONE] → sub-134111_ses-2_acq-1k3k64d_space-MNI152NLin2009cAsym_res-02_model-mapmri_param-rtpp_dwimap.nii.gz
  [PROC] sub-134111
sub-134111 ses-3
ses-3: sub-134111_ses-3_acq-1k3k64d_space-ACPC_model-mapmri_param-lapnorm_dwimap.nii.gz
  [DONE] → sub-134111_ses-3_acq-1k3k64d_space-MNI152NLin2009cAsym_res-02_model-mapmri_param-lapnorm_dwimap.nii.gz
  [PROC] sub-134111
sub-134111 ses-3
ses-3: sub-134111_ses-3_acq-1k3k64d_space-ACPC_model-mapmri_param-mapcoeffs_dwimap.nii.gz
  [DONE] → sub-134111_ses-3_acq-1k3k64d_space-MNI152NLin2009cAsym_res-02_model-mapmri_param-mapcoeffs_dwimap.nii.gz
  [PROC] sub-134111
sub-134111 ses-3
ses-3: sub-134111_ses-3_acq-1k3k64d_space-ACPC_model-mapmri_param-msd_dwimap.nii.gz
  [DONE] → sub-134111_ses-3_acq-1k3k64d_space-MNI152NLin2009cAsym_res-02_model-mapmri_param-msd_dwimap.nii.gz
  [PROC] sub-134111
sub-134111 ses-3
ses-3: sub-134111_ses-3_acq-1k3k64d_space-ACPC_model-mapmri_param-qiv_dwimap.nii.gz
  [DONE] → sub-134111_ses-3_acq-1k3k64d_space-MNI152NLin2009cAsym_res-02_model-mapmri_param-qiv_dwimap.nii.gz
  [PROC] sub-134111
sub-134111 ses-3
ses-3: sub-134111_ses-3_acq-1k3k64d_space-ACPC_model-mapmri_param-rtap_dwimap.nii.gz
  [DONE] → sub-134111_ses-3_acq-1k3k64d_space-MNI152NLin2009cAsym_res-02_model-mapmri_param-rtap_dwimap.nii.gz
  [PROC] sub-134111
sub-134111 ses-3
ses-3: sub-134111_ses-3_acq-1k3k64d_space-ACPC_model-mapmri_param-rtop_dwimap.nii.gz
  [DONE] → sub-134111_ses-3_acq-1k3k64d_space-MNI152NLin2009cAsym_res-02_model-mapmri_param-rtop_dwimap.nii.gz
  [PROC] sub-134111
sub-134111 ses-3
ses-3: sub-134111_ses-3_acq-1k3k64d_space-ACPC_model-mapmri_param-rtpp_dwimap.nii.gz
  [DONE] → sub-134111_ses-3_acq-1k3k64d_space-MNI152NLin2009cAsym_res-02_model-mapmri_param-rtpp_dwimap.nii.gz
  [PROC] sub-134112
sub-134112 ses-1
ses-1: sub-134112_ses-1_acq-1k3k64d_space-ACPC_model-mapmri_param-lapnorm_dwimap.nii.gz
  [DONE] → sub-134112_ses-1_acq-1k3k64d_space-MNI152NLin2009cAsym_res-02_model-mapmri_param-lapnorm_dwimap.nii.gz
  [PROC] sub-134112
sub-134112 ses-1
ses-1: sub-134112_ses-1_acq-1k3k64d_space-ACPC_model-mapmri_param-mapcoeffs_dwimap.nii.gz
  [DONE] → sub-134112_ses-1_acq-1k3k64d_space-MNI152NLin2009cAsym_res-02_model-mapmri_param-mapcoeffs_dwimap.nii.gz
  [PROC] sub-134112
sub-134112 ses-1
ses-1: sub-134112_ses-1_acq-1k3k64d_space-ACPC_model-mapmri_param-msd_dwimap.nii.gz
  [DONE] → sub-134112_ses-1_acq-1k3k64d_space-MNI152NLin2009cAsym_res-02_model-mapmri_param-msd_dwimap.nii.gz
  [PROC] sub-134112
sub-134112 ses-1
ses-1: sub-134112_ses-1_acq-1k3k64d_space-ACPC_model-mapmri_param-qiv_dwimap.nii.gz
  [DONE] → sub-134112_ses-1_acq-1k3k64d_space-MNI152NLin2009cAsym_res-02_model-mapmri_param-qiv_dwimap.nii.gz
  [PROC] sub-134112
sub-134112 ses-1
ses-1: sub-134112_ses-1_acq-1k3k64d_space-ACPC_model-mapmri_param-rtap_dwimap.nii.gz
  [DONE] → sub-134112_ses-1_acq-1k3k64d_space-MNI152NLin2009cAsym_res-02_model-mapmri_param-rtap_dwimap.nii.gz
  [PROC] sub-134112
sub-134112 ses-1
ses-1: sub-134112_ses-1_acq-1k3k64d_space-ACPC_model-mapmri_param-rtop_dwimap.nii.gz
  [DONE] → sub-134112_ses-1_acq-1k3k64d_space-MNI152NLin2009cAsym_res-02_model-mapmri_param-rtop_dwimap.nii.gz
  [PROC] sub-134112
sub-134112 ses-1
ses-1: sub-134112_ses-1_acq-1k3k64d_space-ACPC_model-mapmri_param-rtpp_dwimap.nii.gz
  [DONE] → sub-134112_ses-1_acq-1k3k64d_space-MNI152NLin2009cAsym_res-02_model-mapmri_param-rtpp_dwimap.nii.gz
  [PROC] sub-134112
sub-134112 ses-2
ses-2: sub-134112_ses-2_acq-1k3k64d_space-ACPC_model-mapmri_param-lapnorm_dwimap.nii.gz
  [DONE] → sub-134112_ses-2_acq-1k3k64d_space-MNI152NLin2009cAsym_res-02_model-mapmri_param-lapnorm_dwimap.nii.gz
  [PROC] sub-134112
sub-134112 ses-2
ses-2: sub-134112_ses-2_acq-1k3k64d_space-ACPC_model-mapmri_param-mapcoeffs_dwimap.nii.gz
  [DONE] → sub-134112_ses-2_acq-1k3k64d_space-MNI152NLin2009cAsym_res-02_model-mapmri_param-mapcoeffs_dwimap.nii.gz
  [PROC] sub-134112
sub-134112 ses-2
ses-2: sub-134112_ses-2_acq-1k3k64d_space-ACPC_model-mapmri_param-msd_dwimap.nii.gz
  [DONE] → sub-134112_ses-2_acq-1k3k64d_space-MNI152NLin2009cAsym_res-02_model-mapmri_param-msd_dwimap.nii.gz
  [PROC] sub-134112
sub-134112 ses-2
ses-2: sub-134112_ses-2_acq-1k3k64d_space-ACPC_model-mapmri_param-qiv_dwimap.nii.gz
  [DONE] → sub-134112_ses-2_acq-1k3k64d_space-MNI152NLin2009cAsym_res-02_model-mapmri_param-qiv_dwimap.nii.gz
  [PROC] sub-134112
sub-134112 ses-2
ses-2: sub-134112_ses-2_acq-1k3k64d_space-ACPC_model-mapmri_param-rtap_dwimap.nii.gz
  [DONE] → sub-134112_ses-2_acq-1k3k64d_space-MNI152NLin2009cAsym_res-02_model-mapmri_param-rtap_dwimap.nii.gz
  [PROC] sub-134112
sub-134112 ses-2
ses-2: sub-134112_ses-2_acq-1k3k64d_space-ACPC_model-mapmri_param-rtop_dwimap.nii.gz
  [DONE] → sub-134112_ses-2_acq-1k3k64d_space-MNI152NLin2009cAsym_res-02_model-mapmri_param-rtop_dwimap.nii.gz
  [PROC] sub-134112
sub-134112 ses-2
ses-2: sub-134112_ses-2_acq-1k3k64d_space-ACPC_model-mapmri_param-rtpp_dwimap.nii.gz
  [DONE] → sub-134112_ses-2_acq-1k3k64d_space-MNI152NLin2009cAsym_res-02_model-mapmri_param-rtpp_dwimap.nii.gz
  [PROC] sub-134112
sub-134112 ses-3
ses-3: sub-134112_ses-3_acq-1k3k64d_space-ACPC_model-mapmri_param-lapnorm_dwimap.nii.gz
  [DONE] → sub-134112_ses-3_acq-1k3k64d_space-MNI152NLin2009cAsym_res-02_model-mapmri_param-lapnorm_dwimap.nii.gz
  [PROC] sub-134112
sub-134112 ses-3
ses-3: sub-134112_ses-3_acq-1k3k64d_space-ACPC_model-mapmri_param-mapcoeffs_dwimap.nii.gz
  [DONE] → sub-134112_ses-3_acq-1k3k64d_space-MNI152NLin2009cAsym_res-02_model-mapmri_param-mapcoeffs_dwimap.nii.gz
  [PROC] sub-134112
sub-134112 ses-3
ses-3: sub-134112_ses-3_acq-1k3k64d_space-ACPC_model-mapmri_param-msd_dwimap.nii.gz
  [DONE] → sub-134112_ses-3_acq-1k3k64d_space-MNI152NLin2009cAsym_res-02_model-mapmri_param-msd_dwimap.nii.gz
  [PROC] sub-134112
sub-134112 ses-3
ses-3: sub-134112_ses-3_acq-1k3k64d_space-ACPC_model-mapmri_param-qiv_dwimap.nii.gz
  [DONE] → sub-134112_ses-3_acq-1k3k64d_space-MNI152NLin2009cAsym_res-02_model-mapmri_param-qiv_dwimap.nii.gz
  [PROC] sub-134112
sub-134112 ses-3
ses-3: sub-134112_ses-3_acq-1k3k64d_space-ACPC_model-mapmri_param-rtap_dwimap.nii.gz
  [DONE] → sub-134112_ses-3_acq-1k3k64d_space-MNI152NLin2009cAsym_res-02_model-mapmri_param-rtap_dwimap.nii.gz
  [PROC] sub-134112
sub-134112 ses-3
ses-3: sub-134112_ses-3_acq-1k3k64d_space-ACPC_model-mapmri_param-rtop_dwimap.nii.gz
  [DONE] → sub-134112_ses-3_acq-1k3k64d_space-MNI152NLin2009cAsym_res-02_model-mapmri_param-rtop_dwimap.nii.gz
  [PROC] sub-134112
sub-134112 ses-3
ses-3: sub-134112_ses-3_acq-1k3k64d_space-ACPC_model-mapmri_param-rtpp_dwimap.nii.gz
  [DONE] → sub-134112_ses-3_acq-1k3k64d_space-MNI152NLin2009cAsym_res-02_model-mapmri_param-rtpp_dwimap.nii.gz
  [PROC] sub-134113
sub-134113 ses-1
ses-1: sub-134113_ses-1_acq-1k3k64d_space-ACPC_model-mapmri_param-lapnorm_dwimap.nii.gz
  [DONE] → sub-134113_ses-1_acq-1k3k64d_space-MNI152NLin2009cAsym_res-02_model-mapmri_param-lapnorm_dwimap.nii.gz
  [PROC] sub-134113
sub-134113 ses-1
ses-1: sub-134113_ses-1_acq-1k3k64d_space-ACPC_model-mapmri_param-mapcoeffs_dwimap.nii.gz
  [DONE] → sub-134113_ses-1_acq-1k3k64d_space-MNI152NLin2009cAsym_res-02_model-mapmri_param-mapcoeffs_dwimap.nii.gz
  [PROC] sub-134113
sub-134113 ses-1
ses-1: sub-134113_ses-1_acq-1k3k64d_space-ACPC_model-mapmri_param-msd_dwimap.nii.gz
  [DONE] → sub-134113_ses-1_acq-1k3k64d_space-MNI152NLin2009cAsym_res-02_model-mapmri_param-msd_dwimap.nii.gz
  [PROC] sub-134113
sub-134113 ses-1
ses-1: sub-134113_ses-1_acq-1k3k64d_space-ACPC_model-mapmri_param-qiv_dwimap.nii.gz
  [DONE] → sub-134113_ses-1_acq-1k3k64d_space-MNI152NLin2009cAsym_res-02_model-mapmri_param-qiv_dwimap.nii.gz
  [PROC] sub-134113
sub-134113 ses-1
ses-1: sub-134113_ses-1_acq-1k3k64d_space-ACPC_model-mapmri_param-rtap_dwimap.nii.gz
  [DONE] → sub-134113_ses-1_acq-1k3k64d_space-MNI152NLin2009cAsym_res-02_model-mapmri_param-rtap_dwimap.nii.gz
  [PROC] sub-134113
sub-134113 ses-1
ses-1: sub-134113_ses-1_acq-1k3k64d_space-ACPC_model-mapmri_param-rtop_dwimap.nii.gz
  [DONE] → sub-134113_ses-1_acq-1k3k64d_space-MNI152NLin2009cAsym_res-02_model-mapmri_param-rtop_dwimap.nii.gz
  [PROC] sub-134113
sub-134113 ses-1
ses-1: sub-134113_ses-1_acq-1k3k64d_space-ACPC_model-mapmri_param-rtpp_dwimap.nii.gz
  [DONE] → sub-134113_ses-1_acq-1k3k64d_space-MNI152NLin2009cAsym_res-02_model-mapmri_param-rtpp_dwimap.nii.gz
  [PROC] sub-134113
sub-134113 ses-2
ses-2: sub-134113_ses-2_acq-1k3k64d_space-ACPC_model-mapmri_param-lapnorm_dwimap.nii.gz
  [DONE] → sub-134113_ses-2_acq-1k3k64d_space-MNI152NLin2009cAsym_res-02_model-mapmri_param-lapnorm_dwimap.nii.gz
  [PROC] sub-134113
sub-134113 ses-2
ses-2: sub-134113_ses-2_acq-1k3k64d_space-ACPC_model-mapmri_param-mapcoeffs_dwimap.nii.gz
  [DONE] → sub-134113_ses-2_acq-1k3k64d_space-MNI152NLin2009cAsym_res-02_model-mapmri_param-mapcoeffs_dwimap.nii.gz
  [PROC] sub-134113
sub-134113 ses-2
ses-2: sub-134113_ses-2_acq-1k3k64d_space-ACPC_model-mapmri_param-msd_dwimap.nii.gz
  [DONE] → sub-134113_ses-2_acq-1k3k64d_space-MNI152NLin2009cAsym_res-02_model-mapmri_param-msd_dwimap.nii.gz
  [PROC] sub-134113
sub-134113 ses-2
ses-2: sub-134113_ses-2_acq-1k3k64d_space-ACPC_model-mapmri_param-qiv_dwimap.nii.gz
  [DONE] → sub-134113_ses-2_acq-1k3k64d_space-MNI152NLin2009cAsym_res-02_model-mapmri_param-qiv_dwimap.nii.gz
  [PROC] sub-134113
sub-134113 ses-2
ses-2: sub-134113_ses-2_acq-1k3k64d_space-ACPC_model-mapmri_param-rtap_dwimap.nii.gz
  [DONE] → sub-134113_ses-2_acq-1k3k64d_space-MNI152NLin2009cAsym_res-02_model-mapmri_param-rtap_dwimap.nii.gz
  [PROC] sub-134113
sub-134113 ses-2
ses-2: sub-134113_ses-2_acq-1k3k64d_space-ACPC_model-mapmri_param-rtop_dwimap.nii.gz
  [DONE] → sub-134113_ses-2_acq-1k3k64d_space-MNI152NLin2009cAsym_res-02_model-mapmri_param-rtop_dwimap.nii.gz
  [PROC] sub-134113
sub-134113 ses-2
ses-2: sub-134113_ses-2_acq-1k3k64d_space-ACPC_model-mapmri_param-rtpp_dwimap.nii.gz
  [DONE] → sub-134113_ses-2_acq-1k3k64d_space-MNI152NLin2009cAsym_res-02_model-mapmri_param-rtpp_dwimap.nii.gz
  [PROC] sub-134113
sub-134113 ses-3
ses-3: sub-134113_ses-3_acq-1k3k64d_space-ACPC_model-mapmri_param-lapnorm_dwimap.nii.gz
  [DONE] → sub-134113_ses-3_acq-1k3k64d_space-MNI152NLin2009cAsym_res-02_model-mapmri_param-lapnorm_dwimap.nii.gz
  [PROC] sub-134113
sub-134113 ses-3
ses-3: sub-134113_ses-3_acq-1k3k64d_space-ACPC_model-mapmri_param-mapcoeffs_dwimap.nii.gz
  [DONE] → sub-134113_ses-3_acq-1k3k64d_space-MNI152NLin2009cAsym_res-02_model-mapmri_param-mapcoeffs_dwimap.nii.gz
  [PROC] sub-134113
sub-134113 ses-3
ses-3: sub-134113_ses-3_acq-1k3k64d_space-ACPC_model-mapmri_param-msd_dwimap.nii.gz
  [DONE] → sub-134113_ses-3_acq-1k3k64d_space-MNI152NLin2009cAsym_res-02_model-mapmri_param-msd_dwimap.nii.gz
  [PROC] sub-134113
sub-134113 ses-3
ses-3: sub-134113_ses-3_acq-1k3k64d_space-ACPC_model-mapmri_param-qiv_dwimap.nii.gz
  [DONE] → sub-134113_ses-3_acq-1k3k64d_space-MNI152NLin2009cAsym_res-02_model-mapmri_param-qiv_dwimap.nii.gz
  [PROC] sub-134113
sub-134113 ses-3
ses-3: sub-134113_ses-3_acq-1k3k64d_space-ACPC_model-mapmri_param-rtap_dwimap.nii.gz
  [DONE] → sub-134113_ses-3_acq-1k3k64d_space-MNI152NLin2009cAsym_res-02_model-mapmri_param-rtap_dwimap.nii.gz
  [PROC] sub-134113
sub-134113 ses-3
ses-3: sub-134113_ses-3_acq-1k3k64d_space-ACPC_model-mapmri_param-rtop_dwimap.nii.gz
  [DONE] → sub-134113_ses-3_acq-1k3k64d_space-MNI152NLin2009cAsym_res-02_model-mapmri_param-rtop_dwimap.nii.gz
  [PROC] sub-134113
sub-134113 ses-3
ses-3: sub-134113_ses-3_acq-1k3k64d_space-ACPC_model-mapmri_param-rtpp_dwimap.nii.gz
  [DONE] → sub-134113_ses-3_acq-1k3k64d_space-MNI152NLin2009cAsym_res-02_model-mapmri_param-rtpp_dwimap.nii.gz
  [PROC] sub-134114
sub-134114 ses-1
ses-1: sub-134114_ses-1_acq-1k3k64d_space-ACPC_model-mapmri_param-lapnorm_dwimap.nii.gz
  [DONE] → sub-134114_ses-1_acq-1k3k64d_space-MNI152NLin2009cAsym_res-02_model-mapmri_param-lapnorm_dwimap.nii.gz
  [PROC] sub-134114
sub-134114 ses-1
ses-1: sub-134114_ses-1_acq-1k3k64d_space-ACPC_model-mapmri_param-mapcoeffs_dwimap.nii.gz
  [DONE] → sub-134114_ses-1_acq-1k3k64d_space-MNI152NLin2009cAsym_res-02_model-mapmri_param-mapcoeffs_dwimap.nii.gz
  [PROC] sub-134114
sub-134114 ses-1
ses-1: sub-134114_ses-1_acq-1k3k64d_space-ACPC_model-mapmri_param-msd_dwimap.nii.gz
  [DONE] → sub-134114_ses-1_acq-1k3k64d_space-MNI152NLin2009cAsym_res-02_model-mapmri_param-msd_dwimap.nii.gz
  [PROC] sub-134114
sub-134114 ses-1
ses-1: sub-134114_ses-1_acq-1k3k64d_space-ACPC_model-mapmri_param-qiv_dwimap.nii.gz
  [DONE] → sub-134114_ses-1_acq-1k3k64d_space-MNI152NLin2009cAsym_res-02_model-mapmri_param-qiv_dwimap.nii.gz
  [PROC] sub-134114
sub-134114 ses-1
ses-1: sub-134114_ses-1_acq-1k3k64d_space-ACPC_model-mapmri_param-rtap_dwimap.nii.gz
  [DONE] → sub-134114_ses-1_acq-1k3k64d_space-MNI152NLin2009cAsym_res-02_model-mapmri_param-rtap_dwimap.nii.gz
  [PROC] sub-134114
sub-134114 ses-1
ses-1: sub-134114_ses-1_acq-1k3k64d_space-ACPC_model-mapmri_param-rtop_dwimap.nii.gz
  [DONE] → sub-134114_ses-1_acq-1k3k64d_space-MNI152NLin2009cAsym_res-02_model-mapmri_param-rtop_dwimap.nii.gz
  [PROC] sub-134114
sub-134114 ses-1
ses-1: sub-134114_ses-1_acq-1k3k64d_space-ACPC_model-mapmri_param-rtpp_dwimap.nii.gz
  [DONE] → sub-134114_ses-1_acq-1k3k64d_space-MNI152NLin2009cAsym_res-02_model-mapmri_param-rtpp_dwimap.nii.gz
  [PROC] sub-134114
sub-134114 ses-2
ses-2: sub-134114_ses-2_acq-1k3k64d_space-ACPC_model-mapmri_param-lapnorm_dwimap.nii.gz
  [DONE] → sub-134114_ses-2_acq-1k3k64d_space-MNI152NLin2009cAsym_res-02_model-mapmri_param-lapnorm_dwimap.nii.gz
  [PROC] sub-134114
sub-134114 ses-2
ses-2: sub-134114_ses-2_acq-1k3k64d_space-ACPC_model-mapmri_param-mapcoeffs_dwimap.nii.gz
  [DONE] → sub-134114_ses-2_acq-1k3k64d_space-MNI152NLin2009cAsym_res-02_model-mapmri_param-mapcoeffs_dwimap.nii.gz
  [PROC] sub-134114
sub-134114 ses-2
ses-2: sub-134114_ses-2_acq-1k3k64d_space-ACPC_model-mapmri_param-msd_dwimap.nii.gz
  [DONE] → sub-134114_ses-2_acq-1k3k64d_space-MNI152NLin2009cAsym_res-02_model-mapmri_param-msd_dwimap.nii.gz
  [PROC] sub-134114
sub-134114 ses-2
ses-2: sub-134114_ses-2_acq-1k3k64d_space-ACPC_model-mapmri_param-qiv_dwimap.nii.gz
  [DONE] → sub-134114_ses-2_acq-1k3k64d_space-MNI152NLin2009cAsym_res-02_model-mapmri_param-qiv_dwimap.nii.gz
  [PROC] sub-134114
sub-134114 ses-2
ses-2: sub-134114_ses-2_acq-1k3k64d_space-ACPC_model-mapmri_param-rtap_dwimap.nii.gz
  [DONE] → sub-134114_ses-2_acq-1k3k64d_space-MNI152NLin2009cAsym_res-02_model-mapmri_param-rtap_dwimap.nii.gz
  [PROC] sub-134114
sub-134114 ses-2
ses-2: sub-134114_ses-2_acq-1k3k64d_space-ACPC_model-mapmri_param-rtop_dwimap.nii.gz
  [DONE] → sub-134114_ses-2_acq-1k3k64d_space-MNI152NLin2009cAsym_res-02_model-mapmri_param-rtop_dwimap.nii.gz
  [PROC] sub-134114
sub-134114 ses-2
ses-2: sub-134114_ses-2_acq-1k3k64d_space-ACPC_model-mapmri_param-rtpp_dwimap.nii.gz
  [DONE] → sub-134114_ses-2_acq-1k3k64d_space-MNI152NLin2009cAsym_res-02_model-mapmri_param-rtpp_dwimap.nii.gz
  [PROC] sub-134114
sub-134114 ses-3
ses-3: sub-134114_ses-3_acq-1k3k64d_space-ACPC_model-mapmri_param-lapnorm_dwimap.nii.gz
  [DONE] → sub-134114_ses-3_acq-1k3k64d_space-MNI152NLin2009cAsym_res-02_model-mapmri_param-lapnorm_dwimap.nii.gz
  [PROC] sub-134114
sub-134114 ses-3
ses-3: sub-134114_ses-3_acq-1k3k64d_space-ACPC_model-mapmri_param-mapcoeffs_dwimap.nii.gz
  [DONE] → sub-134114_ses-3_acq-1k3k64d_space-MNI152NLin2009cAsym_res-02_model-mapmri_param-mapcoeffs_dwimap.nii.gz
  [PROC] sub-134114
sub-134114 ses-3
ses-3: sub-134114_ses-3_acq-1k3k64d_space-ACPC_model-mapmri_param-msd_dwimap.nii.gz
  [DONE] → sub-134114_ses-3_acq-1k3k64d_space-MNI152NLin2009cAsym_res-02_model-mapmri_param-msd_dwimap.nii.gz
  [PROC] sub-134114
sub-134114 ses-3
ses-3: sub-134114_ses-3_acq-1k3k64d_space-ACPC_model-mapmri_param-qiv_dwimap.nii.gz
  [DONE] → sub-134114_ses-3_acq-1k3k64d_space-MNI152NLin2009cAsym_res-02_model-mapmri_param-qiv_dwimap.nii.gz
  [PROC] sub-134114
sub-134114 ses-3
ses-3: sub-134114_ses-3_acq-1k3k64d_space-ACPC_model-mapmri_param-rtop_dwimap.nii.gz
  [DONE] → sub-134114_ses-3_acq-1k3k64d_space-MNI152NLin2009cAsym_res-02_model-mapmri_param-rtop_dwimap.nii.gz
  [PROC] sub-134114
sub-134114 ses-3
ses-3: sub-134114_ses-3_acq-1k3k64d_space-ACPC_model-mapmri_param-rtap_dwimap.nii.gz
  [DONE] → sub-134114_ses-3_acq-1k3k64d_space-MNI152NLin2009cAsym_res-02_model-mapmri_param-rtap_dwimap.nii.gz
  [PROC] sub-134114
sub-134114 ses-3
ses-3: sub-134114_ses-3_acq-1k3k64d_space-ACPC_model-mapmri_param-rtpp_dwimap.nii.gz
  [DONE] → sub-134114_ses-3_acq-1k3k64d_space-MNI152NLin2009cAsym_res-02_model-mapmri_param-rtpp_dwimap.nii.gz
  [PROC] sub-134115
sub-134115 ses-1
ses-1: sub-134115_ses-1_acq-1k3k64d_space-ACPC_model-mapmri_param-lapnorm_dwimap.nii.gz
  [DONE] → sub-134115_ses-1_acq-1k3k64d_space-MNI152NLin2009cAsym_res-02_model-mapmri_param-lapnorm_dwimap.nii.gz
  [PROC] sub-134115
sub-134115 ses-1
ses-1: sub-134115_ses-1_acq-1k3k64d_space-ACPC_model-mapmri_param-mapcoeffs_dwimap.nii.gz
  [DONE] → sub-134115_ses-1_acq-1k3k64d_space-MNI152NLin2009cAsym_res-02_model-mapmri_param-mapcoeffs_dwimap.nii.gz
  [PROC] sub-134115
sub-134115 ses-1
ses-1: sub-134115_ses-1_acq-1k3k64d_space-ACPC_model-mapmri_param-msd_dwimap.nii.gz
  [DONE] → sub-134115_ses-1_acq-1k3k64d_space-MNI152NLin2009cAsym_res-02_model-mapmri_param-msd_dwimap.nii.gz
  [PROC] sub-134115
sub-134115 ses-1
ses-1: sub-134115_ses-1_acq-1k3k64d_space-ACPC_model-mapmri_param-qiv_dwimap.nii.gz
  [DONE] → sub-134115_ses-1_acq-1k3k64d_space-MNI152NLin2009cAsym_res-02_model-mapmri_param-qiv_dwimap.nii.gz
  [PROC] sub-134115
sub-134115 ses-1
ses-1: sub-134115_ses-1_acq-1k3k64d_space-ACPC_model-mapmri_param-rtap_dwimap.nii.gz
  [DONE] → sub-134115_ses-1_acq-1k3k64d_space-MNI152NLin2009cAsym_res-02_model-mapmri_param-rtap_dwimap.nii.gz
  [PROC] sub-134115
sub-134115 ses-1
ses-1: sub-134115_ses-1_acq-1k3k64d_space-ACPC_model-mapmri_param-rtop_dwimap.nii.gz
  [DONE] → sub-134115_ses-1_acq-1k3k64d_space-MNI152NLin2009cAsym_res-02_model-mapmri_param-rtop_dwimap.nii.gz
  [PROC] sub-134115
sub-134115 ses-1
ses-1: sub-134115_ses-1_acq-1k3k64d_space-ACPC_model-mapmri_param-rtpp_dwimap.nii.gz
  [DONE] → sub-134115_ses-1_acq-1k3k64d_space-MNI152NLin2009cAsym_res-02_model-mapmri_param-rtpp_dwimap.nii.gz
  [PROC] sub-134116
sub-134116 ses-1
ses-1: sub-134116_ses-1_acq-1k3k64d_space-ACPC_model-mapmri_param-lapnorm_dwimap.nii.gz
  [DONE] → sub-134116_ses-1_acq-1k3k64d_space-MNI152NLin2009cAsym_res-02_model-mapmri_param-lapnorm_dwimap.nii.gz
  [PROC] sub-134116
sub-134116 ses-1
ses-1: sub-134116_ses-1_acq-1k3k64d_space-ACPC_model-mapmri_param-mapcoeffs_dwimap.nii.gz
  [DONE] → sub-134116_ses-1_acq-1k3k64d_space-MNI152NLin2009cAsym_res-02_model-mapmri_param-mapcoeffs_dwimap.nii.gz
  [PROC] sub-134116
sub-134116 ses-1
ses-1: sub-134116_ses-1_acq-1k3k64d_space-ACPC_model-mapmri_param-msd_dwimap.nii.gz
  [DONE] → sub-134116_ses-1_acq-1k3k64d_space-MNI152NLin2009cAsym_res-02_model-mapmri_param-msd_dwimap.nii.gz
  [PROC] sub-134116
sub-134116 ses-1
ses-1: sub-134116_ses-1_acq-1k3k64d_space-ACPC_model-mapmri_param-qiv_dwimap.nii.gz
  [DONE] → sub-134116_ses-1_acq-1k3k64d_space-MNI152NLin2009cAsym_res-02_model-mapmri_param-qiv_dwimap.nii.gz
  [PROC] sub-134116
sub-134116 ses-1
ses-1: sub-134116_ses-1_acq-1k3k64d_space-ACPC_model-mapmri_param-rtap_dwimap.nii.gz
  [DONE] → sub-134116_ses-1_acq-1k3k64d_space-MNI152NLin2009cAsym_res-02_model-mapmri_param-rtap_dwimap.nii.gz
  [PROC] sub-134116
sub-134116 ses-1
ses-1: sub-134116_ses-1_acq-1k3k64d_space-ACPC_model-mapmri_param-rtop_dwimap.nii.gz
  [DONE] → sub-134116_ses-1_acq-1k3k64d_space-MNI152NLin2009cAsym_res-02_model-mapmri_param-rtop_dwimap.nii.gz
  [PROC] sub-134116
sub-134116 ses-1
ses-1: sub-134116_ses-1_acq-1k3k64d_space-ACPC_model-mapmri_param-rtpp_dwimap.nii.gz
  [DONE] → sub-134116_ses-1_acq-1k3k64d_space-MNI152NLin2009cAsym_res-02_model-mapmri_param-rtpp_dwimap.nii.gz
  [PROC] sub-134116
sub-134116 ses-2
ses-2: sub-134116_ses-2_acq-1k3k64d_space-ACPC_model-mapmri_param-lapnorm_dwimap.nii.gz
  [DONE] → sub-134116_ses-2_acq-1k3k64d_space-MNI152NLin2009cAsym_res-02_model-mapmri_param-lapnorm_dwimap.nii.gz
  [PROC] sub-134116
sub-134116 ses-2
ses-2: sub-134116_ses-2_acq-1k3k64d_space-ACPC_model-mapmri_param-mapcoeffs_dwimap.nii.gz
  [DONE] → sub-134116_ses-2_acq-1k3k64d_space-MNI152NLin2009cAsym_res-02_model-mapmri_param-mapcoeffs_dwimap.nii.gz
  [PROC] sub-134116
sub-134116 ses-2
ses-2: sub-134116_ses-2_acq-1k3k64d_space-ACPC_model-mapmri_param-msd_dwimap.nii.gz
  [DONE] → sub-134116_ses-2_acq-1k3k64d_space-MNI152NLin2009cAsym_res-02_model-mapmri_param-msd_dwimap.nii.gz
  [PROC] sub-134116
sub-134116 ses-2
ses-2: sub-134116_ses-2_acq-1k3k64d_space-ACPC_model-mapmri_param-qiv_dwimap.nii.gz
  [DONE] → sub-134116_ses-2_acq-1k3k64d_space-MNI152NLin2009cAsym_res-02_model-mapmri_param-qiv_dwimap.nii.gz
  [PROC] sub-134116
sub-134116 ses-2
ses-2: sub-134116_ses-2_acq-1k3k64d_space-ACPC_model-mapmri_param-rtap_dwimap.nii.gz
  [DONE] → sub-134116_ses-2_acq-1k3k64d_space-MNI152NLin2009cAsym_res-02_model-mapmri_param-rtap_dwimap.nii.gz
  [PROC] sub-134116
sub-134116 ses-2
ses-2: sub-134116_ses-2_acq-1k3k64d_space-ACPC_model-mapmri_param-rtop_dwimap.nii.gz
  [DONE] → sub-134116_ses-2_acq-1k3k64d_space-MNI152NLin2009cAsym_res-02_model-mapmri_param-rtop_dwimap.nii.gz
  [PROC] sub-134116
sub-134116 ses-2
ses-2: sub-134116_ses-2_acq-1k3k64d_space-ACPC_model-mapmri_param-rtpp_dwimap.nii.gz
  [DONE] → sub-134116_ses-2_acq-1k3k64d_space-MNI152NLin2009cAsym_res-02_model-mapmri_param-rtpp_dwimap.nii.gz
  [PROC] sub-134116
sub-134116 ses-3
ses-3: sub-134116_ses-3_acq-1k3k64d_space-ACPC_model-mapmri_param-lapnorm_dwimap.nii.gz
  [DONE] → sub-134116_ses-3_acq-1k3k64d_space-MNI152NLin2009cAsym_res-02_model-mapmri_param-lapnorm_dwimap.nii.gz
  [PROC] sub-134116
sub-134116 ses-3
ses-3: sub-134116_ses-3_acq-1k3k64d_space-ACPC_model-mapmri_param-mapcoeffs_dwimap.nii.gz
  [DONE] → sub-134116_ses-3_acq-1k3k64d_space-MNI152NLin2009cAsym_res-02_model-mapmri_param-mapcoeffs_dwimap.nii.gz
  [PROC] sub-134116
sub-134116 ses-3
ses-3: sub-134116_ses-3_acq-1k3k64d_space-ACPC_model-mapmri_param-msd_dwimap.nii.gz
  [DONE] → sub-134116_ses-3_acq-1k3k64d_space-MNI152NLin2009cAsym_res-02_model-mapmri_param-msd_dwimap.nii.gz
  [PROC] sub-134116
sub-134116 ses-3
ses-3: sub-134116_ses-3_acq-1k3k64d_space-ACPC_model-mapmri_param-qiv_dwimap.nii.gz
  [DONE] → sub-134116_ses-3_acq-1k3k64d_space-MNI152NLin2009cAsym_res-02_model-mapmri_param-qiv_dwimap.nii.gz
  [PROC] sub-134116
sub-134116 ses-3
ses-3: sub-134116_ses-3_acq-1k3k64d_space-ACPC_model-mapmri_param-rtap_dwimap.nii.gz
  [DONE] → sub-134116_ses-3_acq-1k3k64d_space-MNI152NLin2009cAsym_res-02_model-mapmri_param-rtap_dwimap.nii.gz
  [PROC] sub-134116
sub-134116 ses-3
ses-3: sub-134116_ses-3_acq-1k3k64d_space-ACPC_model-mapmri_param-rtop_dwimap.nii.gz
  [DONE] → sub-134116_ses-3_acq-1k3k64d_space-MNI152NLin2009cAsym_res-02_model-mapmri_param-rtop_dwimap.nii.gz
  [PROC] sub-134116
sub-134116 ses-3
ses-3: sub-134116_ses-3_acq-1k3k64d_space-ACPC_model-mapmri_param-rtpp_dwimap.nii.gz
  [DONE] → sub-134116_ses-3_acq-1k3k64d_space-MNI152NLin2009cAsym_res-02_model-mapmri_param-rtpp_dwimap.nii.gz
  [PROC] sub-134117
sub-134117 ses-1
ses-1: sub-134117_ses-1_acq-1k3k64d_space-ACPC_model-mapmri_param-lapnorm_dwimap.nii.gz
  [DONE] → sub-134117_ses-1_acq-1k3k64d_space-MNI152NLin2009cAsym_res-02_model-mapmri_param-lapnorm_dwimap.nii.gz
  [PROC] sub-134117
sub-134117 ses-1
ses-1: sub-134117_ses-1_acq-1k3k64d_space-ACPC_model-mapmri_param-msd_dwimap.nii.gz
  [DONE] → sub-134117_ses-1_acq-1k3k64d_space-MNI152NLin2009cAsym_res-02_model-mapmri_param-msd_dwimap.nii.gz
  [PROC] sub-134117
sub-134117 ses-1
ses-1: sub-134117_ses-1_acq-1k3k64d_space-ACPC_model-mapmri_param-mapcoeffs_dwimap.nii.gz
  [DONE] → sub-134117_ses-1_acq-1k3k64d_space-MNI152NLin2009cAsym_res-02_model-mapmri_param-mapcoeffs_dwimap.nii.gz
  [PROC] sub-134117
sub-134117 ses-1
ses-1: sub-134117_ses-1_acq-1k3k64d_space-ACPC_model-mapmri_param-qiv_dwimap.nii.gz
  [DONE] → sub-134117_ses-1_acq-1k3k64d_space-MNI152NLin2009cAsym_res-02_model-mapmri_param-qiv_dwimap.nii.gz
  [PROC] sub-134117
sub-134117 ses-1
ses-1: sub-134117_ses-1_acq-1k3k64d_space-ACPC_model-mapmri_param-rtap_dwimap.nii.gz
  [DONE] → sub-134117_ses-1_acq-1k3k64d_space-MNI152NLin2009cAsym_res-02_model-mapmri_param-rtap_dwimap.nii.gz
  [PROC] sub-134117
sub-134117 ses-1
ses-1: sub-134117_ses-1_acq-1k3k64d_space-ACPC_model-mapmri_param-rtop_dwimap.nii.gz
  [DONE] → sub-134117_ses-1_acq-1k3k64d_space-MNI152NLin2009cAsym_res-02_model-mapmri_param-rtop_dwimap.nii.gz
  [PROC] sub-134117
sub-134117 ses-1
ses-1: sub-134117_ses-1_acq-1k3k64d_space-ACPC_model-mapmri_param-rtpp_dwimap.nii.gz
  [DONE] → sub-134117_ses-1_acq-1k3k64d_space-MNI152NLin2009cAsym_res-02_model-mapmri_param-rtpp_dwimap.nii.gz
  [PROC] sub-134117
sub-134117 ses-2
ses-2: sub-134117_ses-2_acq-1k3k64d_space-ACPC_model-mapmri_param-mapcoeffs_dwimap.nii.gz
  [DONE] → sub-134117_ses-2_acq-1k3k64d_space-MNI152NLin2009cAsym_res-02_model-mapmri_param-mapcoeffs_dwimap.nii.gz
  [PROC] sub-134117
sub-134117 ses-2
ses-2: sub-134117_ses-2_acq-1k3k64d_space-ACPC_model-mapmri_param-lapnorm_dwimap.nii.gz
  [DONE] → sub-134117_ses-2_acq-1k3k64d_space-MNI152NLin2009cAsym_res-02_model-mapmri_param-lapnorm_dwimap.nii.gz
  [PROC] sub-134117
sub-134117 ses-2
ses-2: sub-134117_ses-2_acq-1k3k64d_space-ACPC_model-mapmri_param-qiv_dwimap.nii.gz
  [DONE] → sub-134117_ses-2_acq-1k3k64d_space-MNI152NLin2009cAsym_res-02_model-mapmri_param-qiv_dwimap.nii.gz
  [PROC] sub-134117
sub-134117 ses-2
ses-2: sub-134117_ses-2_acq-1k3k64d_space-ACPC_model-mapmri_param-msd_dwimap.nii.gz
  [DONE] → sub-134117_ses-2_acq-1k3k64d_space-MNI152NLin2009cAsym_res-02_model-mapmri_param-msd_dwimap.nii.gz
  [PROC] sub-134117
sub-134117 ses-2
ses-2: sub-134117_ses-2_acq-1k3k64d_space-ACPC_model-mapmri_param-rtop_dwimap.nii.gz
  [DONE] → sub-134117_ses-2_acq-1k3k64d_space-MNI152NLin2009cAsym_res-02_model-mapmri_param-rtop_dwimap.nii.gz
  [PROC] sub-134117
sub-134117 ses-2
ses-2: sub-134117_ses-2_acq-1k3k64d_space-ACPC_model-mapmri_param-rtap_dwimap.nii.gz
  [DONE] → sub-134117_ses-2_acq-1k3k64d_space-MNI152NLin2009cAsym_res-02_model-mapmri_param-rtap_dwimap.nii.gz
  [PROC] sub-134117
sub-134117 ses-3
ses-3: sub-134117_ses-3_acq-1k3k64d_space-ACPC_model-mapmri_param-lapnorm_dwimap.nii.gz
  [DONE] → sub-134117_ses-3_acq-1k3k64d_space-MNI152NLin2009cAsym_res-02_model-mapmri_param-lapnorm_dwimap.nii.gz
  [PROC] sub-134117
sub-134117 ses-2
ses-2: sub-134117_ses-2_acq-1k3k64d_space-ACPC_model-mapmri_param-rtpp_dwimap.nii.gz
  [DONE] → sub-134117_ses-2_acq-1k3k64d_space-MNI152NLin2009cAsym_res-02_model-mapmri_param-rtpp_dwimap.nii.gz
  [PROC] sub-134117
sub-134117 ses-3
ses-3: sub-134117_ses-3_acq-1k3k64d_space-ACPC_model-mapmri_param-mapcoeffs_dwimap.nii.gz
  [DONE] → sub-134117_ses-3_acq-1k3k64d_space-MNI152NLin2009cAsym_res-02_model-mapmri_param-mapcoeffs_dwimap.nii.gz
  [PROC] sub-134117
sub-134117 ses-3
ses-3: sub-134117_ses-3_acq-1k3k64d_space-ACPC_model-mapmri_param-msd_dwimap.nii.gz
  [DONE] → sub-134117_ses-3_acq-1k3k64d_space-MNI152NLin2009cAsym_res-02_model-mapmri_param-msd_dwimap.nii.gz
  [PROC] sub-134117
sub-134117 ses-3
ses-3: sub-134117_ses-3_acq-1k3k64d_space-ACPC_model-mapmri_param-qiv_dwimap.nii.gz
  [DONE] → sub-134117_ses-3_acq-1k3k64d_space-MNI152NLin2009cAsym_res-02_model-mapmri_param-qiv_dwimap.nii.gz
  [PROC] sub-134117
sub-134117 ses-3
ses-3: sub-134117_ses-3_acq-1k3k64d_space-ACPC_model-mapmri_param-rtap_dwimap.nii.gz
  [DONE] → sub-134117_ses-3_acq-1k3k64d_space-MNI152NLin2009cAsym_res-02_model-mapmri_param-rtap_dwimap.nii.gz
  [PROC] sub-134117
sub-134117 ses-3
ses-3: sub-134117_ses-3_acq-1k3k64d_space-ACPC_model-mapmri_param-rtop_dwimap.nii.gz
  [DONE] → sub-134117_ses-3_acq-1k3k64d_space-MNI152NLin2009cAsym_res-02_model-mapmri_param-rtop_dwimap.nii.gz
  [PROC] sub-134117
sub-134117 ses-3
ses-3: sub-134117_ses-3_acq-1k3k64d_space-ACPC_model-mapmri_param-rtpp_dwimap.nii.gz
  [DONE] → sub-134117_ses-3_acq-1k3k64d_space-MNI152NLin2009cAsym_res-02_model-mapmri_param-rtpp_dwimap.nii.gz
  [PROC] sub-134118
sub-134118 ses-1
ses-1: sub-134118_ses-1_acq-1k3k64d_space-ACPC_model-mapmri_param-lapnorm_dwimap.nii.gz
  [DONE] → sub-134118_ses-1_acq-1k3k64d_space-MNI152NLin2009cAsym_res-02_model-mapmri_param-lapnorm_dwimap.nii.gz
  [PROC] sub-134118
sub-134118 ses-1
ses-1: sub-134118_ses-1_acq-1k3k64d_space-ACPC_model-mapmri_param-mapcoeffs_dwimap.nii.gz
  [DONE] → sub-134118_ses-1_acq-1k3k64d_space-MNI152NLin2009cAsym_res-02_model-mapmri_param-mapcoeffs_dwimap.nii.gz
  [PROC] sub-134118
sub-134118 ses-1
ses-1: sub-134118_ses-1_acq-1k3k64d_space-ACPC_model-mapmri_param-msd_dwimap.nii.gz
  [DONE] → sub-134118_ses-1_acq-1k3k64d_space-MNI152NLin2009cAsym_res-02_model-mapmri_param-msd_dwimap.nii.gz
  [PROC] sub-134118
sub-134118 ses-1
ses-1: sub-134118_ses-1_acq-1k3k64d_space-ACPC_model-mapmri_param-qiv_dwimap.nii.gz
  [DONE] → sub-134118_ses-1_acq-1k3k64d_space-MNI152NLin2009cAsym_res-02_model-mapmri_param-qiv_dwimap.nii.gz
  [PROC] sub-134118
sub-134118 ses-1
ses-1: sub-134118_ses-1_acq-1k3k64d_space-ACPC_model-mapmri_param-rtop_dwimap.nii.gz
  [DONE] → sub-134118_ses-1_acq-1k3k64d_space-MNI152NLin2009cAsym_res-02_model-mapmri_param-rtop_dwimap.nii.gz
  [PROC] sub-134118
sub-134118 ses-1
ses-1: sub-134118_ses-1_acq-1k3k64d_space-ACPC_model-mapmri_param-rtap_dwimap.nii.gz
  [DONE] → sub-134118_ses-1_acq-1k3k64d_space-MNI152NLin2009cAsym_res-02_model-mapmri_param-rtap_dwimap.nii.gz
  [PROC] sub-134118
sub-134118 ses-1
ses-1: sub-134118_ses-1_acq-1k3k64d_space-ACPC_model-mapmri_param-rtpp_dwimap.nii.gz
  [DONE] → sub-134118_ses-1_acq-1k3k64d_space-MNI152NLin2009cAsym_res-02_model-mapmri_param-rtpp_dwimap.nii.gz
  [PROC] sub-134119
sub-134119 ses-1
ses-1: sub-134119_ses-1_acq-1k3k64d_space-ACPC_model-mapmri_param-lapnorm_dwimap.nii.gz
  [DONE] → sub-134119_ses-1_acq-1k3k64d_space-MNI152NLin2009cAsym_res-02_model-mapmri_param-lapnorm_dwimap.nii.gz
  [PROC] sub-134119
sub-134119 ses-1
ses-1: sub-134119_ses-1_acq-1k3k64d_space-ACPC_model-mapmri_param-mapcoeffs_dwimap.nii.gz
  [DONE] → sub-134119_ses-1_acq-1k3k64d_space-MNI152NLin2009cAsym_res-02_model-mapmri_param-mapcoeffs_dwimap.nii.gz
  [PROC] sub-134119
sub-134119 ses-1
ses-1: sub-134119_ses-1_acq-1k3k64d_space-ACPC_model-mapmri_param-msd_dwimap.nii.gz
  [DONE] → sub-134119_ses-1_acq-1k3k64d_space-MNI152NLin2009cAsym_res-02_model-mapmri_param-msd_dwimap.nii.gz
  [PROC] sub-134119
sub-134119 ses-1
ses-1: sub-134119_ses-1_acq-1k3k64d_space-ACPC_model-mapmri_param-qiv_dwimap.nii.gz
  [DONE] → sub-134119_ses-1_acq-1k3k64d_space-MNI152NLin2009cAsym_res-02_model-mapmri_param-qiv_dwimap.nii.gz
  [PROC] sub-134119
sub-134119 ses-1
ses-1: sub-134119_ses-1_acq-1k3k64d_space-ACPC_model-mapmri_param-rtap_dwimap.nii.gz
  [DONE] → sub-134119_ses-1_acq-1k3k64d_space-MNI152NLin2009cAsym_res-02_model-mapmri_param-rtap_dwimap.nii.gz
  [PROC] sub-134119
sub-134119 ses-1
ses-1: sub-134119_ses-1_acq-1k3k64d_space-ACPC_model-mapmri_param-rtop_dwimap.nii.gz
  [DONE] → sub-134119_ses-1_acq-1k3k64d_space-MNI152NLin2009cAsym_res-02_model-mapmri_param-rtop_dwimap.nii.gz
  [PROC] sub-134119
sub-134119 ses-1
ses-1: sub-134119_ses-1_acq-1k3k64d_space-ACPC_model-mapmri_param-rtpp_dwimap.nii.gz
  [DONE] → sub-134119_ses-1_acq-1k3k64d_space-MNI152NLin2009cAsym_res-02_model-mapmri_param-rtpp_dwimap.nii.gz
  [PROC] sub-134119
sub-134119 ses-2
ses-2: sub-134119_ses-2_acq-1k3k64d_space-ACPC_model-mapmri_param-lapnorm_dwimap.nii.gz
  [DONE] → sub-134119_ses-2_acq-1k3k64d_space-MNI152NLin2009cAsym_res-02_model-mapmri_param-lapnorm_dwimap.nii.gz
  [PROC] sub-134119
sub-134119 ses-2
ses-2: sub-134119_ses-2_acq-1k3k64d_space-ACPC_model-mapmri_param-mapcoeffs_dwimap.nii.gz
  [DONE] → sub-134119_ses-2_acq-1k3k64d_space-MNI152NLin2009cAsym_res-02_model-mapmri_param-mapcoeffs_dwimap.nii.gz
  [PROC] sub-134119
sub-134119 ses-2
ses-2: sub-134119_ses-2_acq-1k3k64d_space-ACPC_model-mapmri_param-msd_dwimap.nii.gz
  [DONE] → sub-134119_ses-2_acq-1k3k64d_space-MNI152NLin2009cAsym_res-02_model-mapmri_param-msd_dwimap.nii.gz
  [PROC] sub-134119
sub-134119 ses-2
ses-2: sub-134119_ses-2_acq-1k3k64d_space-ACPC_model-mapmri_param-qiv_dwimap.nii.gz
  [DONE] → sub-134119_ses-2_acq-1k3k64d_space-MNI152NLin2009cAsym_res-02_model-mapmri_param-qiv_dwimap.nii.gz
  [PROC] sub-134119
sub-134119 ses-2
ses-2: sub-134119_ses-2_acq-1k3k64d_space-ACPC_model-mapmri_param-rtap_dwimap.nii.gz
  [DONE] → sub-134119_ses-2_acq-1k3k64d_space-MNI152NLin2009cAsym_res-02_model-mapmri_param-rtap_dwimap.nii.gz
  [PROC] sub-134119
sub-134119 ses-2
ses-2: sub-134119_ses-2_acq-1k3k64d_space-ACPC_model-mapmri_param-rtop_dwimap.nii.gz
  [DONE] → sub-134119_ses-2_acq-1k3k64d_space-MNI152NLin2009cAsym_res-02_model-mapmri_param-rtop_dwimap.nii.gz
  [PROC] sub-134119
sub-134119 ses-2
ses-2: sub-134119_ses-2_acq-1k3k64d_space-ACPC_model-mapmri_param-rtpp_dwimap.nii.gz
  [DONE] → sub-134119_ses-2_acq-1k3k64d_space-MNI152NLin2009cAsym_res-02_model-mapmri_param-rtpp_dwimap.nii.gz
  [PROC] sub-134119
sub-134119 ses-3
ses-3: sub-134119_ses-3_acq-1k3k64d_space-ACPC_model-mapmri_param-lapnorm_dwimap.nii.gz
  [DONE] → sub-134119_ses-3_acq-1k3k64d_space-MNI152NLin2009cAsym_res-02_model-mapmri_param-lapnorm_dwimap.nii.gz
  [PROC] sub-134119
sub-134119 ses-3
ses-3: sub-134119_ses-3_acq-1k3k64d_space-ACPC_model-mapmri_param-mapcoeffs_dwimap.nii.gz
  [DONE] → sub-134119_ses-3_acq-1k3k64d_space-MNI152NLin2009cAsym_res-02_model-mapmri_param-mapcoeffs_dwimap.nii.gz
  [PROC] sub-134119
sub-134119 ses-3
ses-3: sub-134119_ses-3_acq-1k3k64d_space-ACPC_model-mapmri_param-msd_dwimap.nii.gz
  [DONE] → sub-134119_ses-3_acq-1k3k64d_space-MNI152NLin2009cAsym_res-02_model-mapmri_param-msd_dwimap.nii.gz
  [PROC] sub-134119
sub-134119 ses-3
ses-3: sub-134119_ses-3_acq-1k3k64d_space-ACPC_model-mapmri_param-rtap_dwimap.nii.gz
  [DONE] → sub-134119_ses-3_acq-1k3k64d_space-MNI152NLin2009cAsym_res-02_model-mapmri_param-rtap_dwimap.nii.gz
  [PROC] sub-134119
sub-134119 ses-3
ses-3: sub-134119_ses-3_acq-1k3k64d_space-ACPC_model-mapmri_param-qiv_dwimap.nii.gz
  [DONE] → sub-134119_ses-3_acq-1k3k64d_space-MNI152NLin2009cAsym_res-02_model-mapmri_param-qiv_dwimap.nii.gz
  [PROC] sub-134119
sub-134119 ses-3
ses-3: sub-134119_ses-3_acq-1k3k64d_space-ACPC_model-mapmri_param-rtop_dwimap.nii.gz
  [DONE] → sub-134119_ses-3_acq-1k3k64d_space-MNI152NLin2009cAsym_res-02_model-mapmri_param-rtop_dwimap.nii.gz
  [PROC] sub-134119
sub-134119 ses-3
ses-3: sub-134119_ses-3_acq-1k3k64d_space-ACPC_model-mapmri_param-rtpp_dwimap.nii.gz
  [DONE] → sub-134119_ses-3_acq-1k3k64d_space-MNI152NLin2009cAsym_res-02_model-mapmri_param-rtpp_dwimap.nii.gz
  [PROC] sub-134120
sub-134120 ses-1
ses-1: sub-134120_ses-1_acq-1k3k64d_space-ACPC_model-mapmri_param-mapcoeffs_dwimap.nii.gz
  [DONE] → sub-134120_ses-1_acq-1k3k64d_space-MNI152NLin2009cAsym_res-02_model-mapmri_param-mapcoeffs_dwimap.nii.gz
  [PROC] sub-134120
sub-134120 ses-1
ses-1: sub-134120_ses-1_acq-1k3k64d_space-ACPC_model-mapmri_param-lapnorm_dwimap.nii.gz
  [DONE] → sub-134120_ses-1_acq-1k3k64d_space-MNI152NLin2009cAsym_res-02_model-mapmri_param-lapnorm_dwimap.nii.gz
  [PROC] sub-134120
sub-134120 ses-1
ses-1: sub-134120_ses-1_acq-1k3k64d_space-ACPC_model-mapmri_param-msd_dwimap.nii.gz
  [DONE] → sub-134120_ses-1_acq-1k3k64d_space-MNI152NLin2009cAsym_res-02_model-mapmri_param-msd_dwimap.nii.gz
  [PROC] sub-134120
sub-134120 ses-1
ses-1: sub-134120_ses-1_acq-1k3k64d_space-ACPC_model-mapmri_param-qiv_dwimap.nii.gz
  [DONE] → sub-134120_ses-1_acq-1k3k64d_space-MNI152NLin2009cAsym_res-02_model-mapmri_param-qiv_dwimap.nii.gz
  [PROC] sub-134120
sub-134120 ses-1
ses-1: sub-134120_ses-1_acq-1k3k64d_space-ACPC_model-mapmri_param-rtap_dwimap.nii.gz
  [DONE] → sub-134120_ses-1_acq-1k3k64d_space-MNI152NLin2009cAsym_res-02_model-mapmri_param-rtap_dwimap.nii.gz
  [PROC] sub-134120
sub-134120 ses-1
ses-1: sub-134120_ses-1_acq-1k3k64d_space-ACPC_model-mapmri_param-rtop_dwimap.nii.gz
  [DONE] → sub-134120_ses-1_acq-1k3k64d_space-MNI152NLin2009cAsym_res-02_model-mapmri_param-rtop_dwimap.nii.gz
  [PROC] sub-134120
sub-134120 ses-1
ses-1: sub-134120_ses-1_acq-1k3k64d_space-ACPC_model-mapmri_param-rtpp_dwimap.nii.gz
  [DONE] → sub-134120_ses-1_acq-1k3k64d_space-MNI152NLin2009cAsym_res-02_model-mapmri_param-rtpp_dwimap.nii.gz
  [PROC] sub-134120
sub-134120 ses-2
ses-2: sub-134120_ses-2_acq-1k3k64d_space-ACPC_model-mapmri_param-lapnorm_dwimap.nii.gz
  [DONE] → sub-134120_ses-2_acq-1k3k64d_space-MNI152NLin2009cAsym_res-02_model-mapmri_param-lapnorm_dwimap.nii.gz
  [PROC] sub-134120
sub-134120 ses-2
ses-2: sub-134120_ses-2_acq-1k3k64d_space-ACPC_model-mapmri_param-mapcoeffs_dwimap.nii.gz
  [DONE] → sub-134120_ses-2_acq-1k3k64d_space-MNI152NLin2009cAsym_res-02_model-mapmri_param-mapcoeffs_dwimap.nii.gz
  [PROC] sub-134120
sub-134120 ses-2
ses-2: sub-134120_ses-2_acq-1k3k64d_space-ACPC_model-mapmri_param-msd_dwimap.nii.gz
  [DONE] → sub-134120_ses-2_acq-1k3k64d_space-MNI152NLin2009cAsym_res-02_model-mapmri_param-msd_dwimap.nii.gz
  [PROC] sub-134120
sub-134120 ses-2
ses-2: sub-134120_ses-2_acq-1k3k64d_space-ACPC_model-mapmri_param-qiv_dwimap.nii.gz
  [DONE] → sub-134120_ses-2_acq-1k3k64d_space-MNI152NLin2009cAsym_res-02_model-mapmri_param-qiv_dwimap.nii.gz
  [PROC] sub-134120
sub-134120 ses-2
ses-2: sub-134120_ses-2_acq-1k3k64d_space-ACPC_model-mapmri_param-rtap_dwimap.nii.gz
  [DONE] → sub-134120_ses-2_acq-1k3k64d_space-MNI152NLin2009cAsym_res-02_model-mapmri_param-rtap_dwimap.nii.gz
  [PROC] sub-134120
sub-134120 ses-2
ses-2: sub-134120_ses-2_acq-1k3k64d_space-ACPC_model-mapmri_param-rtop_dwimap.nii.gz
  [DONE] → sub-134120_ses-2_acq-1k3k64d_space-MNI152NLin2009cAsym_res-02_model-mapmri_param-rtop_dwimap.nii.gz
  [PROC] sub-134120
sub-134120 ses-2
ses-2: sub-134120_ses-2_acq-1k3k64d_space-ACPC_model-mapmri_param-rtpp_dwimap.nii.gz
  [DONE] → sub-134120_ses-2_acq-1k3k64d_space-MNI152NLin2009cAsym_res-02_model-mapmri_param-rtpp_dwimap.nii.gz
  [PROC] sub-134120
sub-134120 ses-3
ses-3: sub-134120_ses-3_acq-1k3k64d_space-ACPC_model-mapmri_param-lapnorm_dwimap.nii.gz
  [DONE] → sub-134120_ses-3_acq-1k3k64d_space-MNI152NLin2009cAsym_res-02_model-mapmri_param-lapnorm_dwimap.nii.gz
  [PROC] sub-134120
sub-134120 ses-3
ses-3: sub-134120_ses-3_acq-1k3k64d_space-ACPC_model-mapmri_param-mapcoeffs_dwimap.nii.gz
  [DONE] → sub-134120_ses-3_acq-1k3k64d_space-MNI152NLin2009cAsym_res-02_model-mapmri_param-mapcoeffs_dwimap.nii.gz
  [PROC] sub-134120
sub-134120 ses-3
ses-3: sub-134120_ses-3_acq-1k3k64d_space-ACPC_model-mapmri_param-msd_dwimap.nii.gz
  [DONE] → sub-134120_ses-3_acq-1k3k64d_space-MNI152NLin2009cAsym_res-02_model-mapmri_param-msd_dwimap.nii.gz
  [PROC] sub-134120
sub-134120 ses-3
ses-3: sub-134120_ses-3_acq-1k3k64d_space-ACPC_model-mapmri_param-qiv_dwimap.nii.gz
  [DONE] → sub-134120_ses-3_acq-1k3k64d_space-MNI152NLin2009cAsym_res-02_model-mapmri_param-qiv_dwimap.nii.gz
  [PROC] sub-134120
sub-134120 ses-3
ses-3: sub-134120_ses-3_acq-1k3k64d_space-ACPC_model-mapmri_param-rtap_dwimap.nii.gz
  [DONE] → sub-134120_ses-3_acq-1k3k64d_space-MNI152NLin2009cAsym_res-02_model-mapmri_param-rtap_dwimap.nii.gz
  [PROC] sub-134120
sub-134120 ses-3
ses-3: sub-134120_ses-3_acq-1k3k64d_space-ACPC_model-mapmri_param-rtop_dwimap.nii.gz
  [DONE] → sub-134120_ses-3_acq-1k3k64d_space-MNI152NLin2009cAsym_res-02_model-mapmri_param-rtop_dwimap.nii.gz
  [PROC] sub-134120
sub-134120 ses-3
ses-3: sub-134120_ses-3_acq-1k3k64d_space-ACPC_model-mapmri_param-rtpp_dwimap.nii.gz
  [DONE] → sub-134120_ses-3_acq-1k3k64d_space-MNI152NLin2009cAsym_res-02_model-mapmri_param-rtpp_dwimap.nii.gz
  [PROC] sub-134121
sub-134121 ses-1
ses-1: sub-134121_ses-1_acq-1k3k64d_space-ACPC_model-mapmri_param-lapnorm_dwimap.nii.gz
  [DONE] → sub-134121_ses-1_acq-1k3k64d_space-MNI152NLin2009cAsym_res-02_model-mapmri_param-lapnorm_dwimap.nii.gz
  [PROC] sub-134121
sub-134121 ses-1
ses-1: sub-134121_ses-1_acq-1k3k64d_space-ACPC_model-mapmri_param-mapcoeffs_dwimap.nii.gz
  [DONE] → sub-134121_ses-1_acq-1k3k64d_space-MNI152NLin2009cAsym_res-02_model-mapmri_param-mapcoeffs_dwimap.nii.gz
  [PROC] sub-134121
sub-134121 ses-1
ses-1: sub-134121_ses-1_acq-1k3k64d_space-ACPC_model-mapmri_param-msd_dwimap.nii.gz
  [DONE] → sub-134121_ses-1_acq-1k3k64d_space-MNI152NLin2009cAsym_res-02_model-mapmri_param-msd_dwimap.nii.gz
  [PROC] sub-134121
sub-134121 ses-1
ses-1: sub-134121_ses-1_acq-1k3k64d_space-ACPC_model-mapmri_param-qiv_dwimap.nii.gz
  [DONE] → sub-134121_ses-1_acq-1k3k64d_space-MNI152NLin2009cAsym_res-02_model-mapmri_param-qiv_dwimap.nii.gz
  [PROC] sub-134121
sub-134121 ses-1
ses-1: sub-134121_ses-1_acq-1k3k64d_space-ACPC_model-mapmri_param-rtap_dwimap.nii.gz
  [DONE] → sub-134121_ses-1_acq-1k3k64d_space-MNI152NLin2009cAsym_res-02_model-mapmri_param-rtap_dwimap.nii.gz
  [PROC] sub-134121
sub-134121 ses-1
ses-1: sub-134121_ses-1_acq-1k3k64d_space-ACPC_model-mapmri_param-rtop_dwimap.nii.gz
  [DONE] → sub-134121_ses-1_acq-1k3k64d_space-MNI152NLin2009cAsym_res-02_model-mapmri_param-rtop_dwimap.nii.gz
  [PROC] sub-134121
sub-134121 ses-1
ses-1: sub-134121_ses-1_acq-1k3k64d_space-ACPC_model-mapmri_param-rtpp_dwimap.nii.gz
  [DONE] → sub-134121_ses-1_acq-1k3k64d_space-MNI152NLin2009cAsym_res-02_model-mapmri_param-rtpp_dwimap.nii.gz
  [PROC] sub-134121
sub-134121 ses-2
ses-2: sub-134121_ses-2_acq-1k3k64d_space-ACPC_model-mapmri_param-lapnorm_dwimap.nii.gz
  [DONE] → sub-134121_ses-2_acq-1k3k64d_space-MNI152NLin2009cAsym_res-02_model-mapmri_param-lapnorm_dwimap.nii.gz
  [PROC] sub-134121
sub-134121 ses-2
ses-2: sub-134121_ses-2_acq-1k3k64d_space-ACPC_model-mapmri_param-mapcoeffs_dwimap.nii.gz
  [DONE] → sub-134121_ses-2_acq-1k3k64d_space-MNI152NLin2009cAsym_res-02_model-mapmri_param-mapcoeffs_dwimap.nii.gz
  [PROC] sub-134121
sub-134121 ses-2
ses-2: sub-134121_ses-2_acq-1k3k64d_space-ACPC_model-mapmri_param-msd_dwimap.nii.gz
  [DONE] → sub-134121_ses-2_acq-1k3k64d_space-MNI152NLin2009cAsym_res-02_model-mapmri_param-msd_dwimap.nii.gz
  [PROC] sub-134121
sub-134121 ses-2
ses-2: sub-134121_ses-2_acq-1k3k64d_space-ACPC_model-mapmri_param-qiv_dwimap.nii.gz
  [DONE] → sub-134121_ses-2_acq-1k3k64d_space-MNI152NLin2009cAsym_res-02_model-mapmri_param-qiv_dwimap.nii.gz
  [PROC] sub-134121
sub-134121 ses-2
ses-2: sub-134121_ses-2_acq-1k3k64d_space-ACPC_model-mapmri_param-rtap_dwimap.nii.gz
  [DONE] → sub-134121_ses-2_acq-1k3k64d_space-MNI152NLin2009cAsym_res-02_model-mapmri_param-rtap_dwimap.nii.gz
  [PROC] sub-134121
sub-134121 ses-2
ses-2: sub-134121_ses-2_acq-1k3k64d_space-ACPC_model-mapmri_param-rtop_dwimap.nii.gz
  [DONE] → sub-134121_ses-2_acq-1k3k64d_space-MNI152NLin2009cAsym_res-02_model-mapmri_param-rtop_dwimap.nii.gz
  [PROC] sub-134121
sub-134121 ses-2
ses-2: sub-134121_ses-2_acq-1k3k64d_space-ACPC_model-mapmri_param-rtpp_dwimap.nii.gz
  [DONE] → sub-134121_ses-2_acq-1k3k64d_space-MNI152NLin2009cAsym_res-02_model-mapmri_param-rtpp_dwimap.nii.gz
  [PROC] sub-134121
sub-134121 ses-3
ses-3: sub-134121_ses-3_acq-1k3k64d_space-ACPC_model-mapmri_param-lapnorm_dwimap.nii.gz
  [DONE] → sub-134121_ses-3_acq-1k3k64d_space-MNI152NLin2009cAsym_res-02_model-mapmri_param-lapnorm_dwimap.nii.gz
  [PROC] sub-134121
sub-134121 ses-3
ses-3: sub-134121_ses-3_acq-1k3k64d_space-ACPC_model-mapmri_param-mapcoeffs_dwimap.nii.gz
  [DONE] → sub-134121_ses-3_acq-1k3k64d_space-MNI152NLin2009cAsym_res-02_model-mapmri_param-mapcoeffs_dwimap.nii.gz
  [PROC] sub-134121
sub-134121 ses-3
ses-3: sub-134121_ses-3_acq-1k3k64d_space-ACPC_model-mapmri_param-msd_dwimap.nii.gz
  [DONE] → sub-134121_ses-3_acq-1k3k64d_space-MNI152NLin2009cAsym_res-02_model-mapmri_param-msd_dwimap.nii.gz
  [PROC] sub-134121
sub-134121 ses-3
ses-3: sub-134121_ses-3_acq-1k3k64d_space-ACPC_model-mapmri_param-qiv_dwimap.nii.gz
  [DONE] → sub-134121_ses-3_acq-1k3k64d_space-MNI152NLin2009cAsym_res-02_model-mapmri_param-qiv_dwimap.nii.gz
  [PROC] sub-134121
sub-134121 ses-3
ses-3: sub-134121_ses-3_acq-1k3k64d_space-ACPC_model-mapmri_param-rtap_dwimap.nii.gz
  [DONE] → sub-134121_ses-3_acq-1k3k64d_space-MNI152NLin2009cAsym_res-02_model-mapmri_param-rtap_dwimap.nii.gz
  [PROC] sub-134121
sub-134121 ses-3
ses-3: sub-134121_ses-3_acq-1k3k64d_space-ACPC_model-mapmri_param-rtop_dwimap.nii.gz
  [DONE] → sub-134121_ses-3_acq-1k3k64d_space-MNI152NLin2009cAsym_res-02_model-mapmri_param-rtop_dwimap.nii.gz
  [PROC] sub-134121
sub-134121 ses-3
ses-3: sub-134121_ses-3_acq-1k3k64d_space-ACPC_model-mapmri_param-rtpp_dwimap.nii.gz
  [DONE] → sub-134121_ses-3_acq-1k3k64d_space-MNI152NLin2009cAsym_res-02_model-mapmri_param-rtpp_dwimap.nii.gz

Building ModelArray directory tree: /data/local/134_AF19/derivatives/qsirecon/derivatives
  Symlinks created: 2142
  Scalars found   : lapnorm_dwimap mapcoeffs_dwimap msd_dwimap qiv_dwimap qsirecon-DIPYMAPMRI qsirecon-MRtrix3_act-HSVS qsirecon-NODDI rtap_dwimap rtop_dwimap rtpp_dwimap 

============================================================
 Done
 Processed : 2142
 Skipped   : 0
 Failed    : 0
 ModelArray : /data/local/134_AF19/derivatives/qsirecon/derivatives
============================================================

[Finished 2026-03-30T08:14:48.174537  exit=0]
